orderID,productID,unitPrice,quantity,discount,customerID,employeeID,orderDate,productName,categoryID,discontinued,categoryName,companyName,country,firstName,lastName,title,revenue
10248,11,14.0,12,0.0,VINET,5,2024-07-04,Queso Cabrales,4,0,Dairy Products,Vins et alcools Chevalier,France,Steven,Buchanan,Sales Manager,168.0
10248,42,9.8,10,0.0,VINET,5,2024-07-04,Singaporean Hokkien Fried Mee,5,1,Grains/Cereals,Vins et alcools Chevalier,France,Steven,Buchanan,Sales Manager,98.0
10248,72,34.8,5,0.0,VINET,5,2024-07-04,Mozzarella di Giovanni,4,0,Dairy Products,Vins et alcools Chevalier,France,Steven,Buchanan,Sales Manager,174.0
10249,14,18.6,9,0.0,TOMSP,6,2024-07-05,Tofu,7,0,Produce,Toms Spezialitäten,Germany,Michael,Suyama,Sales Representative,167.4
10249,51,42.4,40,0.0,TOMSP,6,2024-07-05,Manjimup Dried Apples,7,0,Produce,Toms Spezialitäten,Germany,Michael,Suyama,Sales Representative,1696.0
10250,41,7.7,10,0.0,HANAR,4,2024-07-08,Jack's New England Clam Chowder,8,0,Seafood,Hanari Carnes,Brazil,Margaret,Peacock,Sales Representative,77.0
10250,51,42.4,35,0.15,HANAR,4,2024-07-08,Manjimup Dried Apples,7,0,Produce,Hanari Carnes,Brazil,Margaret,Peacock,Sales Representative,1261.3999999999999
10250,65,16.8,15,0.15,HANAR,4,2024-07-08,Louisiana Fiery Hot Pepper Sauce,2,0,Condiments,Hanari Carnes,Brazil,Margaret,Peacock,Sales Representative,214.2
10251,22,16.8,6,0.05,VICTE,3,2024-07-08,Gustaf's Knäckebröd,5,0,Grains/Cereals,Victuailles en stock,France,Janet,Leverling,Sales Representative,95.76
10251,57,15.6,15,0.05,VICTE,3,2024-07-08,Ravioli Angelo,5,0,Grains/Cereals,Victuailles en stock,France,Janet,Leverling,Sales Representative,222.29999999999998
10251,65,16.8,20,0.0,VICTE,3,2024-07-08,Louisiana Fiery Hot Pepper Sauce,2,0,Condiments,Victuailles en stock,France,Janet,Leverling,Sales Representative,336.0
10252,20,64.8,40,0.05,SUPRD,4,2024-07-09,Sir Rodney's Marmalade,3,0,Confections,Suprêmes délices,Belgium,Margaret,Peacock,Sales Representative,2462.4
10252,33,2.0,25,0.05,SUPRD,4,2024-07-09,Geitost,4,0,Dairy Products,Suprêmes délices,Belgium,Margaret,Peacock,Sales Representative,47.5
10252,60,27.2,40,0.0,SUPRD,4,2024-07-09,Camembert Pierrot,4,0,Dairy Products,Suprêmes délices,Belgium,Margaret,Peacock,Sales Representative,1088.0
10253,31,10.0,20,0.0,HANAR,3,2024-07-10,Gorgonzola Telino,4,0,Dairy Products,Hanari Carnes,Brazil,Janet,Leverling,Sales Representative,200.0
10253,39,14.4,42,0.0,HANAR,3,2024-07-10,Chartreuse verte,1,0,Beverages,Hanari Carnes,Brazil,Janet,Leverling,Sales Representative,604.8000000000001
10253,49,16.0,40,0.0,HANAR,3,2024-07-10,Maxilaku,3,0,Confections,Hanari Carnes,Brazil,Janet,Leverling,Sales Representative,640.0
10254,24,3.6,15,0.15,CHOPS,5,2024-07-11,Guaraná Fantástica,1,1,Beverages,Chop-suey Chinese,Switzerland,Steven,Buchanan,Sales Manager,45.9
10254,55,19.2,21,0.15,CHOPS,5,2024-07-11,Pâté chinois,6,0,Meat/Poultry,Chop-suey Chinese,Switzerland,Steven,Buchanan,Sales Manager,342.71999999999997
10254,74,8.0,21,0.0,CHOPS,5,2024-07-11,Longlife Tofu,7,0,Produce,Chop-suey Chinese,Switzerland,Steven,Buchanan,Sales Manager,168.0
10255,2,15.2,20,0.0,RICSU,9,2024-07-12,Chang,1,0,Beverages,Richter Supermarkt,Switzerland,Anne,Dodsworth,Sales Representative,304.0
10255,16,13.9,35,0.0,RICSU,9,2024-07-12,Pavlova,3,0,Confections,Richter Supermarkt,Switzerland,Anne,Dodsworth,Sales Representative,486.5
10255,36,15.2,25,0.0,RICSU,9,2024-07-12,Inlagd Sill,8,0,Seafood,Richter Supermarkt,Switzerland,Anne,Dodsworth,Sales Representative,380.0
10255,59,44.0,30,0.0,RICSU,9,2024-07-12,Raclette Courdavault,4,0,Dairy Products,Richter Supermarkt,Switzerland,Anne,Dodsworth,Sales Representative,1320.0
10256,53,26.2,15,0.0,WELLI,3,2024-07-15,Perth Pasties,6,1,Meat/Poultry,Wellington Importadora,Brazil,Janet,Leverling,Sales Representative,393.0
10256,77,10.4,12,0.0,WELLI,3,2024-07-15,Original Frankfurter grüne Soße,2,0,Condiments,Wellington Importadora,Brazil,Janet,Leverling,Sales Representative,124.80000000000001
10257,27,35.1,25,0.0,HILAA,4,2024-07-16,Schoggi Schokolade,3,0,Confections,HILARION-Abastos,Venezuela,Margaret,Peacock,Sales Representative,877.5
10257,39,14.4,6,0.0,HILAA,4,2024-07-16,Chartreuse verte,1,0,Beverages,HILARION-Abastos,Venezuela,Margaret,Peacock,Sales Representative,86.4
10257,77,10.4,15,0.0,HILAA,4,2024-07-16,Original Frankfurter grüne Soße,2,0,Condiments,HILARION-Abastos,Venezuela,Margaret,Peacock,Sales Representative,156.0
10258,2,15.2,50,0.2,ERNSH,1,2024-07-17,Chang,1,0,Beverages,Ernst Handel,Austria,Nancy,Davolio,Sales Representative,608.0
10258,5,17.0,65,0.2,ERNSH,1,2024-07-17,Chef Anton's Gumbo Mix,2,1,Condiments,Ernst Handel,Austria,Nancy,Davolio,Sales Representative,884.0
10258,32,25.6,6,0.2,ERNSH,1,2024-07-17,Mascarpone Fabioli,4,0,Dairy Products,Ernst Handel,Austria,Nancy,Davolio,Sales Representative,122.88000000000002
10259,21,8.0,10,0.0,CENTC,4,2024-07-18,Sir Rodney's Scones,3,0,Confections,Centro comercial Moctezuma,Mexico,Margaret,Peacock,Sales Representative,80.0
10259,37,20.8,1,0.0,CENTC,4,2024-07-18,Gravad lax,8,0,Seafood,Centro comercial Moctezuma,Mexico,Margaret,Peacock,Sales Representative,20.8
10260,41,7.7,16,0.25,OTTIK,4,2024-07-19,Jack's New England Clam Chowder,8,0,Seafood,Ottilies Käseladen,Germany,Margaret,Peacock,Sales Representative,92.4
10260,57,15.6,50,0.0,OTTIK,4,2024-07-19,Ravioli Angelo,5,0,Grains/Cereals,Ottilies Käseladen,Germany,Margaret,Peacock,Sales Representative,780.0
10260,62,39.4,15,0.25,OTTIK,4,2024-07-19,Tarte au sucre,3,0,Confections,Ottilies Käseladen,Germany,Margaret,Peacock,Sales Representative,443.25
10260,70,12.0,21,0.25,OTTIK,4,2024-07-19,Outback Lager,1,0,Beverages,Ottilies Käseladen,Germany,Margaret,Peacock,Sales Representative,189.0
10261,21,8.0,20,0.0,QUEDE,4,2024-07-19,Sir Rodney's Scones,3,0,Confections,Que Delícia,Brazil,Margaret,Peacock,Sales Representative,160.0
10261,35,14.4,20,0.0,QUEDE,4,2024-07-19,Steeleye Stout,1,0,Beverages,Que Delícia,Brazil,Margaret,Peacock,Sales Representative,288.0
10262,5,17.0,12,0.2,RATTC,8,2024-07-22,Chef Anton's Gumbo Mix,2,1,Condiments,Rattlesnake Canyon Grocery,USA,Laura,Callahan,Inside Sales Coordinator,163.20000000000002
10262,7,24.0,15,0.0,RATTC,8,2024-07-22,Uncle Bob's Organic Dried Pears,7,0,Produce,Rattlesnake Canyon Grocery,USA,Laura,Callahan,Inside Sales Coordinator,360.0
10262,56,30.4,2,0.0,RATTC,8,2024-07-22,Gnocchi di nonna Alice,5,0,Grains/Cereals,Rattlesnake Canyon Grocery,USA,Laura,Callahan,Inside Sales Coordinator,60.8
10263,16,13.9,60,0.25,ERNSH,9,2024-07-23,Pavlova,3,0,Confections,Ernst Handel,Austria,Anne,Dodsworth,Sales Representative,625.5
10263,24,3.6,28,0.0,ERNSH,9,2024-07-23,Guaraná Fantástica,1,1,Beverages,Ernst Handel,Austria,Anne,Dodsworth,Sales Representative,100.8
10263,30,20.7,60,0.25,ERNSH,9,2024-07-23,Nord-Ost Matjeshering,8,0,Seafood,Ernst Handel,Austria,Anne,Dodsworth,Sales Representative,931.5
10263,74,8.0,36,0.25,ERNSH,9,2024-07-23,Longlife Tofu,7,0,Produce,Ernst Handel,Austria,Anne,Dodsworth,Sales Representative,216.0
10264,2,15.2,35,0.0,FOLKO,6,2024-07-24,Chang,1,0,Beverages,Folk och fä HB,Sweden,Michael,Suyama,Sales Representative,532.0
10264,41,7.7,25,0.15,FOLKO,6,2024-07-24,Jack's New England Clam Chowder,8,0,Seafood,Folk och fä HB,Sweden,Michael,Suyama,Sales Representative,163.625
10265,17,31.2,30,0.0,BLONP,2,2024-07-25,Alice Mutton,6,1,Meat/Poultry,Blondesddsl père et fils,France,Andrew,Fuller,Vice President Sales,936.0
10265,70,12.0,20,0.0,BLONP,2,2024-07-25,Outback Lager,1,0,Beverages,Blondesddsl père et fils,France,Andrew,Fuller,Vice President Sales,240.0
10266,12,30.4,12,0.05,WARTH,3,2024-07-26,Queso Manchego La Pastora,4,0,Dairy Products,Wartian Herkku,Finland,Janet,Leverling,Sales Representative,346.55999999999995
10267,40,14.7,50,0.0,FRANK,4,2024-07-29,Boston Crab Meat,8,0,Seafood,Frankenversand,Germany,Margaret,Peacock,Sales Representative,735.0
10267,59,44.0,70,0.15,FRANK,4,2024-07-29,Raclette Courdavault,4,0,Dairy Products,Frankenversand,Germany,Margaret,Peacock,Sales Representative,2618.0
10267,76,14.4,15,0.15,FRANK,4,2024-07-29,Lakkalikööri,1,0,Beverages,Frankenversand,Germany,Margaret,Peacock,Sales Representative,183.6
10268,29,99.0,10,0.0,GROSR,8,2024-07-30,Thüringer Rostbratwurst,6,1,Meat/Poultry,GROSELLA-Restaurante,Venezuela,Laura,Callahan,Inside Sales Coordinator,990.0
10268,72,27.8,4,0.0,GROSR,8,2024-07-30,Mozzarella di Giovanni,4,0,Dairy Products,GROSELLA-Restaurante,Venezuela,Laura,Callahan,Inside Sales Coordinator,111.2
10269,33,2.0,60,0.05,WHITC,5,2024-07-31,Geitost,4,0,Dairy Products,White Clover Markets,USA,Steven,Buchanan,Sales Manager,114.0
10269,72,27.8,20,0.05,WHITC,5,2024-07-31,Mozzarella di Giovanni,4,0,Dairy Products,White Clover Markets,USA,Steven,Buchanan,Sales Manager,528.1999999999999
10270,36,15.2,30,0.0,WARTH,1,2024-08-01,Inlagd Sill,8,0,Seafood,Wartian Herkku,Finland,Nancy,Davolio,Sales Representative,456.0
10270,43,36.8,25,0.0,WARTH,1,2024-08-01,Ipoh Coffee,1,0,Beverages,Wartian Herkku,Finland,Nancy,Davolio,Sales Representative,919.9999999999999
10271,33,2.0,24,0.0,SPLIR,6,2024-08-01,Geitost,4,0,Dairy Products,Split Rail Beer & Ale,USA,Michael,Suyama,Sales Representative,48.0
10272,20,64.8,6,0.0,RATTC,6,2024-08-02,Sir Rodney's Marmalade,3,0,Confections,Rattlesnake Canyon Grocery,USA,Michael,Suyama,Sales Representative,388.79999999999995
10272,31,10.0,40,0.0,RATTC,6,2024-08-02,Gorgonzola Telino,4,0,Dairy Products,Rattlesnake Canyon Grocery,USA,Michael,Suyama,Sales Representative,400.0
10272,72,27.8,24,0.0,RATTC,6,2024-08-02,Mozzarella di Giovanni,4,0,Dairy Products,Rattlesnake Canyon Grocery,USA,Michael,Suyama,Sales Representative,667.2
10273,10,24.8,24,0.05,QUICK,3,2024-08-05,Ikura,8,0,Seafood,QUICK-Stop,Germany,Janet,Leverling,Sales Representative,565.44
10273,31,10.0,15,0.05,QUICK,3,2024-08-05,Gorgonzola Telino,4,0,Dairy Products,QUICK-Stop,Germany,Janet,Leverling,Sales Representative,142.5
10273,33,2.0,20,0.0,QUICK,3,2024-08-05,Geitost,4,0,Dairy Products,QUICK-Stop,Germany,Janet,Leverling,Sales Representative,40.0
10273,40,14.7,60,0.05,QUICK,3,2024-08-05,Boston Crab Meat,8,0,Seafood,QUICK-Stop,Germany,Janet,Leverling,Sales Representative,837.9
10273,76,14.4,33,0.05,QUICK,3,2024-08-05,Lakkalikööri,1,0,Beverages,QUICK-Stop,Germany,Janet,Leverling,Sales Representative,451.43999999999994
10274,71,17.2,20,0.0,VINET,6,2024-08-06,Flotemysost,4,0,Dairy Products,Vins et alcools Chevalier,France,Michael,Suyama,Sales Representative,344.0
10274,72,27.8,7,0.0,VINET,6,2024-08-06,Mozzarella di Giovanni,4,0,Dairy Products,Vins et alcools Chevalier,France,Michael,Suyama,Sales Representative,194.6
10275,24,3.6,12,0.05,MAGAA,1,2024-08-07,Guaraná Fantástica,1,1,Beverages,Magazzini Alimentari Riuniti,Italy,Nancy,Davolio,Sales Representative,41.04
10275,59,44.0,6,0.05,MAGAA,1,2024-08-07,Raclette Courdavault,4,0,Dairy Products,Magazzini Alimentari Riuniti,Italy,Nancy,Davolio,Sales Representative,250.79999999999998
10276,10,24.8,15,0.0,TORTU,8,2024-08-08,Ikura,8,0,Seafood,Tortuga Restaurante,Mexico,Laura,Callahan,Inside Sales Coordinator,372.0
10276,13,4.8,10,0.0,TORTU,8,2024-08-08,Konbu,8,0,Seafood,Tortuga Restaurante,Mexico,Laura,Callahan,Inside Sales Coordinator,48.0
10277,28,36.4,20,0.0,MORGK,2,2024-08-09,Rössle Sauerkraut,7,1,Produce,Morgenstern Gesundkost,Germany,Andrew,Fuller,Vice President Sales,728.0
10277,62,39.4,12,0.0,MORGK,2,2024-08-09,Tarte au sucre,3,0,Confections,Morgenstern Gesundkost,Germany,Andrew,Fuller,Vice President Sales,472.79999999999995
10278,44,15.5,16,0.0,BERGS,8,2024-08-12,Gula Malacca,2,0,Condiments,Berglunds snabbköp,Sweden,Laura,Callahan,Inside Sales Coordinator,248.0
10278,59,44.0,15,0.0,BERGS,8,2024-08-12,Raclette Courdavault,4,0,Dairy Products,Berglunds snabbköp,Sweden,Laura,Callahan,Inside Sales Coordinator,660.0
10278,63,35.1,8,0.0,BERGS,8,2024-08-12,Vegie-spread,2,0,Condiments,Berglunds snabbköp,Sweden,Laura,Callahan,Inside Sales Coordinator,280.8
10278,73,12.0,25,0.0,BERGS,8,2024-08-12,Röd Kaviar,8,0,Seafood,Berglunds snabbköp,Sweden,Laura,Callahan,Inside Sales Coordinator,300.0
10279,17,31.2,15,0.25,LEHMS,8,2024-08-13,Alice Mutton,6,1,Meat/Poultry,Lehmanns Marktstand,Germany,Laura,Callahan,Inside Sales Coordinator,351.0
10280,24,3.6,12,0.0,BERGS,2,2024-08-14,Guaraná Fantástica,1,1,Beverages,Berglunds snabbköp,Sweden,Andrew,Fuller,Vice President Sales,43.2
10280,55,19.2,20,0.0,BERGS,2,2024-08-14,Pâté chinois,6,0,Meat/Poultry,Berglunds snabbköp,Sweden,Andrew,Fuller,Vice President Sales,384.0
10280,75,6.2,30,0.0,BERGS,2,2024-08-14,Rhönbräu Klosterbier,1,0,Beverages,Berglunds snabbköp,Sweden,Andrew,Fuller,Vice President Sales,186.0
10281,19,7.3,1,0.0,ROMEY,4,2024-08-14,Teatime Chocolate Biscuits,3,0,Confections,Romero y tomillo,Spain,Margaret,Peacock,Sales Representative,7.3
10281,24,3.6,6,0.0,ROMEY,4,2024-08-14,Guaraná Fantástica,1,1,Beverages,Romero y tomillo,Spain,Margaret,Peacock,Sales Representative,21.6
10281,35,14.4,4,0.0,ROMEY,4,2024-08-14,Steeleye Stout,1,0,Beverages,Romero y tomillo,Spain,Margaret,Peacock,Sales Representative,57.6
10282,30,20.7,6,0.0,ROMEY,4,2024-08-15,Nord-Ost Matjeshering,8,0,Seafood,Romero y tomillo,Spain,Margaret,Peacock,Sales Representative,124.19999999999999
10282,57,15.6,2,0.0,ROMEY,4,2024-08-15,Ravioli Angelo,5,0,Grains/Cereals,Romero y tomillo,Spain,Margaret,Peacock,Sales Representative,31.2
10283,15,12.4,20,0.0,LILAS,3,2024-08-16,Genen Shouyu,2,0,Condiments,LILA-Supermercado,Venezuela,Janet,Leverling,Sales Representative,248.0
10283,19,7.3,18,0.0,LILAS,3,2024-08-16,Teatime Chocolate Biscuits,3,0,Confections,LILA-Supermercado,Venezuela,Janet,Leverling,Sales Representative,131.4
10283,60,27.2,35,0.0,LILAS,3,2024-08-16,Camembert Pierrot,4,0,Dairy Products,LILA-Supermercado,Venezuela,Janet,Leverling,Sales Representative,952.0
10283,72,27.8,3,0.0,LILAS,3,2024-08-16,Mozzarella di Giovanni,4,0,Dairy Products,LILA-Supermercado,Venezuela,Janet,Leverling,Sales Representative,83.4
10284,27,35.1,15,0.25,LEHMS,4,2024-08-19,Schoggi Schokolade,3,0,Confections,Lehmanns Marktstand,Germany,Margaret,Peacock,Sales Representative,394.875
10284,44,15.5,21,0.0,LEHMS,4,2024-08-19,Gula Malacca,2,0,Condiments,Lehmanns Marktstand,Germany,Margaret,Peacock,Sales Representative,325.5
10284,60,27.2,20,0.25,LEHMS,4,2024-08-19,Camembert Pierrot,4,0,Dairy Products,Lehmanns Marktstand,Germany,Margaret,Peacock,Sales Representative,408.0
10284,67,11.2,5,0.25,LEHMS,4,2024-08-19,Laughing Lumberjack Lager,1,0,Beverages,Lehmanns Marktstand,Germany,Margaret,Peacock,Sales Representative,42.0
10285,1,14.4,45,0.2,QUICK,1,2024-08-20,Chai,1,0,Beverages,QUICK-Stop,Germany,Nancy,Davolio,Sales Representative,518.4
10285,40,14.7,40,0.2,QUICK,1,2024-08-20,Boston Crab Meat,8,0,Seafood,QUICK-Stop,Germany,Nancy,Davolio,Sales Representative,470.40000000000003
10285,53,26.2,36,0.2,QUICK,1,2024-08-20,Perth Pasties,6,1,Meat/Poultry,QUICK-Stop,Germany,Nancy,Davolio,Sales Representative,754.56
10286,35,14.4,100,0.0,QUICK,8,2024-08-21,Steeleye Stout,1,0,Beverages,QUICK-Stop,Germany,Laura,Callahan,Inside Sales Coordinator,1440.0
10286,62,39.4,40,0.0,QUICK,8,2024-08-21,Tarte au sucre,3,0,Confections,QUICK-Stop,Germany,Laura,Callahan,Inside Sales Coordinator,1576.0
10287,16,13.9,40,0.15,RICAR,8,2024-08-22,Pavlova,3,0,Confections,Ricardo Adocicados,Brazil,Laura,Callahan,Inside Sales Coordinator,472.59999999999997
10287,34,11.2,20,0.0,RICAR,8,2024-08-22,Sasquatch Ale,1,0,Beverages,Ricardo Adocicados,Brazil,Laura,Callahan,Inside Sales Coordinator,224.0
10287,46,9.6,15,0.15,RICAR,8,2024-08-22,Spegesild,8,0,Seafood,Ricardo Adocicados,Brazil,Laura,Callahan,Inside Sales Coordinator,122.39999999999999
10288,54,5.9,10,0.1,REGGC,4,2024-08-23,Tourtière,6,0,Meat/Poultry,Reggiani Caseifici,Italy,Margaret,Peacock,Sales Representative,53.1
10288,68,10.0,3,0.1,REGGC,4,2024-08-23,Scottish Longbreads,3,0,Confections,Reggiani Caseifici,Italy,Margaret,Peacock,Sales Representative,27.0
10289,3,8.0,30,0.0,BSBEV,7,2024-08-26,Aniseed Syrup,2,0,Condiments,B's Beverages,UK,Robert,King,Sales Representative,240.0
10289,64,26.6,9,0.0,BSBEV,7,2024-08-26,Wimmers gute Semmelknödel,5,0,Grains/Cereals,B's Beverages,UK,Robert,King,Sales Representative,239.4
10290,5,17.0,20,0.0,COMMI,8,2024-08-27,Chef Anton's Gumbo Mix,2,1,Condiments,Comércio Mineiro,Brazil,Laura,Callahan,Inside Sales Coordinator,340.0
10290,29,99.0,15,0.0,COMMI,8,2024-08-27,Thüringer Rostbratwurst,6,1,Meat/Poultry,Comércio Mineiro,Brazil,Laura,Callahan,Inside Sales Coordinator,1485.0
10290,49,16.0,15,0.0,COMMI,8,2024-08-27,Maxilaku,3,0,Confections,Comércio Mineiro,Brazil,Laura,Callahan,Inside Sales Coordinator,240.0
10290,77,10.4,10,0.0,COMMI,8,2024-08-27,Original Frankfurter grüne Soße,2,0,Condiments,Comércio Mineiro,Brazil,Laura,Callahan,Inside Sales Coordinator,104.0
10291,13,4.8,20,0.1,QUEDE,6,2024-08-27,Konbu,8,0,Seafood,Que Delícia,Brazil,Michael,Suyama,Sales Representative,86.4
10291,44,15.5,24,0.1,QUEDE,6,2024-08-27,Gula Malacca,2,0,Condiments,Que Delícia,Brazil,Michael,Suyama,Sales Representative,334.8
10291,51,42.4,2,0.1,QUEDE,6,2024-08-27,Manjimup Dried Apples,7,0,Produce,Que Delícia,Brazil,Michael,Suyama,Sales Representative,76.32
10292,20,64.8,20,0.0,TRADH,1,2024-08-28,Sir Rodney's Marmalade,3,0,Confections,Tradição Hipermercados,Brazil,Nancy,Davolio,Sales Representative,1296.0
10293,18,50.0,12,0.0,TORTU,1,2024-08-29,Carnarvon Tigers,8,0,Seafood,Tortuga Restaurante,Mexico,Nancy,Davolio,Sales Representative,600.0
10293,24,3.6,10,0.0,TORTU,1,2024-08-29,Guaraná Fantástica,1,1,Beverages,Tortuga Restaurante,Mexico,Nancy,Davolio,Sales Representative,36.0
10293,63,35.1,5,0.0,TORTU,1,2024-08-29,Vegie-spread,2,0,Condiments,Tortuga Restaurante,Mexico,Nancy,Davolio,Sales Representative,175.5
10293,75,6.2,6,0.0,TORTU,1,2024-08-29,Rhönbräu Klosterbier,1,0,Beverages,Tortuga Restaurante,Mexico,Nancy,Davolio,Sales Representative,37.2
10294,1,14.4,18,0.0,RATTC,4,2024-08-30,Chai,1,0,Beverages,Rattlesnake Canyon Grocery,USA,Margaret,Peacock,Sales Representative,259.2
10294,17,31.2,15,0.0,RATTC,4,2024-08-30,Alice Mutton,6,1,Meat/Poultry,Rattlesnake Canyon Grocery,USA,Margaret,Peacock,Sales Representative,468.0
10294,43,36.8,15,0.0,RATTC,4,2024-08-30,Ipoh Coffee,1,0,Beverages,Rattlesnake Canyon Grocery,USA,Margaret,Peacock,Sales Representative,552.0
10294,60,27.2,21,0.0,RATTC,4,2024-08-30,Camembert Pierrot,4,0,Dairy Products,Rattlesnake Canyon Grocery,USA,Margaret,Peacock,Sales Representative,571.1999999999999
10294,75,6.2,6,0.0,RATTC,4,2024-08-30,Rhönbräu Klosterbier,1,0,Beverages,Rattlesnake Canyon Grocery,USA,Margaret,Peacock,Sales Representative,37.2
10295,56,30.4,4,0.0,VINET,2,2024-09-02,Gnocchi di nonna Alice,5,0,Grains/Cereals,Vins et alcools Chevalier,France,Andrew,Fuller,Vice President Sales,121.6
10296,11,16.8,12,0.0,LILAS,6,2024-09-03,Queso Cabrales,4,0,Dairy Products,LILA-Supermercado,Venezuela,Michael,Suyama,Sales Representative,201.60000000000002
10296,16,13.9,30,0.0,LILAS,6,2024-09-03,Pavlova,3,0,Confections,LILA-Supermercado,Venezuela,Michael,Suyama,Sales Representative,417.0
10296,69,28.8,15,0.0,LILAS,6,2024-09-03,Gudbrandsdalsost,4,0,Dairy Products,LILA-Supermercado,Venezuela,Michael,Suyama,Sales Representative,432.0
10297,39,14.4,60,0.0,BLONP,5,2024-09-04,Chartreuse verte,1,0,Beverages,Blondesddsl père et fils,France,Steven,Buchanan,Sales Manager,864.0
10297,72,27.8,20,0.0,BLONP,5,2024-09-04,Mozzarella di Giovanni,4,0,Dairy Products,Blondesddsl père et fils,France,Steven,Buchanan,Sales Manager,556.0
10298,2,15.2,40,0.0,HUNGO,6,2024-09-05,Chang,1,0,Beverages,Hungry Owl All-Night Grocers,Ireland,Michael,Suyama,Sales Representative,608.0
10298,36,15.2,40,0.25,HUNGO,6,2024-09-05,Inlagd Sill,8,0,Seafood,Hungry Owl All-Night Grocers,Ireland,Michael,Suyama,Sales Representative,456.0
10298,59,44.0,30,0.25,HUNGO,6,2024-09-05,Raclette Courdavault,4,0,Dairy Products,Hungry Owl All-Night Grocers,Ireland,Michael,Suyama,Sales Representative,990.0
10298,62,39.4,15,0.0,HUNGO,6,2024-09-05,Tarte au sucre,3,0,Confections,Hungry Owl All-Night Grocers,Ireland,Michael,Suyama,Sales Representative,591.0
10299,19,7.3,15,0.0,RICAR,4,2024-09-06,Teatime Chocolate Biscuits,3,0,Confections,Ricardo Adocicados,Brazil,Margaret,Peacock,Sales Representative,109.5
10299,70,12.0,20,0.0,RICAR,4,2024-09-06,Outback Lager,1,0,Beverages,Ricardo Adocicados,Brazil,Margaret,Peacock,Sales Representative,240.0
10300,66,13.6,30,0.0,MAGAA,2,2024-09-09,Louisiana Hot Spiced Okra,2,0,Condiments,Magazzini Alimentari Riuniti,Italy,Andrew,Fuller,Vice President Sales,408.0
10300,68,10.0,20,0.0,MAGAA,2,2024-09-09,Scottish Longbreads,3,0,Confections,Magazzini Alimentari Riuniti,Italy,Andrew,Fuller,Vice President Sales,200.0
10301,40,14.7,10,0.0,WANDK,8,2024-09-09,Boston Crab Meat,8,0,Seafood,Die Wandernde Kuh,Germany,Laura,Callahan,Inside Sales Coordinator,147.0
10301,56,30.4,20,0.0,WANDK,8,2024-09-09,Gnocchi di nonna Alice,5,0,Grains/Cereals,Die Wandernde Kuh,Germany,Laura,Callahan,Inside Sales Coordinator,608.0
10302,17,31.2,40,0.0,SUPRD,4,2024-09-10,Alice Mutton,6,1,Meat/Poultry,Suprêmes délices,Belgium,Margaret,Peacock,Sales Representative,1248.0
10302,28,36.4,28,0.0,SUPRD,4,2024-09-10,Rössle Sauerkraut,7,1,Produce,Suprêmes délices,Belgium,Margaret,Peacock,Sales Representative,1019.1999999999999
10302,43,36.8,12,0.0,SUPRD,4,2024-09-10,Ipoh Coffee,1,0,Beverages,Suprêmes délices,Belgium,Margaret,Peacock,Sales Representative,441.59999999999997
10303,40,14.7,40,0.1,GODOS,7,2024-09-11,Boston Crab Meat,8,0,Seafood,Godos Cocina Típica,Spain,Robert,King,Sales Representative,529.2
10303,65,16.8,30,0.1,GODOS,7,2024-09-11,Louisiana Fiery Hot Pepper Sauce,2,0,Condiments,Godos Cocina Típica,Spain,Robert,King,Sales Representative,453.6
10303,68,10.0,15,0.1,GODOS,7,2024-09-11,Scottish Longbreads,3,0,Confections,Godos Cocina Típica,Spain,Robert,King,Sales Representative,135.0
10304,49,16.0,30,0.0,TORTU,1,2024-09-12,Maxilaku,3,0,Confections,Tortuga Restaurante,Mexico,Nancy,Davolio,Sales Representative,480.0
10304,59,44.0,10,0.0,TORTU,1,2024-09-12,Raclette Courdavault,4,0,Dairy Products,Tortuga Restaurante,Mexico,Nancy,Davolio,Sales Representative,440.0
10304,71,17.2,2,0.0,TORTU,1,2024-09-12,Flotemysost,4,0,Dairy Products,Tortuga Restaurante,Mexico,Nancy,Davolio,Sales Representative,34.4
10305,18,50.0,25,0.1,OLDWO,8,2024-09-13,Carnarvon Tigers,8,0,Seafood,Old World Delicatessen,USA,Laura,Callahan,Inside Sales Coordinator,1125.0
10305,29,99.0,25,0.1,OLDWO,8,2024-09-13,Thüringer Rostbratwurst,6,1,Meat/Poultry,Old World Delicatessen,USA,Laura,Callahan,Inside Sales Coordinator,2227.5
10305,39,14.4,30,0.1,OLDWO,8,2024-09-13,Chartreuse verte,1,0,Beverages,Old World Delicatessen,USA,Laura,Callahan,Inside Sales Coordinator,388.8
10306,30,20.7,10,0.0,ROMEY,1,2024-09-16,Nord-Ost Matjeshering,8,0,Seafood,Romero y tomillo,Spain,Nancy,Davolio,Sales Representative,207.0
10306,53,26.2,10,0.0,ROMEY,1,2024-09-16,Perth Pasties,6,1,Meat/Poultry,Romero y tomillo,Spain,Nancy,Davolio,Sales Representative,262.0
10306,54,5.9,5,0.0,ROMEY,1,2024-09-16,Tourtière,6,0,Meat/Poultry,Romero y tomillo,Spain,Nancy,Davolio,Sales Representative,29.5
10307,62,39.4,10,0.0,LONEP,2,2024-09-17,Tarte au sucre,3,0,Confections,Lonesome Pine Restaurant,USA,Andrew,Fuller,Vice President Sales,394.0
10307,68,10.0,3,0.0,LONEP,2,2024-09-17,Scottish Longbreads,3,0,Confections,Lonesome Pine Restaurant,USA,Andrew,Fuller,Vice President Sales,30.0
10308,69,28.8,1,0.0,ANATR,7,2024-09-18,Gudbrandsdalsost,4,0,Dairy Products,Ana Trujillo Emparedados y helados,Mexico,Robert,King,Sales Representative,28.8
10308,70,12.0,5,0.0,ANATR,7,2024-09-18,Outback Lager,1,0,Beverages,Ana Trujillo Emparedados y helados,Mexico,Robert,King,Sales Representative,60.0
10309,4,17.6,20,0.0,HUNGO,3,2024-09-19,Chef Anton's Cajun Seasoning,2,0,Condiments,Hungry Owl All-Night Grocers,Ireland,Janet,Leverling,Sales Representative,352.0
10309,6,20.0,30,0.0,HUNGO,3,2024-09-19,Grandma's Boysenberry Spread,2,0,Condiments,Hungry Owl All-Night Grocers,Ireland,Janet,Leverling,Sales Representative,600.0
10309,42,11.2,2,0.0,HUNGO,3,2024-09-19,Singaporean Hokkien Fried Mee,5,1,Grains/Cereals,Hungry Owl All-Night Grocers,Ireland,Janet,Leverling,Sales Representative,22.4
10309,43,36.8,20,0.0,HUNGO,3,2024-09-19,Ipoh Coffee,1,0,Beverages,Hungry Owl All-Night Grocers,Ireland,Janet,Leverling,Sales Representative,736.0
10309,71,17.2,3,0.0,HUNGO,3,2024-09-19,Flotemysost,4,0,Dairy Products,Hungry Owl All-Night Grocers,Ireland,Janet,Leverling,Sales Representative,51.599999999999994
10310,16,13.9,10,0.0,THEBI,8,2024-09-20,Pavlova,3,0,Confections,The Big Cheese,USA,Laura,Callahan,Inside Sales Coordinator,139.0
10310,62,39.4,5,0.0,THEBI,8,2024-09-20,Tarte au sucre,3,0,Confections,The Big Cheese,USA,Laura,Callahan,Inside Sales Coordinator,197.0
10311,42,11.2,6,0.0,DUMON,1,2024-09-20,Singaporean Hokkien Fried Mee,5,1,Grains/Cereals,Du monde entier,France,Nancy,Davolio,Sales Representative,67.19999999999999
10311,69,28.8,7,0.0,DUMON,1,2024-09-20,Gudbrandsdalsost,4,0,Dairy Products,Du monde entier,France,Nancy,Davolio,Sales Representative,201.6
10312,28,36.4,4,0.0,WANDK,2,2024-09-23,Rössle Sauerkraut,7,1,Produce,Die Wandernde Kuh,Germany,Andrew,Fuller,Vice President Sales,145.6
10312,43,36.8,24,0.0,WANDK,2,2024-09-23,Ipoh Coffee,1,0,Beverages,Die Wandernde Kuh,Germany,Andrew,Fuller,Vice President Sales,883.1999999999999
10312,53,26.2,20,0.0,WANDK,2,2024-09-23,Perth Pasties,6,1,Meat/Poultry,Die Wandernde Kuh,Germany,Andrew,Fuller,Vice President Sales,524.0
10312,75,6.2,10,0.0,WANDK,2,2024-09-23,Rhönbräu Klosterbier,1,0,Beverages,Die Wandernde Kuh,Germany,Andrew,Fuller,Vice President Sales,62.0
10313,36,15.2,12,0.0,QUICK,2,2024-09-24,Inlagd Sill,8,0,Seafood,QUICK-Stop,Germany,Andrew,Fuller,Vice President Sales,182.39999999999998
10314,32,25.6,40,0.1,RATTC,1,2024-09-25,Mascarpone Fabioli,4,0,Dairy Products,Rattlesnake Canyon Grocery,USA,Nancy,Davolio,Sales Representative,921.6
10314,58,10.6,30,0.1,RATTC,1,2024-09-25,Escargots de Bourgogne,8,0,Seafood,Rattlesnake Canyon Grocery,USA,Nancy,Davolio,Sales Representative,286.2
10314,62,39.4,25,0.1,RATTC,1,2024-09-25,Tarte au sucre,3,0,Confections,Rattlesnake Canyon Grocery,USA,Nancy,Davolio,Sales Representative,886.5
10315,34,11.2,14,0.0,ISLAT,4,2024-09-26,Sasquatch Ale,1,0,Beverages,Island Trading,UK,Margaret,Peacock,Sales Representative,156.79999999999998
10315,70,12.0,30,0.0,ISLAT,4,2024-09-26,Outback Lager,1,0,Beverages,Island Trading,UK,Margaret,Peacock,Sales Representative,360.0
10316,41,7.7,10,0.0,RATTC,1,2024-09-27,Jack's New England Clam Chowder,8,0,Seafood,Rattlesnake Canyon Grocery,USA,Nancy,Davolio,Sales Representative,77.0
10316,62,39.4,70,0.0,RATTC,1,2024-09-27,Tarte au sucre,3,0,Confections,Rattlesnake Canyon Grocery,USA,Nancy,Davolio,Sales Representative,2758.0
10317,1,14.4,20,0.0,LONEP,6,2024-09-30,Chai,1,0,Beverages,Lonesome Pine Restaurant,USA,Michael,Suyama,Sales Representative,288.0
10318,41,7.7,20,0.0,ISLAT,8,2024-10-01,Jack's New England Clam Chowder,8,0,Seafood,Island Trading,UK,Laura,Callahan,Inside Sales Coordinator,154.0
10318,76,14.4,6,0.0,ISLAT,8,2024-10-01,Lakkalikööri,1,0,Beverages,Island Trading,UK,Laura,Callahan,Inside Sales Coordinator,86.4
10319,17,31.2,8,0.0,TORTU,7,2024-10-02,Alice Mutton,6,1,Meat/Poultry,Tortuga Restaurante,Mexico,Robert,King,Sales Representative,249.6
10319,28,36.4,14,0.0,TORTU,7,2024-10-02,Rössle Sauerkraut,7,1,Produce,Tortuga Restaurante,Mexico,Robert,King,Sales Representative,509.59999999999997
10319,76,14.4,30,0.0,TORTU,7,2024-10-02,Lakkalikööri,1,0,Beverages,Tortuga Restaurante,Mexico,Robert,King,Sales Representative,432.0
10320,71,17.2,30,0.0,WARTH,5,2024-10-03,Flotemysost,4,0,Dairy Products,Wartian Herkku,Finland,Steven,Buchanan,Sales Manager,516.0
10321,35,14.4,10,0.0,ISLAT,3,2024-10-03,Steeleye Stout,1,0,Beverages,Island Trading,UK,Janet,Leverling,Sales Representative,144.0
10322,52,5.6,20,0.0,PERIC,7,2024-10-04,Filo Mix,5,0,Grains/Cereals,Pericles Comidas clásicas,Mexico,Robert,King,Sales Representative,112.0
10323,15,12.4,5,0.0,KOENE,4,2024-10-07,Genen Shouyu,2,0,Condiments,Königlich Essen,Germany,Margaret,Peacock,Sales Representative,62.0
10323,25,11.2,4,0.0,KOENE,4,2024-10-07,NuNuCa Nuß-Nougat-Creme,3,0,Confections,Königlich Essen,Germany,Margaret,Peacock,Sales Representative,44.8
10323,39,14.4,4,0.0,KOENE,4,2024-10-07,Chartreuse verte,1,0,Beverages,Königlich Essen,Germany,Margaret,Peacock,Sales Representative,57.6
10324,16,13.9,21,0.15,SAVEA,9,2024-10-08,Pavlova,3,0,Confections,Save-a-lot Markets,USA,Anne,Dodsworth,Sales Representative,248.115
10324,35,14.4,70,0.15,SAVEA,9,2024-10-08,Steeleye Stout,1,0,Beverages,Save-a-lot Markets,USA,Anne,Dodsworth,Sales Representative,856.8
10324,46,9.6,30,0.0,SAVEA,9,2024-10-08,Spegesild,8,0,Seafood,Save-a-lot Markets,USA,Anne,Dodsworth,Sales Representative,288.0
10324,59,44.0,40,0.15,SAVEA,9,2024-10-08,Raclette Courdavault,4,0,Dairy Products,Save-a-lot Markets,USA,Anne,Dodsworth,Sales Representative,1496.0
10324,63,35.1,80,0.15,SAVEA,9,2024-10-08,Vegie-spread,2,0,Condiments,Save-a-lot Markets,USA,Anne,Dodsworth,Sales Representative,2386.7999999999997
10325,6,20.0,6,0.0,KOENE,1,2024-10-09,Grandma's Boysenberry Spread,2,0,Condiments,Königlich Essen,Germany,Nancy,Davolio,Sales Representative,120.0
10325,13,4.8,12,0.0,KOENE,1,2024-10-09,Konbu,8,0,Seafood,Königlich Essen,Germany,Nancy,Davolio,Sales Representative,57.599999999999994
10325,14,18.6,9,0.0,KOENE,1,2024-10-09,Tofu,7,0,Produce,Königlich Essen,Germany,Nancy,Davolio,Sales Representative,167.4
10325,31,10.0,4,0.0,KOENE,1,2024-10-09,Gorgonzola Telino,4,0,Dairy Products,Königlich Essen,Germany,Nancy,Davolio,Sales Representative,40.0
10325,72,27.8,40,0.0,KOENE,1,2024-10-09,Mozzarella di Giovanni,4,0,Dairy Products,Königlich Essen,Germany,Nancy,Davolio,Sales Representative,1112.0
10326,4,17.6,24,0.0,BOLID,4,2024-10-10,Chef Anton's Cajun Seasoning,2,0,Condiments,Bólido Comidas preparadas,Spain,Margaret,Peacock,Sales Representative,422.40000000000003
10326,57,15.6,16,0.0,BOLID,4,2024-10-10,Ravioli Angelo,5,0,Grains/Cereals,Bólido Comidas preparadas,Spain,Margaret,Peacock,Sales Representative,249.6
10326,75,6.2,50,0.0,BOLID,4,2024-10-10,Rhönbräu Klosterbier,1,0,Beverages,Bólido Comidas preparadas,Spain,Margaret,Peacock,Sales Representative,310.0
10327,2,15.2,25,0.2,FOLKO,2,2024-10-11,Chang,1,0,Beverages,Folk och fä HB,Sweden,Andrew,Fuller,Vice President Sales,304.0
10327,11,16.8,50,0.2,FOLKO,2,2024-10-11,Queso Cabrales,4,0,Dairy Products,Folk och fä HB,Sweden,Andrew,Fuller,Vice President Sales,672.0
10327,30,20.7,35,0.2,FOLKO,2,2024-10-11,Nord-Ost Matjeshering,8,0,Seafood,Folk och fä HB,Sweden,Andrew,Fuller,Vice President Sales,579.6
10327,58,10.6,30,0.2,FOLKO,2,2024-10-11,Escargots de Bourgogne,8,0,Seafood,Folk och fä HB,Sweden,Andrew,Fuller,Vice President Sales,254.4
10328,59,44.0,9,0.0,FURIB,4,2024-10-14,Raclette Courdavault,4,0,Dairy Products,Furia Bacalhau e Frutos do Mar,Portugal,Margaret,Peacock,Sales Representative,396.0
10328,65,16.8,40,0.0,FURIB,4,2024-10-14,Louisiana Fiery Hot Pepper Sauce,2,0,Condiments,Furia Bacalhau e Frutos do Mar,Portugal,Margaret,Peacock,Sales Representative,672.0
10328,68,10.0,10,0.0,FURIB,4,2024-10-14,Scottish Longbreads,3,0,Confections,Furia Bacalhau e Frutos do Mar,Portugal,Margaret,Peacock,Sales Representative,100.0
10329,19,7.3,10,0.05,SPLIR,4,2024-10-15,Teatime Chocolate Biscuits,3,0,Confections,Split Rail Beer & Ale,USA,Margaret,Peacock,Sales Representative,69.35
10329,30,20.7,8,0.05,SPLIR,4,2024-10-15,Nord-Ost Matjeshering,8,0,Seafood,Split Rail Beer & Ale,USA,Margaret,Peacock,Sales Representative,157.32
10329,38,210.8,20,0.05,SPLIR,4,2024-10-15,Côte de Blaye,1,0,Beverages,Split Rail Beer & Ale,USA,Margaret,Peacock,Sales Representative,4005.2
10329,56,30.4,12,0.05,SPLIR,4,2024-10-15,Gnocchi di nonna Alice,5,0,Grains/Cereals,Split Rail Beer & Ale,USA,Margaret,Peacock,Sales Representative,346.55999999999995
10330,26,24.9,50,0.15,LILAS,3,2024-10-16,Gumbär Gummibärchen,3,0,Confections,LILA-Supermercado,Venezuela,Janet,Leverling,Sales Representative,1058.25
10330,72,27.8,25,0.15,LILAS,3,2024-10-16,Mozzarella di Giovanni,4,0,Dairy Products,LILA-Supermercado,Venezuela,Janet,Leverling,Sales Representative,590.75
10331,54,5.9,15,0.0,BONAP,9,2024-10-16,Tourtière,6,0,Meat/Poultry,Bon app',France,Anne,Dodsworth,Sales Representative,88.5
10332,18,50.0,40,0.2,MEREP,3,2024-10-17,Carnarvon Tigers,8,0,Seafood,Mère Paillarde,Canada,Janet,Leverling,Sales Representative,1600.0
10332,42,11.2,10,0.2,MEREP,3,2024-10-17,Singaporean Hokkien Fried Mee,5,1,Grains/Cereals,Mère Paillarde,Canada,Janet,Leverling,Sales Representative,89.60000000000001
10332,47,7.6,16,0.2,MEREP,3,2024-10-17,Zaanse koeken,3,0,Confections,Mère Paillarde,Canada,Janet,Leverling,Sales Representative,97.28
10333,14,18.6,10,0.0,WARTH,5,2024-10-18,Tofu,7,0,Produce,Wartian Herkku,Finland,Steven,Buchanan,Sales Manager,186.0
10333,21,8.0,10,0.1,WARTH,5,2024-10-18,Sir Rodney's Scones,3,0,Confections,Wartian Herkku,Finland,Steven,Buchanan,Sales Manager,72.0
10333,71,17.2,40,0.1,WARTH,5,2024-10-18,Flotemysost,4,0,Dairy Products,Wartian Herkku,Finland,Steven,Buchanan,Sales Manager,619.2
10334,52,5.6,8,0.0,VICTE,8,2024-10-21,Filo Mix,5,0,Grains/Cereals,Victuailles en stock,France,Laura,Callahan,Inside Sales Coordinator,44.8
10334,68,10.0,10,0.0,VICTE,8,2024-10-21,Scottish Longbreads,3,0,Confections,Victuailles en stock,France,Laura,Callahan,Inside Sales Coordinator,100.0
10335,2,15.2,7,0.2,HUNGO,7,2024-10-22,Chang,1,0,Beverages,Hungry Owl All-Night Grocers,Ireland,Robert,King,Sales Representative,85.12
10335,31,10.0,25,0.2,HUNGO,7,2024-10-22,Gorgonzola Telino,4,0,Dairy Products,Hungry Owl All-Night Grocers,Ireland,Robert,King,Sales Representative,200.0
10335,32,25.6,6,0.2,HUNGO,7,2024-10-22,Mascarpone Fabioli,4,0,Dairy Products,Hungry Owl All-Night Grocers,Ireland,Robert,King,Sales Representative,122.88000000000002
10335,51,42.4,48,0.2,HUNGO,7,2024-10-22,Manjimup Dried Apples,7,0,Produce,Hungry Owl All-Night Grocers,Ireland,Robert,King,Sales Representative,1628.1599999999999
10336,4,17.6,18,0.1,PRINI,7,2024-10-23,Chef Anton's Cajun Seasoning,2,0,Condiments,Princesa Isabel Vinhos,Portugal,Robert,King,Sales Representative,285.12
10337,23,7.2,40,0.0,FRANK,4,2024-10-24,Tunnbröd,5,0,Grains/Cereals,Frankenversand,Germany,Margaret,Peacock,Sales Representative,288.0
10337,26,24.9,24,0.0,FRANK,4,2024-10-24,Gumbär Gummibärchen,3,0,Confections,Frankenversand,Germany,Margaret,Peacock,Sales Representative,597.5999999999999
10337,36,15.2,20,0.0,FRANK,4,2024-10-24,Inlagd Sill,8,0,Seafood,Frankenversand,Germany,Margaret,Peacock,Sales Representative,304.0
10337,37,20.8,28,0.0,FRANK,4,2024-10-24,Gravad lax,8,0,Seafood,Frankenversand,Germany,Margaret,Peacock,Sales Representative,582.4
10337,72,27.8,25,0.0,FRANK,4,2024-10-24,Mozzarella di Giovanni,4,0,Dairy Products,Frankenversand,Germany,Margaret,Peacock,Sales Representative,695.0
10338,17,31.2,20,0.0,OLDWO,4,2024-10-25,Alice Mutton,6,1,Meat/Poultry,Old World Delicatessen,USA,Margaret,Peacock,Sales Representative,624.0
10338,30,20.7,15,0.0,OLDWO,4,2024-10-25,Nord-Ost Matjeshering,8,0,Seafood,Old World Delicatessen,USA,Margaret,Peacock,Sales Representative,310.5
10339,4,17.6,10,0.0,MEREP,2,2024-10-28,Chef Anton's Cajun Seasoning,2,0,Condiments,Mère Paillarde,Canada,Andrew,Fuller,Vice President Sales,176.0
10339,17,31.2,70,0.05,MEREP,2,2024-10-28,Alice Mutton,6,1,Meat/Poultry,Mère Paillarde,Canada,Andrew,Fuller,Vice President Sales,2074.7999999999997
10339,62,39.4,28,0.0,MEREP,2,2024-10-28,Tarte au sucre,3,0,Confections,Mère Paillarde,Canada,Andrew,Fuller,Vice President Sales,1103.2
10340,18,50.0,20,0.05,BONAP,1,2024-10-29,Carnarvon Tigers,8,0,Seafood,Bon app',France,Nancy,Davolio,Sales Representative,950.0
10340,41,7.7,12,0.05,BONAP,1,2024-10-29,Jack's New England Clam Chowder,8,0,Seafood,Bon app',France,Nancy,Davolio,Sales Representative,87.78
10340,43,36.8,40,0.05,BONAP,1,2024-10-29,Ipoh Coffee,1,0,Beverages,Bon app',France,Nancy,Davolio,Sales Representative,1398.3999999999999
10341,33,2.0,8,0.0,SIMOB,7,2024-10-29,Geitost,4,0,Dairy Products,Simons bistro,Denmark,Robert,King,Sales Representative,16.0
10341,59,44.0,9,0.15,SIMOB,7,2024-10-29,Raclette Courdavault,4,0,Dairy Products,Simons bistro,Denmark,Robert,King,Sales Representative,336.59999999999997
10342,2,15.2,24,0.2,FRANK,4,2024-10-30,Chang,1,0,Beverages,Frankenversand,Germany,Margaret,Peacock,Sales Representative,291.84
10342,31,10.0,56,0.2,FRANK,4,2024-10-30,Gorgonzola Telino,4,0,Dairy Products,Frankenversand,Germany,Margaret,Peacock,Sales Representative,448.0
10342,36,15.2,40,0.2,FRANK,4,2024-10-30,Inlagd Sill,8,0,Seafood,Frankenversand,Germany,Margaret,Peacock,Sales Representative,486.40000000000003
10342,55,19.2,40,0.2,FRANK,4,2024-10-30,Pâté chinois,6,0,Meat/Poultry,Frankenversand,Germany,Margaret,Peacock,Sales Representative,614.4000000000001
10343,64,26.6,50,0.0,LEHMS,4,2024-10-31,Wimmers gute Semmelknödel,5,0,Grains/Cereals,Lehmanns Marktstand,Germany,Margaret,Peacock,Sales Representative,1330.0
10343,68,10.0,4,0.05,LEHMS,4,2024-10-31,Scottish Longbreads,3,0,Confections,Lehmanns Marktstand,Germany,Margaret,Peacock,Sales Representative,38.0
10343,76,14.4,15,0.0,LEHMS,4,2024-10-31,Lakkalikööri,1,0,Beverages,Lehmanns Marktstand,Germany,Margaret,Peacock,Sales Representative,216.0
10344,4,17.6,35,0.0,WHITC,4,2024-11-01,Chef Anton's Cajun Seasoning,2,0,Condiments,White Clover Markets,USA,Margaret,Peacock,Sales Representative,616.0
10344,8,32.0,70,0.25,WHITC,4,2024-11-01,Northwoods Cranberry Sauce,2,0,Condiments,White Clover Markets,USA,Margaret,Peacock,Sales Representative,1680.0
10345,8,32.0,70,0.0,QUICK,2,2024-11-04,Northwoods Cranberry Sauce,2,0,Condiments,QUICK-Stop,Germany,Andrew,Fuller,Vice President Sales,2240.0
10345,19,7.3,80,0.0,QUICK,2,2024-11-04,Teatime Chocolate Biscuits,3,0,Confections,QUICK-Stop,Germany,Andrew,Fuller,Vice President Sales,584.0
10345,42,11.2,9,0.0,QUICK,2,2024-11-04,Singaporean Hokkien Fried Mee,5,1,Grains/Cereals,QUICK-Stop,Germany,Andrew,Fuller,Vice President Sales,100.8
10346,17,31.2,36,0.1,RATTC,3,2024-11-05,Alice Mutton,6,1,Meat/Poultry,Rattlesnake Canyon Grocery,USA,Janet,Leverling,Sales Representative,1010.8800000000001
10346,56,30.4,20,0.0,RATTC,3,2024-11-05,Gnocchi di nonna Alice,5,0,Grains/Cereals,Rattlesnake Canyon Grocery,USA,Janet,Leverling,Sales Representative,608.0
10347,25,11.2,10,0.0,FAMIA,4,2024-11-06,NuNuCa Nuß-Nougat-Creme,3,0,Confections,Familia Arquibaldo,Brazil,Margaret,Peacock,Sales Representative,112.0
10347,39,14.4,50,0.15,FAMIA,4,2024-11-06,Chartreuse verte,1,0,Beverages,Familia Arquibaldo,Brazil,Margaret,Peacock,Sales Representative,612.0
10347,40,14.7,4,0.0,FAMIA,4,2024-11-06,Boston Crab Meat,8,0,Seafood,Familia Arquibaldo,Brazil,Margaret,Peacock,Sales Representative,58.8
10347,75,6.2,6,0.15,FAMIA,4,2024-11-06,Rhönbräu Klosterbier,1,0,Beverages,Familia Arquibaldo,Brazil,Margaret,Peacock,Sales Representative,31.62
10348,1,14.4,15,0.15,WANDK,4,2024-11-07,Chai,1,0,Beverages,Die Wandernde Kuh,Germany,Margaret,Peacock,Sales Representative,183.6
10348,23,7.2,25,0.0,WANDK,4,2024-11-07,Tunnbröd,5,0,Grains/Cereals,Die Wandernde Kuh,Germany,Margaret,Peacock,Sales Representative,180.0
10349,54,5.9,24,0.0,SPLIR,7,2024-11-08,Tourtière,6,0,Meat/Poultry,Split Rail Beer & Ale,USA,Robert,King,Sales Representative,141.60000000000002
10350,50,13.0,15,0.1,LAMAI,6,2024-11-11,Valkoinen suklaa,3,0,Confections,La maison d'Asie,France,Michael,Suyama,Sales Representative,175.5
10350,69,28.8,18,0.1,LAMAI,6,2024-11-11,Gudbrandsdalsost,4,0,Dairy Products,La maison d'Asie,France,Michael,Suyama,Sales Representative,466.56
10351,38,210.8,20,0.05,ERNSH,1,2024-11-11,Côte de Blaye,1,0,Beverages,Ernst Handel,Austria,Nancy,Davolio,Sales Representative,4005.2
10351,41,7.7,13,0.0,ERNSH,1,2024-11-11,Jack's New England Clam Chowder,8,0,Seafood,Ernst Handel,Austria,Nancy,Davolio,Sales Representative,100.10000000000001
10351,44,15.5,77,0.05,ERNSH,1,2024-11-11,Gula Malacca,2,0,Condiments,Ernst Handel,Austria,Nancy,Davolio,Sales Representative,1133.825
10351,65,16.8,10,0.05,ERNSH,1,2024-11-11,Louisiana Fiery Hot Pepper Sauce,2,0,Condiments,Ernst Handel,Austria,Nancy,Davolio,Sales Representative,159.6
10352,24,3.6,10,0.0,FURIB,3,2024-11-12,Guaraná Fantástica,1,1,Beverages,Furia Bacalhau e Frutos do Mar,Portugal,Janet,Leverling,Sales Representative,36.0
10352,54,5.9,20,0.15,FURIB,3,2024-11-12,Tourtière,6,0,Meat/Poultry,Furia Bacalhau e Frutos do Mar,Portugal,Janet,Leverling,Sales Representative,100.3
10353,11,16.8,12,0.2,PICCO,7,2024-11-13,Queso Cabrales,4,0,Dairy Products,Piccolo und mehr,Austria,Robert,King,Sales Representative,161.28000000000003
10353,38,210.8,50,0.2,PICCO,7,2024-11-13,Côte de Blaye,1,0,Beverages,Piccolo und mehr,Austria,Robert,King,Sales Representative,8432.0
10354,1,14.4,12,0.0,PERIC,8,2024-11-14,Chai,1,0,Beverages,Pericles Comidas clásicas,Mexico,Laura,Callahan,Inside Sales Coordinator,172.8
10354,29,99.0,4,0.0,PERIC,8,2024-11-14,Thüringer Rostbratwurst,6,1,Meat/Poultry,Pericles Comidas clásicas,Mexico,Laura,Callahan,Inside Sales Coordinator,396.0
10355,24,3.6,25,0.0,AROUT,6,2024-11-15,Guaraná Fantástica,1,1,Beverages,Around the Horn,UK,Michael,Suyama,Sales Representative,90.0
10355,57,15.6,25,0.0,AROUT,6,2024-11-15,Ravioli Angelo,5,0,Grains/Cereals,Around the Horn,UK,Michael,Suyama,Sales Representative,390.0
10356,31,10.0,30,0.0,WANDK,6,2024-11-18,Gorgonzola Telino,4,0,Dairy Products,Die Wandernde Kuh,Germany,Michael,Suyama,Sales Representative,300.0
10356,55,19.2,12,0.0,WANDK,6,2024-11-18,Pâté chinois,6,0,Meat/Poultry,Die Wandernde Kuh,Germany,Michael,Suyama,Sales Representative,230.39999999999998
10356,69,28.8,20,0.0,WANDK,6,2024-11-18,Gudbrandsdalsost,4,0,Dairy Products,Die Wandernde Kuh,Germany,Michael,Suyama,Sales Representative,576.0
10357,10,24.8,30,0.2,LILAS,1,2024-11-19,Ikura,8,0,Seafood,LILA-Supermercado,Venezuela,Nancy,Davolio,Sales Representative,595.2
10357,26,24.9,16,0.0,LILAS,1,2024-11-19,Gumbär Gummibärchen,3,0,Confections,LILA-Supermercado,Venezuela,Nancy,Davolio,Sales Representative,398.4
10357,60,27.2,8,0.2,LILAS,1,2024-11-19,Camembert Pierrot,4,0,Dairy Products,LILA-Supermercado,Venezuela,Nancy,Davolio,Sales Representative,174.08
10358,24,3.6,10,0.05,LAMAI,5,2024-11-20,Guaraná Fantástica,1,1,Beverages,La maison d'Asie,France,Steven,Buchanan,Sales Manager,34.199999999999996
10358,34,11.2,10,0.05,LAMAI,5,2024-11-20,Sasquatch Ale,1,0,Beverages,La maison d'Asie,France,Steven,Buchanan,Sales Manager,106.39999999999999
10358,36,15.2,20,0.05,LAMAI,5,2024-11-20,Inlagd Sill,8,0,Seafood,La maison d'Asie,France,Steven,Buchanan,Sales Manager,288.8
10359,16,13.9,56,0.05,SEVES,5,2024-11-21,Pavlova,3,0,Confections,Seven Seas Imports,UK,Steven,Buchanan,Sales Manager,739.4799999999999
10359,31,10.0,70,0.05,SEVES,5,2024-11-21,Gorgonzola Telino,4,0,Dairy Products,Seven Seas Imports,UK,Steven,Buchanan,Sales Manager,665.0
10359,60,27.2,80,0.05,SEVES,5,2024-11-21,Camembert Pierrot,4,0,Dairy Products,Seven Seas Imports,UK,Steven,Buchanan,Sales Manager,2067.2
10360,28,36.4,30,0.0,BLONP,4,2024-11-22,Rössle Sauerkraut,7,1,Produce,Blondesddsl père et fils,France,Margaret,Peacock,Sales Representative,1092.0
10360,29,99.0,35,0.0,BLONP,4,2024-11-22,Thüringer Rostbratwurst,6,1,Meat/Poultry,Blondesddsl père et fils,France,Margaret,Peacock,Sales Representative,3465.0
10360,38,210.8,10,0.0,BLONP,4,2024-11-22,Côte de Blaye,1,0,Beverages,Blondesddsl père et fils,France,Margaret,Peacock,Sales Representative,2108.0
10360,49,16.0,35,0.0,BLONP,4,2024-11-22,Maxilaku,3,0,Confections,Blondesddsl père et fils,France,Margaret,Peacock,Sales Representative,560.0
10360,54,5.9,28,0.0,BLONP,4,2024-11-22,Tourtière,6,0,Meat/Poultry,Blondesddsl père et fils,France,Margaret,Peacock,Sales Representative,165.20000000000002
10361,39,14.4,54,0.1,QUICK,1,2024-11-22,Chartreuse verte,1,0,Beverages,QUICK-Stop,Germany,Nancy,Davolio,Sales Representative,699.84
10361,60,27.2,55,0.1,QUICK,1,2024-11-22,Camembert Pierrot,4,0,Dairy Products,QUICK-Stop,Germany,Nancy,Davolio,Sales Representative,1346.4
10362,25,11.2,50,0.0,BONAP,3,2024-11-25,NuNuCa Nuß-Nougat-Creme,3,0,Confections,Bon app',France,Janet,Leverling,Sales Representative,560.0
10362,51,42.4,20,0.0,BONAP,3,2024-11-25,Manjimup Dried Apples,7,0,Produce,Bon app',France,Janet,Leverling,Sales Representative,848.0
10362,54,5.9,24,0.0,BONAP,3,2024-11-25,Tourtière,6,0,Meat/Poultry,Bon app',France,Janet,Leverling,Sales Representative,141.60000000000002
10363,31,10.0,20,0.0,DRACD,4,2024-11-26,Gorgonzola Telino,4,0,Dairy Products,Drachenblut Delikatessen,Germany,Margaret,Peacock,Sales Representative,200.0
10363,75,6.2,12,0.0,DRACD,4,2024-11-26,Rhönbräu Klosterbier,1,0,Beverages,Drachenblut Delikatessen,Germany,Margaret,Peacock,Sales Representative,74.4
10363,76,14.4,12,0.0,DRACD,4,2024-11-26,Lakkalikööri,1,0,Beverages,Drachenblut Delikatessen,Germany,Margaret,Peacock,Sales Representative,172.8
10364,69,28.8,30,0.0,EASTC,1,2024-11-26,Gudbrandsdalsost,4,0,Dairy Products,Eastern Connection,UK,Nancy,Davolio,Sales Representative,864.0
10364,71,17.2,5,0.0,EASTC,1,2024-11-26,Flotemysost,4,0,Dairy Products,Eastern Connection,UK,Nancy,Davolio,Sales Representative,86.0
10365,11,16.8,24,0.0,ANTON,3,2024-11-27,Queso Cabrales,4,0,Dairy Products,Antonio Moreno Taquería,Mexico,Janet,Leverling,Sales Representative,403.20000000000005
10366,65,16.8,5,0.0,GALED,8,2024-11-28,Louisiana Fiery Hot Pepper Sauce,2,0,Condiments,Galería del gastrónomo,Spain,Laura,Callahan,Inside Sales Coordinator,84.0
10366,77,10.4,5,0.0,GALED,8,2024-11-28,Original Frankfurter grüne Soße,2,0,Condiments,Galería del gastrónomo,Spain,Laura,Callahan,Inside Sales Coordinator,52.0
10367,34,11.2,36,0.0,VAFFE,7,2024-11-28,Sasquatch Ale,1,0,Beverages,Vaffeljernet,Denmark,Robert,King,Sales Representative,403.2
10367,54,5.9,18,0.0,VAFFE,7,2024-11-28,Tourtière,6,0,Meat/Poultry,Vaffeljernet,Denmark,Robert,King,Sales Representative,106.2
10367,65,16.8,15,0.0,VAFFE,7,2024-11-28,Louisiana Fiery Hot Pepper Sauce,2,0,Condiments,Vaffeljernet,Denmark,Robert,King,Sales Representative,252.0
10367,77,10.4,7,0.0,VAFFE,7,2024-11-28,Original Frankfurter grüne Soße,2,0,Condiments,Vaffeljernet,Denmark,Robert,King,Sales Representative,72.8
10368,21,8.0,5,0.1,ERNSH,2,2024-11-29,Sir Rodney's Scones,3,0,Confections,Ernst Handel,Austria,Andrew,Fuller,Vice President Sales,36.0
10368,28,36.4,13,0.1,ERNSH,2,2024-11-29,Rössle Sauerkraut,7,1,Produce,Ernst Handel,Austria,Andrew,Fuller,Vice President Sales,425.88
10368,57,15.6,25,0.0,ERNSH,2,2024-11-29,Ravioli Angelo,5,0,Grains/Cereals,Ernst Handel,Austria,Andrew,Fuller,Vice President Sales,390.0
10368,64,26.6,35,0.1,ERNSH,2,2024-11-29,Wimmers gute Semmelknödel,5,0,Grains/Cereals,Ernst Handel,Austria,Andrew,Fuller,Vice President Sales,837.9
10369,29,99.0,20,0.0,SPLIR,8,2024-12-02,Thüringer Rostbratwurst,6,1,Meat/Poultry,Split Rail Beer & Ale,USA,Laura,Callahan,Inside Sales Coordinator,1980.0
10369,56,30.4,18,0.25,SPLIR,8,2024-12-02,Gnocchi di nonna Alice,5,0,Grains/Cereals,Split Rail Beer & Ale,USA,Laura,Callahan,Inside Sales Coordinator,410.4
10370,1,14.4,15,0.15,CHOPS,6,2024-12-03,Chai,1,0,Beverages,Chop-suey Chinese,Switzerland,Michael,Suyama,Sales Representative,183.6
10370,64,26.6,30,0.0,CHOPS,6,2024-12-03,Wimmers gute Semmelknödel,5,0,Grains/Cereals,Chop-suey Chinese,Switzerland,Michael,Suyama,Sales Representative,798.0
10370,74,8.0,20,0.15,CHOPS,6,2024-12-03,Longlife Tofu,7,0,Produce,Chop-suey Chinese,Switzerland,Michael,Suyama,Sales Representative,136.0
10371,36,15.2,6,0.2,LAMAI,1,2024-12-03,Inlagd Sill,8,0,Seafood,La maison d'Asie,France,Nancy,Davolio,Sales Representative,72.96
10372,20,64.8,12,0.25,QUEEN,5,2024-12-04,Sir Rodney's Marmalade,3,0,Confections,Queen Cozinha,Brazil,Steven,Buchanan,Sales Manager,583.1999999999999
10372,38,210.8,40,0.25,QUEEN,5,2024-12-04,Côte de Blaye,1,0,Beverages,Queen Cozinha,Brazil,Steven,Buchanan,Sales Manager,6324.0
10372,60,27.2,70,0.25,QUEEN,5,2024-12-04,Camembert Pierrot,4,0,Dairy Products,Queen Cozinha,Brazil,Steven,Buchanan,Sales Manager,1428.0
10372,72,27.8,42,0.25,QUEEN,5,2024-12-04,Mozzarella di Giovanni,4,0,Dairy Products,Queen Cozinha,Brazil,Steven,Buchanan,Sales Manager,875.7
10373,58,10.6,80,0.2,HUNGO,4,2024-12-05,Escargots de Bourgogne,8,0,Seafood,Hungry Owl All-Night Grocers,Ireland,Margaret,Peacock,Sales Representative,678.4000000000001
10373,71,17.2,50,0.2,HUNGO,4,2024-12-05,Flotemysost,4,0,Dairy Products,Hungry Owl All-Night Grocers,Ireland,Margaret,Peacock,Sales Representative,688.0
10374,31,10.0,30,0.0,WOLZA,1,2024-12-05,Gorgonzola Telino,4,0,Dairy Products,Wolski  Zajazd,Poland,Nancy,Davolio,Sales Representative,300.0
10374,58,10.6,15,0.0,WOLZA,1,2024-12-05,Escargots de Bourgogne,8,0,Seafood,Wolski  Zajazd,Poland,Nancy,Davolio,Sales Representative,159.0
10375,14,18.6,15,0.0,HUNGC,3,2024-12-06,Tofu,7,0,Produce,Hungry Coyote Import Store,USA,Janet,Leverling,Sales Representative,279.0
10375,54,5.9,10,0.0,HUNGC,3,2024-12-06,Tourtière,6,0,Meat/Poultry,Hungry Coyote Import Store,USA,Janet,Leverling,Sales Representative,59.0
10376,31,10.0,42,0.05,MEREP,1,2024-12-09,Gorgonzola Telino,4,0,Dairy Products,Mère Paillarde,Canada,Nancy,Davolio,Sales Representative,399.0
10377,28,36.4,20,0.15,SEVES,1,2024-12-09,Rössle Sauerkraut,7,1,Produce,Seven Seas Imports,UK,Nancy,Davolio,Sales Representative,618.8
10377,39,14.4,20,0.15,SEVES,1,2024-12-09,Chartreuse verte,1,0,Beverages,Seven Seas Imports,UK,Nancy,Davolio,Sales Representative,244.79999999999998
10378,71,17.2,6,0.0,FOLKO,5,2024-12-10,Flotemysost,4,0,Dairy Products,Folk och fä HB,Sweden,Steven,Buchanan,Sales Manager,103.19999999999999
10379,41,7.7,8,0.1,QUEDE,2,2024-12-11,Jack's New England Clam Chowder,8,0,Seafood,Que Delícia,Brazil,Andrew,Fuller,Vice President Sales,55.440000000000005
10379,63,35.1,16,0.1,QUEDE,2,2024-12-11,Vegie-spread,2,0,Condiments,Que Delícia,Brazil,Andrew,Fuller,Vice President Sales,505.44000000000005
10379,65,16.8,20,0.1,QUEDE,2,2024-12-11,Louisiana Fiery Hot Pepper Sauce,2,0,Condiments,Que Delícia,Brazil,Andrew,Fuller,Vice President Sales,302.40000000000003
10380,30,20.7,18,0.1,HUNGO,8,2024-12-12,Nord-Ost Matjeshering,8,0,Seafood,Hungry Owl All-Night Grocers,Ireland,Laura,Callahan,Inside Sales Coordinator,335.34
10380,53,26.2,20,0.1,HUNGO,8,2024-12-12,Perth Pasties,6,1,Meat/Poultry,Hungry Owl All-Night Grocers,Ireland,Laura,Callahan,Inside Sales Coordinator,471.6
10380,60,27.2,6,0.1,HUNGO,8,2024-12-12,Camembert Pierrot,4,0,Dairy Products,Hungry Owl All-Night Grocers,Ireland,Laura,Callahan,Inside Sales Coordinator,146.88
10380,70,12.0,30,0.0,HUNGO,8,2024-12-12,Outback Lager,1,0,Beverages,Hungry Owl All-Night Grocers,Ireland,Laura,Callahan,Inside Sales Coordinator,360.0
10381,74,8.0,14,0.0,LILAS,3,2024-12-12,Longlife Tofu,7,0,Produce,LILA-Supermercado,Venezuela,Janet,Leverling,Sales Representative,112.0
10382,5,17.0,32,0.0,ERNSH,4,2024-12-13,Chef Anton's Gumbo Mix,2,1,Condiments,Ernst Handel,Austria,Margaret,Peacock,Sales Representative,544.0
10382,18,50.0,9,0.0,ERNSH,4,2024-12-13,Carnarvon Tigers,8,0,Seafood,Ernst Handel,Austria,Margaret,Peacock,Sales Representative,450.0
10382,29,99.0,14,0.0,ERNSH,4,2024-12-13,Thüringer Rostbratwurst,6,1,Meat/Poultry,Ernst Handel,Austria,Margaret,Peacock,Sales Representative,1386.0
10382,33,2.0,60,0.0,ERNSH,4,2024-12-13,Geitost,4,0,Dairy Products,Ernst Handel,Austria,Margaret,Peacock,Sales Representative,120.0
10382,74,8.0,50,0.0,ERNSH,4,2024-12-13,Longlife Tofu,7,0,Produce,Ernst Handel,Austria,Margaret,Peacock,Sales Representative,400.0
10383,13,4.8,20,0.0,AROUT,8,2024-12-16,Konbu,8,0,Seafood,Around the Horn,UK,Laura,Callahan,Inside Sales Coordinator,96.0
10383,50,13.0,15,0.0,AROUT,8,2024-12-16,Valkoinen suklaa,3,0,Confections,Around the Horn,UK,Laura,Callahan,Inside Sales Coordinator,195.0
10383,56,30.4,20,0.0,AROUT,8,2024-12-16,Gnocchi di nonna Alice,5,0,Grains/Cereals,Around the Horn,UK,Laura,Callahan,Inside Sales Coordinator,608.0
10384,20,64.8,28,0.0,BERGS,3,2024-12-16,Sir Rodney's Marmalade,3,0,Confections,Berglunds snabbköp,Sweden,Janet,Leverling,Sales Representative,1814.3999999999999
10384,60,27.2,15,0.0,BERGS,3,2024-12-16,Camembert Pierrot,4,0,Dairy Products,Berglunds snabbköp,Sweden,Janet,Leverling,Sales Representative,408.0
10385,7,24.0,10,0.2,SPLIR,1,2024-12-17,Uncle Bob's Organic Dried Pears,7,0,Produce,Split Rail Beer & Ale,USA,Nancy,Davolio,Sales Representative,192.0
10385,60,27.2,20,0.2,SPLIR,1,2024-12-17,Camembert Pierrot,4,0,Dairy Products,Split Rail Beer & Ale,USA,Nancy,Davolio,Sales Representative,435.20000000000005
10385,68,10.0,8,0.2,SPLIR,1,2024-12-17,Scottish Longbreads,3,0,Confections,Split Rail Beer & Ale,USA,Nancy,Davolio,Sales Representative,64.0
10386,24,3.6,15,0.0,FAMIA,9,2024-12-18,Guaraná Fantástica,1,1,Beverages,Familia Arquibaldo,Brazil,Anne,Dodsworth,Sales Representative,54.0
10386,34,11.2,10,0.0,FAMIA,9,2024-12-18,Sasquatch Ale,1,0,Beverages,Familia Arquibaldo,Brazil,Anne,Dodsworth,Sales Representative,112.0
10387,24,3.6,15,0.0,SANTG,1,2024-12-18,Guaraná Fantástica,1,1,Beverages,Santé Gourmet,Norway,Nancy,Davolio,Sales Representative,54.0
10387,28,36.4,6,0.0,SANTG,1,2024-12-18,Rössle Sauerkraut,7,1,Produce,Santé Gourmet,Norway,Nancy,Davolio,Sales Representative,218.39999999999998
10387,59,44.0,12,0.0,SANTG,1,2024-12-18,Raclette Courdavault,4,0,Dairy Products,Santé Gourmet,Norway,Nancy,Davolio,Sales Representative,528.0
10387,71,17.2,15,0.0,SANTG,1,2024-12-18,Flotemysost,4,0,Dairy Products,Santé Gourmet,Norway,Nancy,Davolio,Sales Representative,258.0
10388,45,7.6,15,0.2,SEVES,2,2024-12-19,Rogede sild,8,0,Seafood,Seven Seas Imports,UK,Andrew,Fuller,Vice President Sales,91.2
10388,52,5.6,20,0.2,SEVES,2,2024-12-19,Filo Mix,5,0,Grains/Cereals,Seven Seas Imports,UK,Andrew,Fuller,Vice President Sales,89.60000000000001
10388,53,26.2,40,0.0,SEVES,2,2024-12-19,Perth Pasties,6,1,Meat/Poultry,Seven Seas Imports,UK,Andrew,Fuller,Vice President Sales,1048.0
10389,10,24.8,16,0.0,BOTTM,4,2024-12-20,Ikura,8,0,Seafood,Bottom-Dollar Markets,Canada,Margaret,Peacock,Sales Representative,396.8
10389,55,19.2,15,0.0,BOTTM,4,2024-12-20,Pâté chinois,6,0,Meat/Poultry,Bottom-Dollar Markets,Canada,Margaret,Peacock,Sales Representative,288.0
10389,62,39.4,20,0.0,BOTTM,4,2024-12-20,Tarte au sucre,3,0,Confections,Bottom-Dollar Markets,Canada,Margaret,Peacock,Sales Representative,788.0
10389,70,12.0,30,0.0,BOTTM,4,2024-12-20,Outback Lager,1,0,Beverages,Bottom-Dollar Markets,Canada,Margaret,Peacock,Sales Representative,360.0
10390,31,10.0,60,0.1,ERNSH,6,2024-12-23,Gorgonzola Telino,4,0,Dairy Products,Ernst Handel,Austria,Michael,Suyama,Sales Representative,540.0
10390,35,14.4,40,0.1,ERNSH,6,2024-12-23,Steeleye Stout,1,0,Beverages,Ernst Handel,Austria,Michael,Suyama,Sales Representative,518.4
10390,46,9.6,45,0.0,ERNSH,6,2024-12-23,Spegesild,8,0,Seafood,Ernst Handel,Austria,Michael,Suyama,Sales Representative,432.0
10390,72,27.8,24,0.1,ERNSH,6,2024-12-23,Mozzarella di Giovanni,4,0,Dairy Products,Ernst Handel,Austria,Michael,Suyama,Sales Representative,600.48
10391,13,4.8,18,0.0,DRACD,3,2024-12-23,Konbu,8,0,Seafood,Drachenblut Delikatessen,Germany,Janet,Leverling,Sales Representative,86.39999999999999
10392,69,28.8,50,0.0,PICCO,2,2024-12-24,Gudbrandsdalsost,4,0,Dairy Products,Piccolo und mehr,Austria,Andrew,Fuller,Vice President Sales,1440.0
10393,2,15.2,25,0.25,SAVEA,1,2024-12-25,Chang,1,0,Beverages,Save-a-lot Markets,USA,Nancy,Davolio,Sales Representative,285.0
10393,14,18.6,42,0.25,SAVEA,1,2024-12-25,Tofu,7,0,Produce,Save-a-lot Markets,USA,Nancy,Davolio,Sales Representative,585.9000000000001
10393,25,11.2,7,0.25,SAVEA,1,2024-12-25,NuNuCa Nuß-Nougat-Creme,3,0,Confections,Save-a-lot Markets,USA,Nancy,Davolio,Sales Representative,58.8
10393,26,24.9,70,0.25,SAVEA,1,2024-12-25,Gumbär Gummibärchen,3,0,Confections,Save-a-lot Markets,USA,Nancy,Davolio,Sales Representative,1307.25
10393,31,10.0,32,0.0,SAVEA,1,2024-12-25,Gorgonzola Telino,4,0,Dairy Products,Save-a-lot Markets,USA,Nancy,Davolio,Sales Representative,320.0
10394,13,4.8,10,0.0,HUNGC,1,2024-12-25,Konbu,8,0,Seafood,Hungry Coyote Import Store,USA,Nancy,Davolio,Sales Representative,48.0
10394,62,39.4,10,0.0,HUNGC,1,2024-12-25,Tarte au sucre,3,0,Confections,Hungry Coyote Import Store,USA,Nancy,Davolio,Sales Representative,394.0
10395,46,9.6,28,0.1,HILAA,6,2024-12-26,Spegesild,8,0,Seafood,HILARION-Abastos,Venezuela,Michael,Suyama,Sales Representative,241.92000000000002
10395,53,26.2,70,0.1,HILAA,6,2024-12-26,Perth Pasties,6,1,Meat/Poultry,HILARION-Abastos,Venezuela,Michael,Suyama,Sales Representative,1650.6000000000001
10395,69,28.8,8,0.0,HILAA,6,2024-12-26,Gudbrandsdalsost,4,0,Dairy Products,HILARION-Abastos,Venezuela,Michael,Suyama,Sales Representative,230.4
10396,23,7.2,40,0.0,FRANK,1,2024-12-27,Tunnbröd,5,0,Grains/Cereals,Frankenversand,Germany,Nancy,Davolio,Sales Representative,288.0
10396,71,17.2,60,0.0,FRANK,1,2024-12-27,Flotemysost,4,0,Dairy Products,Frankenversand,Germany,Nancy,Davolio,Sales Representative,1032.0
10396,72,27.8,21,0.0,FRANK,1,2024-12-27,Mozzarella di Giovanni,4,0,Dairy Products,Frankenversand,Germany,Nancy,Davolio,Sales Representative,583.8000000000001
10397,21,8.0,10,0.15,PRINI,5,2024-12-27,Sir Rodney's Scones,3,0,Confections,Princesa Isabel Vinhos,Portugal,Steven,Buchanan,Sales Manager,68.0
10397,51,42.4,18,0.15,PRINI,5,2024-12-27,Manjimup Dried Apples,7,0,Produce,Princesa Isabel Vinhos,Portugal,Steven,Buchanan,Sales Manager,648.7199999999999
10398,35,14.4,30,0.0,SAVEA,2,2024-12-30,Steeleye Stout,1,0,Beverages,Save-a-lot Markets,USA,Andrew,Fuller,Vice President Sales,432.0
10398,55,19.2,120,0.1,SAVEA,2,2024-12-30,Pâté chinois,6,0,Meat/Poultry,Save-a-lot Markets,USA,Andrew,Fuller,Vice President Sales,2073.6
10399,68,10.0,60,0.0,VAFFE,8,2024-12-31,Scottish Longbreads,3,0,Confections,Vaffeljernet,Denmark,Laura,Callahan,Inside Sales Coordinator,600.0
10399,71,17.2,30,0.0,VAFFE,8,2024-12-31,Flotemysost,4,0,Dairy Products,Vaffeljernet,Denmark,Laura,Callahan,Inside Sales Coordinator,516.0
10399,76,14.4,35,0.0,VAFFE,8,2024-12-31,Lakkalikööri,1,0,Beverages,Vaffeljernet,Denmark,Laura,Callahan,Inside Sales Coordinator,504.0
10399,77,10.4,14,0.0,VAFFE,8,2024-12-31,Original Frankfurter grüne Soße,2,0,Condiments,Vaffeljernet,Denmark,Laura,Callahan,Inside Sales Coordinator,145.6
10400,29,99.0,21,0.0,EASTC,1,2025-01-01,Thüringer Rostbratwurst,6,1,Meat/Poultry,Eastern Connection,UK,Nancy,Davolio,Sales Representative,2079.0
10400,35,14.4,35,0.0,EASTC,1,2025-01-01,Steeleye Stout,1,0,Beverages,Eastern Connection,UK,Nancy,Davolio,Sales Representative,504.0
10400,49,16.0,30,0.0,EASTC,1,2025-01-01,Maxilaku,3,0,Confections,Eastern Connection,UK,Nancy,Davolio,Sales Representative,480.0
10401,30,20.7,18,0.0,RATTC,1,2025-01-01,Nord-Ost Matjeshering,8,0,Seafood,Rattlesnake Canyon Grocery,USA,Nancy,Davolio,Sales Representative,372.59999999999997
10401,56,30.4,70,0.0,RATTC,1,2025-01-01,Gnocchi di nonna Alice,5,0,Grains/Cereals,Rattlesnake Canyon Grocery,USA,Nancy,Davolio,Sales Representative,2128.0
10401,65,16.8,20,0.0,RATTC,1,2025-01-01,Louisiana Fiery Hot Pepper Sauce,2,0,Condiments,Rattlesnake Canyon Grocery,USA,Nancy,Davolio,Sales Representative,336.0
10401,71,17.2,60,0.0,RATTC,1,2025-01-01,Flotemysost,4,0,Dairy Products,Rattlesnake Canyon Grocery,USA,Nancy,Davolio,Sales Representative,1032.0
10402,23,7.2,60,0.0,ERNSH,8,2025-01-02,Tunnbröd,5,0,Grains/Cereals,Ernst Handel,Austria,Laura,Callahan,Inside Sales Coordinator,432.0
10402,63,35.1,65,0.0,ERNSH,8,2025-01-02,Vegie-spread,2,0,Condiments,Ernst Handel,Austria,Laura,Callahan,Inside Sales Coordinator,2281.5
10403,16,13.9,21,0.15,ERNSH,4,2025-01-03,Pavlova,3,0,Confections,Ernst Handel,Austria,Margaret,Peacock,Sales Representative,248.115
10403,48,10.2,70,0.15,ERNSH,4,2025-01-03,Chocolade,3,0,Confections,Ernst Handel,Austria,Margaret,Peacock,Sales Representative,606.9
10404,26,24.9,30,0.05,MAGAA,2,2025-01-03,Gumbär Gummibärchen,3,0,Confections,Magazzini Alimentari Riuniti,Italy,Andrew,Fuller,Vice President Sales,709.65
10404,42,11.2,40,0.05,MAGAA,2,2025-01-03,Singaporean Hokkien Fried Mee,5,1,Grains/Cereals,Magazzini Alimentari Riuniti,Italy,Andrew,Fuller,Vice President Sales,425.59999999999997
10404,49,16.0,30,0.05,MAGAA,2,2025-01-03,Maxilaku,3,0,Confections,Magazzini Alimentari Riuniti,Italy,Andrew,Fuller,Vice President Sales,456.0
10405,3,8.0,50,0.0,LINOD,1,2025-01-06,Aniseed Syrup,2,0,Condiments,LINO-Delicateses,Venezuela,Nancy,Davolio,Sales Representative,400.0
10406,1,14.4,10,0.0,QUEEN,7,2025-01-07,Chai,1,0,Beverages,Queen Cozinha,Brazil,Robert,King,Sales Representative,144.0
10406,21,8.0,30,0.1,QUEEN,7,2025-01-07,Sir Rodney's Scones,3,0,Confections,Queen Cozinha,Brazil,Robert,King,Sales Representative,216.0
10406,28,36.4,42,0.1,QUEEN,7,2025-01-07,Rössle Sauerkraut,7,1,Produce,Queen Cozinha,Brazil,Robert,King,Sales Representative,1375.92
10406,36,15.2,5,0.1,QUEEN,7,2025-01-07,Inlagd Sill,8,0,Seafood,Queen Cozinha,Brazil,Robert,King,Sales Representative,68.4
10406,40,14.7,2,0.1,QUEEN,7,2025-01-07,Boston Crab Meat,8,0,Seafood,Queen Cozinha,Brazil,Robert,King,Sales Representative,26.46
10407,11,16.8,30,0.0,OTTIK,2,2025-01-07,Queso Cabrales,4,0,Dairy Products,Ottilies Käseladen,Germany,Andrew,Fuller,Vice President Sales,504.0
10407,69,28.8,15,0.0,OTTIK,2,2025-01-07,Gudbrandsdalsost,4,0,Dairy Products,Ottilies Käseladen,Germany,Andrew,Fuller,Vice President Sales,432.0
10407,71,17.2,15,0.0,OTTIK,2,2025-01-07,Flotemysost,4,0,Dairy Products,Ottilies Käseladen,Germany,Andrew,Fuller,Vice President Sales,258.0
10408,37,20.8,10,0.0,FOLIG,8,2025-01-08,Gravad lax,8,0,Seafood,Folies gourmandes,France,Laura,Callahan,Inside Sales Coordinator,208.0
10408,54,5.9,6,0.0,FOLIG,8,2025-01-08,Tourtière,6,0,Meat/Poultry,Folies gourmandes,France,Laura,Callahan,Inside Sales Coordinator,35.400000000000006
10408,62,39.4,35,0.0,FOLIG,8,2025-01-08,Tarte au sucre,3,0,Confections,Folies gourmandes,France,Laura,Callahan,Inside Sales Coordinator,1379.0
10409,14,18.6,12,0.0,OCEAN,3,2025-01-09,Tofu,7,0,Produce,Océano Atlántico Ltda.,Argentina,Janet,Leverling,Sales Representative,223.20000000000002
10409,21,8.0,12,0.0,OCEAN,3,2025-01-09,Sir Rodney's Scones,3,0,Confections,Océano Atlántico Ltda.,Argentina,Janet,Leverling,Sales Representative,96.0
10410,33,2.0,49,0.0,BOTTM,3,2025-01-10,Geitost,4,0,Dairy Products,Bottom-Dollar Markets,Canada,Janet,Leverling,Sales Representative,98.0
10410,59,44.0,16,0.0,BOTTM,3,2025-01-10,Raclette Courdavault,4,0,Dairy Products,Bottom-Dollar Markets,Canada,Janet,Leverling,Sales Representative,704.0
10411,41,7.7,25,0.2,BOTTM,9,2025-01-10,Jack's New England Clam Chowder,8,0,Seafood,Bottom-Dollar Markets,Canada,Anne,Dodsworth,Sales Representative,154.0
10411,44,15.5,40,0.2,BOTTM,9,2025-01-10,Gula Malacca,2,0,Condiments,Bottom-Dollar Markets,Canada,Anne,Dodsworth,Sales Representative,496.0
10411,59,44.0,9,0.2,BOTTM,9,2025-01-10,Raclette Courdavault,4,0,Dairy Products,Bottom-Dollar Markets,Canada,Anne,Dodsworth,Sales Representative,316.8
10412,14,18.6,20,0.1,WARTH,8,2025-01-13,Tofu,7,0,Produce,Wartian Herkku,Finland,Laura,Callahan,Inside Sales Coordinator,334.8
10413,1,14.4,24,0.0,LAMAI,3,2025-01-14,Chai,1,0,Beverages,La maison d'Asie,France,Janet,Leverling,Sales Representative,345.6
10413,62,39.4,40,0.0,LAMAI,3,2025-01-14,Tarte au sucre,3,0,Confections,La maison d'Asie,France,Janet,Leverling,Sales Representative,1576.0
10413,76,14.4,14,0.0,LAMAI,3,2025-01-14,Lakkalikööri,1,0,Beverages,La maison d'Asie,France,Janet,Leverling,Sales Representative,201.6
10414,19,7.3,18,0.05,FAMIA,2,2025-01-14,Teatime Chocolate Biscuits,3,0,Confections,Familia Arquibaldo,Brazil,Andrew,Fuller,Vice President Sales,124.83
10414,33,2.0,50,0.0,FAMIA,2,2025-01-14,Geitost,4,0,Dairy Products,Familia Arquibaldo,Brazil,Andrew,Fuller,Vice President Sales,100.0
10415,17,31.2,2,0.0,HUNGC,3,2025-01-15,Alice Mutton,6,1,Meat/Poultry,Hungry Coyote Import Store,USA,Janet,Leverling,Sales Representative,62.4
10415,33,2.0,20,0.0,HUNGC,3,2025-01-15,Geitost,4,0,Dairy Products,Hungry Coyote Import Store,USA,Janet,Leverling,Sales Representative,40.0
10416,19,7.3,20,0.0,WARTH,8,2025-01-16,Teatime Chocolate Biscuits,3,0,Confections,Wartian Herkku,Finland,Laura,Callahan,Inside Sales Coordinator,146.0
10416,53,26.2,10,0.0,WARTH,8,2025-01-16,Perth Pasties,6,1,Meat/Poultry,Wartian Herkku,Finland,Laura,Callahan,Inside Sales Coordinator,262.0
10416,57,15.6,20,0.0,WARTH,8,2025-01-16,Ravioli Angelo,5,0,Grains/Cereals,Wartian Herkku,Finland,Laura,Callahan,Inside Sales Coordinator,312.0
10417,38,210.8,50,0.0,SIMOB,4,2025-01-16,Côte de Blaye,1,0,Beverages,Simons bistro,Denmark,Margaret,Peacock,Sales Representative,10540.0
10417,46,9.6,2,0.25,SIMOB,4,2025-01-16,Spegesild,8,0,Seafood,Simons bistro,Denmark,Margaret,Peacock,Sales Representative,14.399999999999999
10417,68,10.0,36,0.25,SIMOB,4,2025-01-16,Scottish Longbreads,3,0,Confections,Simons bistro,Denmark,Margaret,Peacock,Sales Representative,270.0
10417,77,10.4,35,0.0,SIMOB,4,2025-01-16,Original Frankfurter grüne Soße,2,0,Condiments,Simons bistro,Denmark,Margaret,Peacock,Sales Representative,364.0
10418,2,15.2,60,0.0,QUICK,4,2025-01-17,Chang,1,0,Beverages,QUICK-Stop,Germany,Margaret,Peacock,Sales Representative,912.0
10418,47,7.6,55,0.0,QUICK,4,2025-01-17,Zaanse koeken,3,0,Confections,QUICK-Stop,Germany,Margaret,Peacock,Sales Representative,418.0
10418,61,22.8,16,0.0,QUICK,4,2025-01-17,Sirop d'érable,2,0,Condiments,QUICK-Stop,Germany,Margaret,Peacock,Sales Representative,364.8
10418,74,8.0,15,0.0,QUICK,4,2025-01-17,Longlife Tofu,7,0,Produce,QUICK-Stop,Germany,Margaret,Peacock,Sales Representative,120.0
10419,60,27.2,60,0.05,RICSU,4,2025-01-20,Camembert Pierrot,4,0,Dairy Products,Richter Supermarkt,Switzerland,Margaret,Peacock,Sales Representative,1550.3999999999999
10419,69,28.8,20,0.05,RICSU,4,2025-01-20,Gudbrandsdalsost,4,0,Dairy Products,Richter Supermarkt,Switzerland,Margaret,Peacock,Sales Representative,547.1999999999999
10420,9,77.6,20,0.1,WELLI,3,2025-01-21,Mishi Kobe Niku,6,1,Meat/Poultry,Wellington Importadora,Brazil,Janet,Leverling,Sales Representative,1396.8
10420,13,4.8,2,0.1,WELLI,3,2025-01-21,Konbu,8,0,Seafood,Wellington Importadora,Brazil,Janet,Leverling,Sales Representative,8.64
10420,70,12.0,8,0.1,WELLI,3,2025-01-21,Outback Lager,1,0,Beverages,Wellington Importadora,Brazil,Janet,Leverling,Sales Representative,86.4
10420,73,12.0,20,0.1,WELLI,3,2025-01-21,Röd Kaviar,8,0,Seafood,Wellington Importadora,Brazil,Janet,Leverling,Sales Representative,216.0
10421,19,7.3,4,0.15,QUEDE,8,2025-01-21,Teatime Chocolate Biscuits,3,0,Confections,Que Delícia,Brazil,Laura,Callahan,Inside Sales Coordinator,24.82
10421,26,24.9,30,0.0,QUEDE,8,2025-01-21,Gumbär Gummibärchen,3,0,Confections,Que Delícia,Brazil,Laura,Callahan,Inside Sales Coordinator,747.0
10421,53,26.2,15,0.15,QUEDE,8,2025-01-21,Perth Pasties,6,1,Meat/Poultry,Que Delícia,Brazil,Laura,Callahan,Inside Sales Coordinator,334.05
10421,77,10.4,10,0.15,QUEDE,8,2025-01-21,Original Frankfurter grüne Soße,2,0,Condiments,Que Delícia,Brazil,Laura,Callahan,Inside Sales Coordinator,88.39999999999999
10422,26,24.9,2,0.0,FRANS,2,2025-01-22,Gumbär Gummibärchen,3,0,Confections,Franchi S.p.A.,Italy,Andrew,Fuller,Vice President Sales,49.8
10423,31,10.0,14,0.0,GOURL,6,2025-01-23,Gorgonzola Telino,4,0,Dairy Products,Gourmet Lanchonetes,Brazil,Michael,Suyama,Sales Representative,140.0
10423,59,44.0,20,0.0,GOURL,6,2025-01-23,Raclette Courdavault,4,0,Dairy Products,Gourmet Lanchonetes,Brazil,Michael,Suyama,Sales Representative,880.0
10424,35,14.4,60,0.2,MEREP,7,2025-01-23,Steeleye Stout,1,0,Beverages,Mère Paillarde,Canada,Robert,King,Sales Representative,691.2
10424,38,210.8,49,0.2,MEREP,7,2025-01-23,Côte de Blaye,1,0,Beverages,Mère Paillarde,Canada,Robert,King,Sales Representative,8263.36
10424,68,10.0,30,0.2,MEREP,7,2025-01-23,Scottish Longbreads,3,0,Confections,Mère Paillarde,Canada,Robert,King,Sales Representative,240.0
10425,55,19.2,10,0.25,LAMAI,6,2025-01-24,Pâté chinois,6,0,Meat/Poultry,La maison d'Asie,France,Michael,Suyama,Sales Representative,144.0
10425,76,14.4,20,0.25,LAMAI,6,2025-01-24,Lakkalikööri,1,0,Beverages,La maison d'Asie,France,Michael,Suyama,Sales Representative,216.0
10426,56,30.4,5,0.0,GALED,4,2025-01-27,Gnocchi di nonna Alice,5,0,Grains/Cereals,Galería del gastrónomo,Spain,Margaret,Peacock,Sales Representative,152.0
10426,64,26.6,7,0.0,GALED,4,2025-01-27,Wimmers gute Semmelknödel,5,0,Grains/Cereals,Galería del gastrónomo,Spain,Margaret,Peacock,Sales Representative,186.20000000000002
10427,14,18.6,35,0.0,PICCO,4,2025-01-27,Tofu,7,0,Produce,Piccolo und mehr,Austria,Margaret,Peacock,Sales Representative,651.0
10428,46,9.6,20,0.0,REGGC,7,2025-01-28,Spegesild,8,0,Seafood,Reggiani Caseifici,Italy,Robert,King,Sales Representative,192.0
10429,50,13.0,40,0.0,HUNGO,3,2025-01-29,Valkoinen suklaa,3,0,Confections,Hungry Owl All-Night Grocers,Ireland,Janet,Leverling,Sales Representative,520.0
10429,63,35.1,35,0.25,HUNGO,3,2025-01-29,Vegie-spread,2,0,Condiments,Hungry Owl All-Night Grocers,Ireland,Janet,Leverling,Sales Representative,921.375
10430,17,31.2,45,0.2,ERNSH,4,2025-01-30,Alice Mutton,6,1,Meat/Poultry,Ernst Handel,Austria,Margaret,Peacock,Sales Representative,1123.2
10430,21,8.0,50,0.0,ERNSH,4,2025-01-30,Sir Rodney's Scones,3,0,Confections,Ernst Handel,Austria,Margaret,Peacock,Sales Representative,400.0
10430,56,30.4,30,0.0,ERNSH,4,2025-01-30,Gnocchi di nonna Alice,5,0,Grains/Cereals,Ernst Handel,Austria,Margaret,Peacock,Sales Representative,912.0
10430,59,44.0,70,0.2,ERNSH,4,2025-01-30,Raclette Courdavault,4,0,Dairy Products,Ernst Handel,Austria,Margaret,Peacock,Sales Representative,2464.0
10431,17,31.2,50,0.25,BOTTM,4,2025-01-30,Alice Mutton,6,1,Meat/Poultry,Bottom-Dollar Markets,Canada,Margaret,Peacock,Sales Representative,1170.0
10431,40,14.7,50,0.25,BOTTM,4,2025-01-30,Boston Crab Meat,8,0,Seafood,Bottom-Dollar Markets,Canada,Margaret,Peacock,Sales Representative,551.25
10431,47,7.6,30,0.25,BOTTM,4,2025-01-30,Zaanse koeken,3,0,Confections,Bottom-Dollar Markets,Canada,Margaret,Peacock,Sales Representative,171.0
10432,26,24.9,10,0.0,SPLIR,3,2025-01-31,Gumbär Gummibärchen,3,0,Confections,Split Rail Beer & Ale,USA,Janet,Leverling,Sales Representative,249.0
10432,54,5.9,40,0.0,SPLIR,3,2025-01-31,Tourtière,6,0,Meat/Poultry,Split Rail Beer & Ale,USA,Janet,Leverling,Sales Representative,236.0
10433,56,30.4,28,0.0,PRINI,3,2025-02-03,Gnocchi di nonna Alice,5,0,Grains/Cereals,Princesa Isabel Vinhos,Portugal,Janet,Leverling,Sales Representative,851.1999999999999
10434,11,16.8,6,0.0,FOLKO,3,2025-02-03,Queso Cabrales,4,0,Dairy Products,Folk och fä HB,Sweden,Janet,Leverling,Sales Representative,100.80000000000001
10434,76,14.4,18,0.15,FOLKO,3,2025-02-03,Lakkalikööri,1,0,Beverages,Folk och fä HB,Sweden,Janet,Leverling,Sales Representative,220.32
10435,2,15.2,10,0.0,CONSH,8,2025-02-04,Chang,1,0,Beverages,Consolidated Holdings,UK,Laura,Callahan,Inside Sales Coordinator,152.0
10435,22,16.8,12,0.0,CONSH,8,2025-02-04,Gustaf's Knäckebröd,5,0,Grains/Cereals,Consolidated Holdings,UK,Laura,Callahan,Inside Sales Coordinator,201.60000000000002
10435,72,27.8,10,0.0,CONSH,8,2025-02-04,Mozzarella di Giovanni,4,0,Dairy Products,Consolidated Holdings,UK,Laura,Callahan,Inside Sales Coordinator,278.0
10436,46,9.6,5,0.0,BLONP,3,2025-02-05,Spegesild,8,0,Seafood,Blondesddsl père et fils,France,Janet,Leverling,Sales Representative,48.0
10436,56,30.4,40,0.1,BLONP,3,2025-02-05,Gnocchi di nonna Alice,5,0,Grains/Cereals,Blondesddsl père et fils,France,Janet,Leverling,Sales Representative,1094.4
10436,64,26.6,30,0.1,BLONP,3,2025-02-05,Wimmers gute Semmelknödel,5,0,Grains/Cereals,Blondesddsl père et fils,France,Janet,Leverling,Sales Representative,718.2
10436,75,6.2,24,0.1,BLONP,3,2025-02-05,Rhönbräu Klosterbier,1,0,Beverages,Blondesddsl père et fils,France,Janet,Leverling,Sales Representative,133.92000000000002
10437,53,26.2,15,0.0,WARTH,8,2025-02-05,Perth Pasties,6,1,Meat/Poultry,Wartian Herkku,Finland,Laura,Callahan,Inside Sales Coordinator,393.0
10438,19,7.3,15,0.2,TOMSP,3,2025-02-06,Teatime Chocolate Biscuits,3,0,Confections,Toms Spezialitäten,Germany,Janet,Leverling,Sales Representative,87.60000000000001
10438,34,11.2,20,0.2,TOMSP,3,2025-02-06,Sasquatch Ale,1,0,Beverages,Toms Spezialitäten,Germany,Janet,Leverling,Sales Representative,179.20000000000002
10438,57,15.6,15,0.2,TOMSP,3,2025-02-06,Ravioli Angelo,5,0,Grains/Cereals,Toms Spezialitäten,Germany,Janet,Leverling,Sales Representative,187.20000000000002
10439,12,30.4,15,0.0,MEREP,6,2025-02-07,Queso Manchego La Pastora,4,0,Dairy Products,Mère Paillarde,Canada,Michael,Suyama,Sales Representative,456.0
10439,16,13.9,16,0.0,MEREP,6,2025-02-07,Pavlova,3,0,Confections,Mère Paillarde,Canada,Michael,Suyama,Sales Representative,222.4
10439,64,26.6,6,0.0,MEREP,6,2025-02-07,Wimmers gute Semmelknödel,5,0,Grains/Cereals,Mère Paillarde,Canada,Michael,Suyama,Sales Representative,159.60000000000002
10439,74,8.0,30,0.0,MEREP,6,2025-02-07,Longlife Tofu,7,0,Produce,Mère Paillarde,Canada,Michael,Suyama,Sales Representative,240.0
10440,2,15.2,45,0.15,SAVEA,4,2025-02-10,Chang,1,0,Beverages,Save-a-lot Markets,USA,Margaret,Peacock,Sales Representative,581.4
10440,16,13.9,49,0.15,SAVEA,4,2025-02-10,Pavlova,3,0,Confections,Save-a-lot Markets,USA,Margaret,Peacock,Sales Representative,578.9350000000001
10440,29,99.0,24,0.15,SAVEA,4,2025-02-10,Thüringer Rostbratwurst,6,1,Meat/Poultry,Save-a-lot Markets,USA,Margaret,Peacock,Sales Representative,2019.6
10440,61,22.8,90,0.15,SAVEA,4,2025-02-10,Sirop d'érable,2,0,Condiments,Save-a-lot Markets,USA,Margaret,Peacock,Sales Representative,1744.2
10441,27,35.1,50,0.0,OLDWO,3,2025-02-10,Schoggi Schokolade,3,0,Confections,Old World Delicatessen,USA,Janet,Leverling,Sales Representative,1755.0
10442,11,16.8,30,0.0,ERNSH,3,2025-02-11,Queso Cabrales,4,0,Dairy Products,Ernst Handel,Austria,Janet,Leverling,Sales Representative,504.0
10442,54,5.9,80,0.0,ERNSH,3,2025-02-11,Tourtière,6,0,Meat/Poultry,Ernst Handel,Austria,Janet,Leverling,Sales Representative,472.0
10442,66,13.6,60,0.0,ERNSH,3,2025-02-11,Louisiana Hot Spiced Okra,2,0,Condiments,Ernst Handel,Austria,Janet,Leverling,Sales Representative,816.0
10443,11,16.8,6,0.2,REGGC,8,2025-02-12,Queso Cabrales,4,0,Dairy Products,Reggiani Caseifici,Italy,Laura,Callahan,Inside Sales Coordinator,80.64000000000001
10443,28,36.4,12,0.0,REGGC,8,2025-02-12,Rössle Sauerkraut,7,1,Produce,Reggiani Caseifici,Italy,Laura,Callahan,Inside Sales Coordinator,436.79999999999995
10444,17,31.2,10,0.0,BERGS,3,2025-02-12,Alice Mutton,6,1,Meat/Poultry,Berglunds snabbköp,Sweden,Janet,Leverling,Sales Representative,312.0
10444,26,24.9,15,0.0,BERGS,3,2025-02-12,Gumbär Gummibärchen,3,0,Confections,Berglunds snabbköp,Sweden,Janet,Leverling,Sales Representative,373.5
10444,35,14.4,8,0.0,BERGS,3,2025-02-12,Steeleye Stout,1,0,Beverages,Berglunds snabbköp,Sweden,Janet,Leverling,Sales Representative,115.2
10444,41,7.7,30,0.0,BERGS,3,2025-02-12,Jack's New England Clam Chowder,8,0,Seafood,Berglunds snabbköp,Sweden,Janet,Leverling,Sales Representative,231.0
10445,39,14.4,6,0.0,BERGS,3,2025-02-13,Chartreuse verte,1,0,Beverages,Berglunds snabbköp,Sweden,Janet,Leverling,Sales Representative,86.4
10445,54,5.9,15,0.0,BERGS,3,2025-02-13,Tourtière,6,0,Meat/Poultry,Berglunds snabbköp,Sweden,Janet,Leverling,Sales Representative,88.5
10446,19,7.3,12,0.1,TOMSP,6,2025-02-14,Teatime Chocolate Biscuits,3,0,Confections,Toms Spezialitäten,Germany,Michael,Suyama,Sales Representative,78.84
10446,24,3.6,20,0.1,TOMSP,6,2025-02-14,Guaraná Fantástica,1,1,Beverages,Toms Spezialitäten,Germany,Michael,Suyama,Sales Representative,64.8
10446,31,10.0,3,0.1,TOMSP,6,2025-02-14,Gorgonzola Telino,4,0,Dairy Products,Toms Spezialitäten,Germany,Michael,Suyama,Sales Representative,27.0
10446,52,5.6,15,0.1,TOMSP,6,2025-02-14,Filo Mix,5,0,Grains/Cereals,Toms Spezialitäten,Germany,Michael,Suyama,Sales Representative,75.60000000000001
10447,19,7.3,40,0.0,RICAR,4,2025-02-14,Teatime Chocolate Biscuits,3,0,Confections,Ricardo Adocicados,Brazil,Margaret,Peacock,Sales Representative,292.0
10447,65,16.8,35,0.0,RICAR,4,2025-02-14,Louisiana Fiery Hot Pepper Sauce,2,0,Condiments,Ricardo Adocicados,Brazil,Margaret,Peacock,Sales Representative,588.0
10447,71,17.2,2,0.0,RICAR,4,2025-02-14,Flotemysost,4,0,Dairy Products,Ricardo Adocicados,Brazil,Margaret,Peacock,Sales Representative,34.4
10448,26,24.9,6,0.0,RANCH,4,2025-02-17,Gumbär Gummibärchen,3,0,Confections,Rancho grande,Argentina,Margaret,Peacock,Sales Representative,149.39999999999998
10448,40,14.7,20,0.0,RANCH,4,2025-02-17,Boston Crab Meat,8,0,Seafood,Rancho grande,Argentina,Margaret,Peacock,Sales Representative,294.0
10449,10,24.8,14,0.0,BLONP,3,2025-02-18,Ikura,8,0,Seafood,Blondesddsl père et fils,France,Janet,Leverling,Sales Representative,347.2
10449,52,5.6,20,0.0,BLONP,3,2025-02-18,Filo Mix,5,0,Grains/Cereals,Blondesddsl père et fils,France,Janet,Leverling,Sales Representative,112.0
10449,62,39.4,35,0.0,BLONP,3,2025-02-18,Tarte au sucre,3,0,Confections,Blondesddsl père et fils,France,Janet,Leverling,Sales Representative,1379.0
10450,10,24.8,20,0.2,VICTE,8,2025-02-19,Ikura,8,0,Seafood,Victuailles en stock,France,Laura,Callahan,Inside Sales Coordinator,396.8
10450,54,5.9,6,0.2,VICTE,8,2025-02-19,Tourtière,6,0,Meat/Poultry,Victuailles en stock,France,Laura,Callahan,Inside Sales Coordinator,28.320000000000007
10451,55,19.2,120,0.1,QUICK,4,2025-02-19,Pâté chinois,6,0,Meat/Poultry,QUICK-Stop,Germany,Margaret,Peacock,Sales Representative,2073.6
10451,64,26.6,35,0.1,QUICK,4,2025-02-19,Wimmers gute Semmelknödel,5,0,Grains/Cereals,QUICK-Stop,Germany,Margaret,Peacock,Sales Representative,837.9
10451,65,16.8,28,0.1,QUICK,4,2025-02-19,Louisiana Fiery Hot Pepper Sauce,2,0,Condiments,QUICK-Stop,Germany,Margaret,Peacock,Sales Representative,423.36
10451,77,10.4,55,0.1,QUICK,4,2025-02-19,Original Frankfurter grüne Soße,2,0,Condiments,QUICK-Stop,Germany,Margaret,Peacock,Sales Representative,514.8000000000001
10452,28,36.4,15,0.0,SAVEA,8,2025-02-20,Rössle Sauerkraut,7,1,Produce,Save-a-lot Markets,USA,Laura,Callahan,Inside Sales Coordinator,546.0
10452,44,15.5,100,0.05,SAVEA,8,2025-02-20,Gula Malacca,2,0,Condiments,Save-a-lot Markets,USA,Laura,Callahan,Inside Sales Coordinator,1472.5
10453,48,10.2,15,0.1,AROUT,1,2025-02-21,Chocolade,3,0,Confections,Around the Horn,UK,Nancy,Davolio,Sales Representative,137.70000000000002
10453,70,12.0,25,0.1,AROUT,1,2025-02-21,Outback Lager,1,0,Beverages,Around the Horn,UK,Nancy,Davolio,Sales Representative,270.0
10454,16,13.9,20,0.2,LAMAI,4,2025-02-21,Pavlova,3,0,Confections,La maison d'Asie,France,Margaret,Peacock,Sales Representative,222.4
10454,33,2.0,20,0.2,LAMAI,4,2025-02-21,Geitost,4,0,Dairy Products,La maison d'Asie,France,Margaret,Peacock,Sales Representative,32.0
10454,46,9.6,10,0.2,LAMAI,4,2025-02-21,Spegesild,8,0,Seafood,La maison d'Asie,France,Margaret,Peacock,Sales Representative,76.80000000000001
10455,39,14.4,20,0.0,WARTH,8,2025-02-24,Chartreuse verte,1,0,Beverages,Wartian Herkku,Finland,Laura,Callahan,Inside Sales Coordinator,288.0
10455,53,26.2,50,0.0,WARTH,8,2025-02-24,Perth Pasties,6,1,Meat/Poultry,Wartian Herkku,Finland,Laura,Callahan,Inside Sales Coordinator,1310.0
10455,61,22.8,25,0.0,WARTH,8,2025-02-24,Sirop d'érable,2,0,Condiments,Wartian Herkku,Finland,Laura,Callahan,Inside Sales Coordinator,570.0
10455,71,17.2,30,0.0,WARTH,8,2025-02-24,Flotemysost,4,0,Dairy Products,Wartian Herkku,Finland,Laura,Callahan,Inside Sales Coordinator,516.0
10456,21,8.0,40,0.15,KOENE,8,2025-02-25,Sir Rodney's Scones,3,0,Confections,Königlich Essen,Germany,Laura,Callahan,Inside Sales Coordinator,272.0
10456,49,16.0,21,0.15,KOENE,8,2025-02-25,Maxilaku,3,0,Confections,Königlich Essen,Germany,Laura,Callahan,Inside Sales Coordinator,285.59999999999997
10457,59,44.0,36,0.0,KOENE,2,2025-02-25,Raclette Courdavault,4,0,Dairy Products,Königlich Essen,Germany,Andrew,Fuller,Vice President Sales,1584.0
10458,26,24.9,30,0.0,SUPRD,7,2025-02-26,Gumbär Gummibärchen,3,0,Confections,Suprêmes délices,Belgium,Robert,King,Sales Representative,747.0
10458,28,36.4,30,0.0,SUPRD,7,2025-02-26,Rössle Sauerkraut,7,1,Produce,Suprêmes délices,Belgium,Robert,King,Sales Representative,1092.0
10458,43,36.8,20,0.0,SUPRD,7,2025-02-26,Ipoh Coffee,1,0,Beverages,Suprêmes délices,Belgium,Robert,King,Sales Representative,736.0
10458,56,30.4,15,0.0,SUPRD,7,2025-02-26,Gnocchi di nonna Alice,5,0,Grains/Cereals,Suprêmes délices,Belgium,Robert,King,Sales Representative,456.0
10458,71,17.2,50,0.0,SUPRD,7,2025-02-26,Flotemysost,4,0,Dairy Products,Suprêmes délices,Belgium,Robert,King,Sales Representative,860.0
10459,7,24.0,16,0.05,VICTE,4,2025-02-27,Uncle Bob's Organic Dried Pears,7,0,Produce,Victuailles en stock,France,Margaret,Peacock,Sales Representative,364.79999999999995
10459,46,9.6,20,0.05,VICTE,4,2025-02-27,Spegesild,8,0,Seafood,Victuailles en stock,France,Margaret,Peacock,Sales Representative,182.39999999999998
10459,72,27.8,40,0.0,VICTE,4,2025-02-27,Mozzarella di Giovanni,4,0,Dairy Products,Victuailles en stock,France,Margaret,Peacock,Sales Representative,1112.0
10460,68,10.0,21,0.25,FOLKO,8,2025-02-28,Scottish Longbreads,3,0,Confections,Folk och fä HB,Sweden,Laura,Callahan,Inside Sales Coordinator,157.5
10460,75,6.2,4,0.25,FOLKO,8,2025-02-28,Rhönbräu Klosterbier,1,0,Beverages,Folk och fä HB,Sweden,Laura,Callahan,Inside Sales Coordinator,18.6
10461,21,8.0,40,0.25,LILAS,1,2025-02-28,Sir Rodney's Scones,3,0,Confections,LILA-Supermercado,Venezuela,Nancy,Davolio,Sales Representative,240.0
10461,30,20.7,28,0.25,LILAS,1,2025-02-28,Nord-Ost Matjeshering,8,0,Seafood,LILA-Supermercado,Venezuela,Nancy,Davolio,Sales Representative,434.70000000000005
10461,55,19.2,60,0.25,LILAS,1,2025-02-28,Pâté chinois,6,0,Meat/Poultry,LILA-Supermercado,Venezuela,Nancy,Davolio,Sales Representative,864.0
10462,13,4.8,1,0.0,CONSH,2,2025-03-03,Konbu,8,0,Seafood,Consolidated Holdings,UK,Andrew,Fuller,Vice President Sales,4.8
10462,23,7.2,21,0.0,CONSH,2,2025-03-03,Tunnbröd,5,0,Grains/Cereals,Consolidated Holdings,UK,Andrew,Fuller,Vice President Sales,151.20000000000002
10463,19,7.3,21,0.0,SUPRD,5,2025-03-04,Teatime Chocolate Biscuits,3,0,Confections,Suprêmes délices,Belgium,Steven,Buchanan,Sales Manager,153.29999999999998
10463,42,11.2,50,0.0,SUPRD,5,2025-03-04,Singaporean Hokkien Fried Mee,5,1,Grains/Cereals,Suprêmes délices,Belgium,Steven,Buchanan,Sales Manager,560.0
10464,4,17.6,16,0.2,FURIB,4,2025-03-04,Chef Anton's Cajun Seasoning,2,0,Condiments,Furia Bacalhau e Frutos do Mar,Portugal,Margaret,Peacock,Sales Representative,225.28000000000003
10464,43,36.8,3,0.0,FURIB,4,2025-03-04,Ipoh Coffee,1,0,Beverages,Furia Bacalhau e Frutos do Mar,Portugal,Margaret,Peacock,Sales Representative,110.39999999999999
10464,56,30.4,30,0.2,FURIB,4,2025-03-04,Gnocchi di nonna Alice,5,0,Grains/Cereals,Furia Bacalhau e Frutos do Mar,Portugal,Margaret,Peacock,Sales Representative,729.6
10464,60,27.2,20,0.0,FURIB,4,2025-03-04,Camembert Pierrot,4,0,Dairy Products,Furia Bacalhau e Frutos do Mar,Portugal,Margaret,Peacock,Sales Representative,544.0
10465,24,3.6,25,0.0,VAFFE,1,2025-03-05,Guaraná Fantástica,1,1,Beverages,Vaffeljernet,Denmark,Nancy,Davolio,Sales Representative,90.0
10465,29,99.0,18,0.1,VAFFE,1,2025-03-05,Thüringer Rostbratwurst,6,1,Meat/Poultry,Vaffeljernet,Denmark,Nancy,Davolio,Sales Representative,1603.8
10465,40,14.7,20,0.0,VAFFE,1,2025-03-05,Boston Crab Meat,8,0,Seafood,Vaffeljernet,Denmark,Nancy,Davolio,Sales Representative,294.0
10465,45,7.6,30,0.1,VAFFE,1,2025-03-05,Rogede sild,8,0,Seafood,Vaffeljernet,Denmark,Nancy,Davolio,Sales Representative,205.20000000000002
10465,50,13.0,25,0.0,VAFFE,1,2025-03-05,Valkoinen suklaa,3,0,Confections,Vaffeljernet,Denmark,Nancy,Davolio,Sales Representative,325.0
10466,11,16.8,10,0.0,COMMI,4,2025-03-06,Queso Cabrales,4,0,Dairy Products,Comércio Mineiro,Brazil,Margaret,Peacock,Sales Representative,168.0
10466,46,9.6,5,0.0,COMMI,4,2025-03-06,Spegesild,8,0,Seafood,Comércio Mineiro,Brazil,Margaret,Peacock,Sales Representative,48.0
10467,24,3.6,28,0.0,MAGAA,8,2025-03-06,Guaraná Fantástica,1,1,Beverages,Magazzini Alimentari Riuniti,Italy,Laura,Callahan,Inside Sales Coordinator,100.8
10467,25,11.2,12,0.0,MAGAA,8,2025-03-06,NuNuCa Nuß-Nougat-Creme,3,0,Confections,Magazzini Alimentari Riuniti,Italy,Laura,Callahan,Inside Sales Coordinator,134.39999999999998
10468,30,20.7,8,0.0,KOENE,3,2025-03-07,Nord-Ost Matjeshering,8,0,Seafood,Königlich Essen,Germany,Janet,Leverling,Sales Representative,165.6
10468,43,36.8,15,0.0,KOENE,3,2025-03-07,Ipoh Coffee,1,0,Beverages,Königlich Essen,Germany,Janet,Leverling,Sales Representative,552.0
10469,2,15.2,40,0.15,WHITC,1,2025-03-10,Chang,1,0,Beverages,White Clover Markets,USA,Nancy,Davolio,Sales Representative,516.8
10469,16,13.9,35,0.15,WHITC,1,2025-03-10,Pavlova,3,0,Confections,White Clover Markets,USA,Nancy,Davolio,Sales Representative,413.525
10469,44,15.5,2,0.15,WHITC,1,2025-03-10,Gula Malacca,2,0,Condiments,White Clover Markets,USA,Nancy,Davolio,Sales Representative,26.349999999999998
10470,18,50.0,30,0.0,BONAP,4,2025-03-11,Carnarvon Tigers,8,0,Seafood,Bon app',France,Margaret,Peacock,Sales Representative,1500.0
10470,23,7.2,15,0.0,BONAP,4,2025-03-11,Tunnbröd,5,0,Grains/Cereals,Bon app',France,Margaret,Peacock,Sales Representative,108.0
10470,64,26.6,8,0.0,BONAP,4,2025-03-11,Wimmers gute Semmelknödel,5,0,Grains/Cereals,Bon app',France,Margaret,Peacock,Sales Representative,212.8
10471,7,24.0,30,0.0,BSBEV,2,2025-03-11,Uncle Bob's Organic Dried Pears,7,0,Produce,B's Beverages,UK,Andrew,Fuller,Vice President Sales,720.0
10471,56,30.4,20,0.0,BSBEV,2,2025-03-11,Gnocchi di nonna Alice,5,0,Grains/Cereals,B's Beverages,UK,Andrew,Fuller,Vice President Sales,608.0
10472,24,3.6,80,0.05,SEVES,8,2025-03-12,Guaraná Fantástica,1,1,Beverages,Seven Seas Imports,UK,Laura,Callahan,Inside Sales Coordinator,273.59999999999997
10472,51,42.4,18,0.0,SEVES,8,2025-03-12,Manjimup Dried Apples,7,0,Produce,Seven Seas Imports,UK,Laura,Callahan,Inside Sales Coordinator,763.1999999999999
10473,33,2.0,12,0.0,ISLAT,1,2025-03-13,Geitost,4,0,Dairy Products,Island Trading,UK,Nancy,Davolio,Sales Representative,24.0
10473,71,17.2,12,0.0,ISLAT,1,2025-03-13,Flotemysost,4,0,Dairy Products,Island Trading,UK,Nancy,Davolio,Sales Representative,206.39999999999998
10474,14,18.6,12,0.0,PERIC,5,2025-03-13,Tofu,7,0,Produce,Pericles Comidas clásicas,Mexico,Steven,Buchanan,Sales Manager,223.20000000000002
10474,28,36.4,18,0.0,PERIC,5,2025-03-13,Rössle Sauerkraut,7,1,Produce,Pericles Comidas clásicas,Mexico,Steven,Buchanan,Sales Manager,655.1999999999999
10474,40,14.7,21,0.0,PERIC,5,2025-03-13,Boston Crab Meat,8,0,Seafood,Pericles Comidas clásicas,Mexico,Steven,Buchanan,Sales Manager,308.7
10474,75,6.2,10,0.0,PERIC,5,2025-03-13,Rhönbräu Klosterbier,1,0,Beverages,Pericles Comidas clásicas,Mexico,Steven,Buchanan,Sales Manager,62.0
10475,31,10.0,35,0.15,SUPRD,9,2025-03-14,Gorgonzola Telino,4,0,Dairy Products,Suprêmes délices,Belgium,Anne,Dodsworth,Sales Representative,297.5
10475,66,13.6,60,0.15,SUPRD,9,2025-03-14,Louisiana Hot Spiced Okra,2,0,Condiments,Suprêmes délices,Belgium,Anne,Dodsworth,Sales Representative,693.6
10475,76,14.4,42,0.15,SUPRD,9,2025-03-14,Lakkalikööri,1,0,Beverages,Suprêmes délices,Belgium,Anne,Dodsworth,Sales Representative,514.08
10476,55,19.2,2,0.05,HILAA,8,2025-03-17,Pâté chinois,6,0,Meat/Poultry,HILARION-Abastos,Venezuela,Laura,Callahan,Inside Sales Coordinator,36.48
10476,70,12.0,12,0.0,HILAA,8,2025-03-17,Outback Lager,1,0,Beverages,HILARION-Abastos,Venezuela,Laura,Callahan,Inside Sales Coordinator,144.0
10477,1,14.4,15,0.0,PRINI,5,2025-03-17,Chai,1,0,Beverages,Princesa Isabel Vinhos,Portugal,Steven,Buchanan,Sales Manager,216.0
10477,21,8.0,21,0.25,PRINI,5,2025-03-17,Sir Rodney's Scones,3,0,Confections,Princesa Isabel Vinhos,Portugal,Steven,Buchanan,Sales Manager,126.0
10477,39,14.4,20,0.25,PRINI,5,2025-03-17,Chartreuse verte,1,0,Beverages,Princesa Isabel Vinhos,Portugal,Steven,Buchanan,Sales Manager,216.0
10478,10,24.8,20,0.05,VICTE,2,2025-03-18,Ikura,8,0,Seafood,Victuailles en stock,France,Andrew,Fuller,Vice President Sales,471.2
10479,38,210.8,30,0.0,RATTC,3,2025-03-19,Côte de Blaye,1,0,Beverages,Rattlesnake Canyon Grocery,USA,Janet,Leverling,Sales Representative,6324.0
10479,53,26.2,28,0.0,RATTC,3,2025-03-19,Perth Pasties,6,1,Meat/Poultry,Rattlesnake Canyon Grocery,USA,Janet,Leverling,Sales Representative,733.6
10479,59,44.0,60,0.0,RATTC,3,2025-03-19,Raclette Courdavault,4,0,Dairy Products,Rattlesnake Canyon Grocery,USA,Janet,Leverling,Sales Representative,2640.0
10479,64,26.6,30,0.0,RATTC,3,2025-03-19,Wimmers gute Semmelknödel,5,0,Grains/Cereals,Rattlesnake Canyon Grocery,USA,Janet,Leverling,Sales Representative,798.0
10480,47,7.6,30,0.0,FOLIG,6,2025-03-20,Zaanse koeken,3,0,Confections,Folies gourmandes,France,Michael,Suyama,Sales Representative,228.0
10480,59,44.0,12,0.0,FOLIG,6,2025-03-20,Raclette Courdavault,4,0,Dairy Products,Folies gourmandes,France,Michael,Suyama,Sales Representative,528.0
10481,49,16.0,24,0.0,RICAR,8,2025-03-20,Maxilaku,3,0,Confections,Ricardo Adocicados,Brazil,Laura,Callahan,Inside Sales Coordinator,384.0
10481,60,27.2,40,0.0,RICAR,8,2025-03-20,Camembert Pierrot,4,0,Dairy Products,Ricardo Adocicados,Brazil,Laura,Callahan,Inside Sales Coordinator,1088.0
10482,40,14.7,10,0.0,LAZYK,1,2025-03-21,Boston Crab Meat,8,0,Seafood,Lazy K Kountry Store,USA,Nancy,Davolio,Sales Representative,147.0
10483,34,11.2,35,0.05,WHITC,7,2025-03-24,Sasquatch Ale,1,0,Beverages,White Clover Markets,USA,Robert,King,Sales Representative,372.4
10483,77,10.4,30,0.05,WHITC,7,2025-03-24,Original Frankfurter grüne Soße,2,0,Condiments,White Clover Markets,USA,Robert,King,Sales Representative,296.4
10484,21,8.0,14,0.0,BSBEV,3,2025-03-24,Sir Rodney's Scones,3,0,Confections,B's Beverages,UK,Janet,Leverling,Sales Representative,112.0
10484,40,14.7,10,0.0,BSBEV,3,2025-03-24,Boston Crab Meat,8,0,Seafood,B's Beverages,UK,Janet,Leverling,Sales Representative,147.0
10484,51,42.4,3,0.0,BSBEV,3,2025-03-24,Manjimup Dried Apples,7,0,Produce,B's Beverages,UK,Janet,Leverling,Sales Representative,127.19999999999999
10485,2,15.2,20,0.1,LINOD,4,2025-03-25,Chang,1,0,Beverages,LINO-Delicateses,Venezuela,Margaret,Peacock,Sales Representative,273.6
10485,3,8.0,20,0.1,LINOD,4,2025-03-25,Aniseed Syrup,2,0,Condiments,LINO-Delicateses,Venezuela,Margaret,Peacock,Sales Representative,144.0
10485,55,19.2,30,0.1,LINOD,4,2025-03-25,Pâté chinois,6,0,Meat/Poultry,LINO-Delicateses,Venezuela,Margaret,Peacock,Sales Representative,518.4
10485,70,12.0,60,0.1,LINOD,4,2025-03-25,Outback Lager,1,0,Beverages,LINO-Delicateses,Venezuela,Margaret,Peacock,Sales Representative,648.0
10486,11,16.8,5,0.0,HILAA,1,2025-03-26,Queso Cabrales,4,0,Dairy Products,HILARION-Abastos,Venezuela,Nancy,Davolio,Sales Representative,84.0
10486,51,42.4,25,0.0,HILAA,1,2025-03-26,Manjimup Dried Apples,7,0,Produce,HILARION-Abastos,Venezuela,Nancy,Davolio,Sales Representative,1060.0
10486,74,8.0,16,0.0,HILAA,1,2025-03-26,Longlife Tofu,7,0,Produce,HILARION-Abastos,Venezuela,Nancy,Davolio,Sales Representative,128.0
10487,19,7.3,5,0.0,QUEEN,2,2025-03-26,Teatime Chocolate Biscuits,3,0,Confections,Queen Cozinha,Brazil,Andrew,Fuller,Vice President Sales,36.5
10487,26,24.9,30,0.0,QUEEN,2,2025-03-26,Gumbär Gummibärchen,3,0,Confections,Queen Cozinha,Brazil,Andrew,Fuller,Vice President Sales,747.0
10487,54,5.9,24,0.25,QUEEN,2,2025-03-26,Tourtière,6,0,Meat/Poultry,Queen Cozinha,Brazil,Andrew,Fuller,Vice President Sales,106.20000000000002
10488,59,44.0,30,0.0,FRANK,8,2025-03-27,Raclette Courdavault,4,0,Dairy Products,Frankenversand,Germany,Laura,Callahan,Inside Sales Coordinator,1320.0
10488,73,12.0,20,0.2,FRANK,8,2025-03-27,Röd Kaviar,8,0,Seafood,Frankenversand,Germany,Laura,Callahan,Inside Sales Coordinator,192.0
10489,11,16.8,15,0.25,PICCO,6,2025-03-28,Queso Cabrales,4,0,Dairy Products,Piccolo und mehr,Austria,Michael,Suyama,Sales Representative,189.0
10489,16,13.9,18,0.0,PICCO,6,2025-03-28,Pavlova,3,0,Confections,Piccolo und mehr,Austria,Michael,Suyama,Sales Representative,250.20000000000002
10490,59,44.0,60,0.0,HILAA,7,2025-03-31,Raclette Courdavault,4,0,Dairy Products,HILARION-Abastos,Venezuela,Robert,King,Sales Representative,2640.0
10490,68,10.0,30,0.0,HILAA,7,2025-03-31,Scottish Longbreads,3,0,Confections,HILARION-Abastos,Venezuela,Robert,King,Sales Representative,300.0
10490,75,6.2,36,0.0,HILAA,7,2025-03-31,Rhönbräu Klosterbier,1,0,Beverages,HILARION-Abastos,Venezuela,Robert,King,Sales Representative,223.20000000000002
10491,44,15.5,15,0.15,FURIB,8,2025-03-31,Gula Malacca,2,0,Condiments,Furia Bacalhau e Frutos do Mar,Portugal,Laura,Callahan,Inside Sales Coordinator,197.625
10491,77,10.4,7,0.15,FURIB,8,2025-03-31,Original Frankfurter grüne Soße,2,0,Condiments,Furia Bacalhau e Frutos do Mar,Portugal,Laura,Callahan,Inside Sales Coordinator,61.879999999999995
10492,25,11.2,60,0.05,BOTTM,3,2025-04-01,NuNuCa Nuß-Nougat-Creme,3,0,Confections,Bottom-Dollar Markets,Canada,Janet,Leverling,Sales Representative,638.4
10492,42,11.2,20,0.05,BOTTM,3,2025-04-01,Singaporean Hokkien Fried Mee,5,1,Grains/Cereals,Bottom-Dollar Markets,Canada,Janet,Leverling,Sales Representative,212.79999999999998
10493,65,16.8,15,0.1,LAMAI,4,2025-04-02,Louisiana Fiery Hot Pepper Sauce,2,0,Condiments,La maison d'Asie,France,Margaret,Peacock,Sales Representative,226.8
10493,66,13.6,10,0.1,LAMAI,4,2025-04-02,Louisiana Hot Spiced Okra,2,0,Condiments,La maison d'Asie,France,Margaret,Peacock,Sales Representative,122.4
10493,69,28.8,10,0.1,LAMAI,4,2025-04-02,Gudbrandsdalsost,4,0,Dairy Products,La maison d'Asie,France,Margaret,Peacock,Sales Representative,259.2
10494,56,30.4,30,0.0,COMMI,4,2025-04-02,Gnocchi di nonna Alice,5,0,Grains/Cereals,Comércio Mineiro,Brazil,Margaret,Peacock,Sales Representative,912.0
10495,23,7.2,10,0.0,LAUGB,3,2025-04-03,Tunnbröd,5,0,Grains/Cereals,Laughing Bacchus Wine Cellars,Canada,Janet,Leverling,Sales Representative,72.0
10495,41,7.7,20,0.0,LAUGB,3,2025-04-03,Jack's New England Clam Chowder,8,0,Seafood,Laughing Bacchus Wine Cellars,Canada,Janet,Leverling,Sales Representative,154.0
10495,77,10.4,5,0.0,LAUGB,3,2025-04-03,Original Frankfurter grüne Soße,2,0,Condiments,Laughing Bacchus Wine Cellars,Canada,Janet,Leverling,Sales Representative,52.0
10496,31,10.0,20,0.05,TRADH,7,2025-04-04,Gorgonzola Telino,4,0,Dairy Products,Tradição Hipermercados,Brazil,Robert,King,Sales Representative,190.0
10497,56,30.4,14,0.0,LEHMS,7,2025-04-04,Gnocchi di nonna Alice,5,0,Grains/Cereals,Lehmanns Marktstand,Germany,Robert,King,Sales Representative,425.59999999999997
10497,72,27.8,25,0.0,LEHMS,7,2025-04-04,Mozzarella di Giovanni,4,0,Dairy Products,Lehmanns Marktstand,Germany,Robert,King,Sales Representative,695.0
10497,77,10.4,25,0.0,LEHMS,7,2025-04-04,Original Frankfurter grüne Soße,2,0,Condiments,Lehmanns Marktstand,Germany,Robert,King,Sales Representative,260.0
10498,24,4.5,14,0.0,HILAA,8,2025-04-07,Guaraná Fantástica,1,1,Beverages,HILARION-Abastos,Venezuela,Laura,Callahan,Inside Sales Coordinator,63.0
10498,40,18.4,5,0.0,HILAA,8,2025-04-07,Boston Crab Meat,8,0,Seafood,HILARION-Abastos,Venezuela,Laura,Callahan,Inside Sales Coordinator,92.0
10498,42,14.0,30,0.0,HILAA,8,2025-04-07,Singaporean Hokkien Fried Mee,5,1,Grains/Cereals,HILARION-Abastos,Venezuela,Laura,Callahan,Inside Sales Coordinator,420.0
10499,28,45.6,20,0.0,LILAS,4,2025-04-08,Rössle Sauerkraut,7,1,Produce,LILA-Supermercado,Venezuela,Margaret,Peacock,Sales Representative,912.0
10499,49,20.0,25,0.0,LILAS,4,2025-04-08,Maxilaku,3,0,Confections,LILA-Supermercado,Venezuela,Margaret,Peacock,Sales Representative,500.0
10500,15,15.5,12,0.05,LAMAI,6,2025-04-09,Genen Shouyu,2,0,Condiments,La maison d'Asie,France,Michael,Suyama,Sales Representative,176.7
10500,28,45.6,8,0.05,LAMAI,6,2025-04-09,Rössle Sauerkraut,7,1,Produce,La maison d'Asie,France,Michael,Suyama,Sales Representative,346.56
10501,54,7.45,20,0.0,BLAUS,9,2025-04-09,Tourtière,6,0,Meat/Poultry,Blauer See Delikatessen,Germany,Anne,Dodsworth,Sales Representative,149.0
10502,45,9.5,21,0.0,PERIC,2,2025-04-10,Rogede sild,8,0,Seafood,Pericles Comidas clásicas,Mexico,Andrew,Fuller,Vice President Sales,199.5
10502,53,32.8,6,0.0,PERIC,2,2025-04-10,Perth Pasties,6,1,Meat/Poultry,Pericles Comidas clásicas,Mexico,Andrew,Fuller,Vice President Sales,196.79999999999998
10502,67,14.0,30,0.0,PERIC,2,2025-04-10,Laughing Lumberjack Lager,1,0,Beverages,Pericles Comidas clásicas,Mexico,Andrew,Fuller,Vice President Sales,420.0
10503,14,23.25,70,0.0,HUNGO,6,2025-04-11,Tofu,7,0,Produce,Hungry Owl All-Night Grocers,Ireland,Michael,Suyama,Sales Representative,1627.5
10503,65,21.05,20,0.0,HUNGO,6,2025-04-11,Louisiana Fiery Hot Pepper Sauce,2,0,Condiments,Hungry Owl All-Night Grocers,Ireland,Michael,Suyama,Sales Representative,421.0
10504,2,19.0,12,0.0,WHITC,4,2025-04-11,Chang,1,0,Beverages,White Clover Markets,USA,Margaret,Peacock,Sales Representative,228.0
10504,21,10.0,12,0.0,WHITC,4,2025-04-11,Sir Rodney's Scones,3,0,Confections,White Clover Markets,USA,Margaret,Peacock,Sales Representative,120.0
10504,53,32.8,10,0.0,WHITC,4,2025-04-11,Perth Pasties,6,1,Meat/Poultry,White Clover Markets,USA,Margaret,Peacock,Sales Representative,328.0
10504,61,28.5,25,0.0,WHITC,4,2025-04-11,Sirop d'érable,2,0,Condiments,White Clover Markets,USA,Margaret,Peacock,Sales Representative,712.5
10505,62,49.3,3,0.0,MEREP,3,2025-04-14,Tarte au sucre,3,0,Confections,Mère Paillarde,Canada,Janet,Leverling,Sales Representative,147.89999999999998
10506,25,14.0,18,0.1,KOENE,9,2025-04-15,NuNuCa Nuß-Nougat-Creme,3,0,Confections,Königlich Essen,Germany,Anne,Dodsworth,Sales Representative,226.8
10506,70,15.0,14,0.1,KOENE,9,2025-04-15,Outback Lager,1,0,Beverages,Königlich Essen,Germany,Anne,Dodsworth,Sales Representative,189.0
10507,43,46.0,15,0.15,ANTON,7,2025-04-15,Ipoh Coffee,1,0,Beverages,Antonio Moreno Taquería,Mexico,Robert,King,Sales Representative,586.5
10507,48,12.75,15,0.15,ANTON,7,2025-04-15,Chocolade,3,0,Confections,Antonio Moreno Taquería,Mexico,Robert,King,Sales Representative,162.5625
10508,13,6.0,10,0.0,OTTIK,1,2025-04-16,Konbu,8,0,Seafood,Ottilies Käseladen,Germany,Nancy,Davolio,Sales Representative,60.0
10508,39,18.0,10,0.0,OTTIK,1,2025-04-16,Chartreuse verte,1,0,Beverages,Ottilies Käseladen,Germany,Nancy,Davolio,Sales Representative,180.0
10509,28,45.6,3,0.0,BLAUS,4,2025-04-17,Rössle Sauerkraut,7,1,Produce,Blauer See Delikatessen,Germany,Margaret,Peacock,Sales Representative,136.8
10510,29,123.79,36,0.0,SAVEA,6,2025-04-18,Thüringer Rostbratwurst,6,1,Meat/Poultry,Save-a-lot Markets,USA,Michael,Suyama,Sales Representative,4456.4400000000005
10510,75,7.75,36,0.1,SAVEA,6,2025-04-18,Rhönbräu Klosterbier,1,0,Beverages,Save-a-lot Markets,USA,Michael,Suyama,Sales Representative,251.1
10511,4,22.0,50,0.15,BONAP,4,2025-04-18,Chef Anton's Cajun Seasoning,2,0,Condiments,Bon app',France,Margaret,Peacock,Sales Representative,935.0
10511,7,30.0,50,0.15,BONAP,4,2025-04-18,Uncle Bob's Organic Dried Pears,7,0,Produce,Bon app',France,Margaret,Peacock,Sales Representative,1275.0
10511,8,40.0,10,0.15,BONAP,4,2025-04-18,Northwoods Cranberry Sauce,2,0,Condiments,Bon app',France,Margaret,Peacock,Sales Representative,340.0
10512,24,4.5,10,0.15,FAMIA,7,2025-04-21,Guaraná Fantástica,1,1,Beverages,Familia Arquibaldo,Brazil,Robert,King,Sales Representative,38.25
10512,46,12.0,9,0.15,FAMIA,7,2025-04-21,Spegesild,8,0,Seafood,Familia Arquibaldo,Brazil,Robert,King,Sales Representative,91.8
10512,47,9.5,6,0.15,FAMIA,7,2025-04-21,Zaanse koeken,3,0,Confections,Familia Arquibaldo,Brazil,Robert,King,Sales Representative,48.449999999999996
10512,60,34.0,12,0.15,FAMIA,7,2025-04-21,Camembert Pierrot,4,0,Dairy Products,Familia Arquibaldo,Brazil,Robert,King,Sales Representative,346.8
10513,21,10.0,40,0.2,WANDK,7,2025-04-22,Sir Rodney's Scones,3,0,Confections,Die Wandernde Kuh,Germany,Robert,King,Sales Representative,320.0
10513,32,32.0,50,0.2,WANDK,7,2025-04-22,Mascarpone Fabioli,4,0,Dairy Products,Die Wandernde Kuh,Germany,Robert,King,Sales Representative,1280.0
10513,61,28.5,15,0.2,WANDK,7,2025-04-22,Sirop d'érable,2,0,Condiments,Die Wandernde Kuh,Germany,Robert,King,Sales Representative,342.0
10514,20,81.0,39,0.0,ERNSH,3,2025-04-22,Sir Rodney's Marmalade,3,0,Confections,Ernst Handel,Austria,Janet,Leverling,Sales Representative,3159.0
10514,28,45.6,35,0.0,ERNSH,3,2025-04-22,Rössle Sauerkraut,7,1,Produce,Ernst Handel,Austria,Janet,Leverling,Sales Representative,1596.0
10514,56,38.0,70,0.0,ERNSH,3,2025-04-22,Gnocchi di nonna Alice,5,0,Grains/Cereals,Ernst Handel,Austria,Janet,Leverling,Sales Representative,2660.0
10514,65,21.05,39,0.0,ERNSH,3,2025-04-22,Louisiana Fiery Hot Pepper Sauce,2,0,Condiments,Ernst Handel,Austria,Janet,Leverling,Sales Representative,820.95
10514,75,7.75,50,0.0,ERNSH,3,2025-04-22,Rhönbräu Klosterbier,1,0,Beverages,Ernst Handel,Austria,Janet,Leverling,Sales Representative,387.5
10515,9,97.0,16,0.15,QUICK,2,2025-04-23,Mishi Kobe Niku,6,1,Meat/Poultry,QUICK-Stop,Germany,Andrew,Fuller,Vice President Sales,1319.2
10515,16,17.45,50,0.0,QUICK,2,2025-04-23,Pavlova,3,0,Confections,QUICK-Stop,Germany,Andrew,Fuller,Vice President Sales,872.5
10515,27,43.9,120,0.0,QUICK,2,2025-04-23,Schoggi Schokolade,3,0,Confections,QUICK-Stop,Germany,Andrew,Fuller,Vice President Sales,5268.0
10515,33,2.5,16,0.15,QUICK,2,2025-04-23,Geitost,4,0,Dairy Products,QUICK-Stop,Germany,Andrew,Fuller,Vice President Sales,34.0
10515,60,34.0,84,0.15,QUICK,2,2025-04-23,Camembert Pierrot,4,0,Dairy Products,QUICK-Stop,Germany,Andrew,Fuller,Vice President Sales,2427.6
10516,18,62.5,25,0.1,HUNGO,2,2025-04-24,Carnarvon Tigers,8,0,Seafood,Hungry Owl All-Night Grocers,Ireland,Andrew,Fuller,Vice President Sales,1406.25
10516,41,9.65,80,0.1,HUNGO,2,2025-04-24,Jack's New England Clam Chowder,8,0,Seafood,Hungry Owl All-Night Grocers,Ireland,Andrew,Fuller,Vice President Sales,694.8000000000001
10516,42,14.0,20,0.0,HUNGO,2,2025-04-24,Singaporean Hokkien Fried Mee,5,1,Grains/Cereals,Hungry Owl All-Night Grocers,Ireland,Andrew,Fuller,Vice President Sales,280.0
10517,52,7.0,6,0.0,NORTS,3,2025-04-24,Filo Mix,5,0,Grains/Cereals,North/South,UK,Janet,Leverling,Sales Representative,42.0
10517,59,55.0,4,0.0,NORTS,3,2025-04-24,Raclette Courdavault,4,0,Dairy Products,North/South,UK,Janet,Leverling,Sales Representative,220.0
10517,70,15.0,6,0.0,NORTS,3,2025-04-24,Outback Lager,1,0,Beverages,North/South,UK,Janet,Leverling,Sales Representative,90.0
10518,24,4.5,5,0.0,TORTU,4,2025-04-25,Guaraná Fantástica,1,1,Beverages,Tortuga Restaurante,Mexico,Margaret,Peacock,Sales Representative,22.5
10518,38,263.5,15,0.0,TORTU,4,2025-04-25,Côte de Blaye,1,0,Beverages,Tortuga Restaurante,Mexico,Margaret,Peacock,Sales Representative,3952.5
10518,44,19.45,9,0.0,TORTU,4,2025-04-25,Gula Malacca,2,0,Condiments,Tortuga Restaurante,Mexico,Margaret,Peacock,Sales Representative,175.04999999999998
10519,10,31.0,16,0.05,CHOPS,6,2025-04-28,Ikura,8,0,Seafood,Chop-suey Chinese,Switzerland,Michael,Suyama,Sales Representative,471.2
10519,56,38.0,40,0.0,CHOPS,6,2025-04-28,Gnocchi di nonna Alice,5,0,Grains/Cereals,Chop-suey Chinese,Switzerland,Michael,Suyama,Sales Representative,1520.0
10519,60,34.0,10,0.05,CHOPS,6,2025-04-28,Camembert Pierrot,4,0,Dairy Products,Chop-suey Chinese,Switzerland,Michael,Suyama,Sales Representative,323.0
10520,24,4.5,8,0.0,SANTG,7,2025-04-29,Guaraná Fantástica,1,1,Beverages,Santé Gourmet,Norway,Robert,King,Sales Representative,36.0
10520,53,32.8,5,0.0,SANTG,7,2025-04-29,Perth Pasties,6,1,Meat/Poultry,Santé Gourmet,Norway,Robert,King,Sales Representative,164.0
10521,35,18.0,3,0.0,CACTU,8,2025-04-29,Steeleye Stout,1,0,Beverages,Cactus Comidas para llevar,Argentina,Laura,Callahan,Inside Sales Coordinator,54.0
10521,41,9.65,10,0.0,CACTU,8,2025-04-29,Jack's New England Clam Chowder,8,0,Seafood,Cactus Comidas para llevar,Argentina,Laura,Callahan,Inside Sales Coordinator,96.5
10521,68,12.5,6,0.0,CACTU,8,2025-04-29,Scottish Longbreads,3,0,Confections,Cactus Comidas para llevar,Argentina,Laura,Callahan,Inside Sales Coordinator,75.0
10522,1,18.0,40,0.2,LEHMS,4,2025-04-30,Chai,1,0,Beverages,Lehmanns Marktstand,Germany,Margaret,Peacock,Sales Representative,576.0
10522,8,40.0,24,0.0,LEHMS,4,2025-04-30,Northwoods Cranberry Sauce,2,0,Condiments,Lehmanns Marktstand,Germany,Margaret,Peacock,Sales Representative,960.0
10522,30,25.89,20,0.2,LEHMS,4,2025-04-30,Nord-Ost Matjeshering,8,0,Seafood,Lehmanns Marktstand,Germany,Margaret,Peacock,Sales Representative,414.24
10522,40,18.4,25,0.2,LEHMS,4,2025-04-30,Boston Crab Meat,8,0,Seafood,Lehmanns Marktstand,Germany,Margaret,Peacock,Sales Representative,368.0
10523,17,39.0,25,0.1,SEVES,7,2025-05-01,Alice Mutton,6,1,Meat/Poultry,Seven Seas Imports,UK,Robert,King,Sales Representative,877.5
10523,20,81.0,15,0.1,SEVES,7,2025-05-01,Sir Rodney's Marmalade,3,0,Confections,Seven Seas Imports,UK,Robert,King,Sales Representative,1093.5
10523,37,26.0,18,0.1,SEVES,7,2025-05-01,Gravad lax,8,0,Seafood,Seven Seas Imports,UK,Robert,King,Sales Representative,421.2
10523,41,9.65,6,0.1,SEVES,7,2025-05-01,Jack's New England Clam Chowder,8,0,Seafood,Seven Seas Imports,UK,Robert,King,Sales Representative,52.11000000000001
10524,10,31.0,2,0.0,BERGS,1,2025-05-01,Ikura,8,0,Seafood,Berglunds snabbköp,Sweden,Nancy,Davolio,Sales Representative,62.0
10524,30,25.89,10,0.0,BERGS,1,2025-05-01,Nord-Ost Matjeshering,8,0,Seafood,Berglunds snabbköp,Sweden,Nancy,Davolio,Sales Representative,258.9
10524,43,46.0,60,0.0,BERGS,1,2025-05-01,Ipoh Coffee,1,0,Beverages,Berglunds snabbköp,Sweden,Nancy,Davolio,Sales Representative,2760.0
10524,54,7.45,15,0.0,BERGS,1,2025-05-01,Tourtière,6,0,Meat/Poultry,Berglunds snabbköp,Sweden,Nancy,Davolio,Sales Representative,111.75
10525,36,19.0,30,0.0,BONAP,1,2025-05-02,Inlagd Sill,8,0,Seafood,Bon app',France,Nancy,Davolio,Sales Representative,570.0
10525,40,18.4,15,0.1,BONAP,1,2025-05-02,Boston Crab Meat,8,0,Seafood,Bon app',France,Nancy,Davolio,Sales Representative,248.4
10526,1,18.0,8,0.15,WARTH,4,2025-05-05,Chai,1,0,Beverages,Wartian Herkku,Finland,Margaret,Peacock,Sales Representative,122.39999999999999
10526,13,6.0,10,0.0,WARTH,4,2025-05-05,Konbu,8,0,Seafood,Wartian Herkku,Finland,Margaret,Peacock,Sales Representative,60.0
10526,56,38.0,30,0.15,WARTH,4,2025-05-05,Gnocchi di nonna Alice,5,0,Grains/Cereals,Wartian Herkku,Finland,Margaret,Peacock,Sales Representative,969.0
10527,4,22.0,50,0.1,QUICK,7,2025-05-05,Chef Anton's Cajun Seasoning,2,0,Condiments,QUICK-Stop,Germany,Robert,King,Sales Representative,990.0
10527,36,19.0,30,0.1,QUICK,7,2025-05-05,Inlagd Sill,8,0,Seafood,QUICK-Stop,Germany,Robert,King,Sales Representative,513.0
10528,11,21.0,3,0.0,GREAL,6,2025-05-06,Queso Cabrales,4,0,Dairy Products,Great Lakes Food Market,USA,Michael,Suyama,Sales Representative,63.0
10528,33,2.5,8,0.2,GREAL,6,2025-05-06,Geitost,4,0,Dairy Products,Great Lakes Food Market,USA,Michael,Suyama,Sales Representative,16.0
10528,72,34.8,9,0.0,GREAL,6,2025-05-06,Mozzarella di Giovanni,4,0,Dairy Products,Great Lakes Food Market,USA,Michael,Suyama,Sales Representative,313.2
10529,55,24.0,14,0.0,MAISD,5,2025-05-07,Pâté chinois,6,0,Meat/Poultry,Maison Dewey,Belgium,Steven,Buchanan,Sales Manager,336.0
10529,68,12.5,20,0.0,MAISD,5,2025-05-07,Scottish Longbreads,3,0,Confections,Maison Dewey,Belgium,Steven,Buchanan,Sales Manager,250.0
10529,69,36.0,10,0.0,MAISD,5,2025-05-07,Gudbrandsdalsost,4,0,Dairy Products,Maison Dewey,Belgium,Steven,Buchanan,Sales Manager,360.0
10530,17,39.0,40,0.0,PICCO,3,2025-05-08,Alice Mutton,6,1,Meat/Poultry,Piccolo und mehr,Austria,Janet,Leverling,Sales Representative,1560.0
10530,43,46.0,25,0.0,PICCO,3,2025-05-08,Ipoh Coffee,1,0,Beverages,Piccolo und mehr,Austria,Janet,Leverling,Sales Representative,1150.0
10530,61,28.5,20,0.0,PICCO,3,2025-05-08,Sirop d'érable,2,0,Condiments,Piccolo und mehr,Austria,Janet,Leverling,Sales Representative,570.0
10530,76,18.0,50,0.0,PICCO,3,2025-05-08,Lakkalikööri,1,0,Beverages,Piccolo und mehr,Austria,Janet,Leverling,Sales Representative,900.0
10531,59,55.0,2,0.0,OCEAN,7,2025-05-08,Raclette Courdavault,4,0,Dairy Products,Océano Atlántico Ltda.,Argentina,Robert,King,Sales Representative,110.0
10532,30,25.89,15,0.0,EASTC,7,2025-05-09,Nord-Ost Matjeshering,8,0,Seafood,Eastern Connection,UK,Robert,King,Sales Representative,388.35
10532,66,17.0,24,0.0,EASTC,7,2025-05-09,Louisiana Hot Spiced Okra,2,0,Condiments,Eastern Connection,UK,Robert,King,Sales Representative,408.0
10533,4,22.0,50,0.05,FOLKO,8,2025-05-12,Chef Anton's Cajun Seasoning,2,0,Condiments,Folk och fä HB,Sweden,Laura,Callahan,Inside Sales Coordinator,1045.0
10533,72,34.8,24,0.0,FOLKO,8,2025-05-12,Mozzarella di Giovanni,4,0,Dairy Products,Folk och fä HB,Sweden,Laura,Callahan,Inside Sales Coordinator,835.1999999999999
10533,73,15.0,24,0.05,FOLKO,8,2025-05-12,Röd Kaviar,8,0,Seafood,Folk och fä HB,Sweden,Laura,Callahan,Inside Sales Coordinator,342.0
10534,30,25.89,10,0.0,LEHMS,8,2025-05-12,Nord-Ost Matjeshering,8,0,Seafood,Lehmanns Marktstand,Germany,Laura,Callahan,Inside Sales Coordinator,258.9
10534,40,18.4,10,0.2,LEHMS,8,2025-05-12,Boston Crab Meat,8,0,Seafood,Lehmanns Marktstand,Germany,Laura,Callahan,Inside Sales Coordinator,147.20000000000002
10534,54,7.45,10,0.2,LEHMS,8,2025-05-12,Tourtière,6,0,Meat/Poultry,Lehmanns Marktstand,Germany,Laura,Callahan,Inside Sales Coordinator,59.6
10535,11,21.0,50,0.1,ANTON,4,2025-05-13,Queso Cabrales,4,0,Dairy Products,Antonio Moreno Taquería,Mexico,Margaret,Peacock,Sales Representative,945.0
10535,40,18.4,10,0.1,ANTON,4,2025-05-13,Boston Crab Meat,8,0,Seafood,Antonio Moreno Taquería,Mexico,Margaret,Peacock,Sales Representative,165.6
10535,57,19.5,5,0.1,ANTON,4,2025-05-13,Ravioli Angelo,5,0,Grains/Cereals,Antonio Moreno Taquería,Mexico,Margaret,Peacock,Sales Representative,87.75
10535,59,55.0,15,0.1,ANTON,4,2025-05-13,Raclette Courdavault,4,0,Dairy Products,Antonio Moreno Taquería,Mexico,Margaret,Peacock,Sales Representative,742.5
10536,12,38.0,15,0.25,LEHMS,3,2025-05-14,Queso Manchego La Pastora,4,0,Dairy Products,Lehmanns Marktstand,Germany,Janet,Leverling,Sales Representative,427.5
10536,31,12.5,20,0.0,LEHMS,3,2025-05-14,Gorgonzola Telino,4,0,Dairy Products,Lehmanns Marktstand,Germany,Janet,Leverling,Sales Representative,250.0
10536,33,2.5,30,0.0,LEHMS,3,2025-05-14,Geitost,4,0,Dairy Products,Lehmanns Marktstand,Germany,Janet,Leverling,Sales Representative,75.0
10536,60,34.0,35,0.25,LEHMS,3,2025-05-14,Camembert Pierrot,4,0,Dairy Products,Lehmanns Marktstand,Germany,Janet,Leverling,Sales Representative,892.5
10537,31,12.5,30,0.0,RICSU,1,2025-05-14,Gorgonzola Telino,4,0,Dairy Products,Richter Supermarkt,Switzerland,Nancy,Davolio,Sales Representative,375.0
10537,51,53.0,6,0.0,RICSU,1,2025-05-14,Manjimup Dried Apples,7,0,Produce,Richter Supermarkt,Switzerland,Nancy,Davolio,Sales Representative,318.0
10537,58,13.25,20,0.0,RICSU,1,2025-05-14,Escargots de Bourgogne,8,0,Seafood,Richter Supermarkt,Switzerland,Nancy,Davolio,Sales Representative,265.0
10537,72,34.8,21,0.0,RICSU,1,2025-05-14,Mozzarella di Giovanni,4,0,Dairy Products,Richter Supermarkt,Switzerland,Nancy,Davolio,Sales Representative,730.8
10537,73,15.0,9,0.0,RICSU,1,2025-05-14,Röd Kaviar,8,0,Seafood,Richter Supermarkt,Switzerland,Nancy,Davolio,Sales Representative,135.0
10538,70,15.0,7,0.0,BSBEV,9,2025-05-15,Outback Lager,1,0,Beverages,B's Beverages,UK,Anne,Dodsworth,Sales Representative,105.0
10538,72,34.8,1,0.0,BSBEV,9,2025-05-15,Mozzarella di Giovanni,4,0,Dairy Products,B's Beverages,UK,Anne,Dodsworth,Sales Representative,34.8
10539,13,6.0,8,0.0,BSBEV,6,2025-05-16,Konbu,8,0,Seafood,B's Beverages,UK,Michael,Suyama,Sales Representative,48.0
10539,21,10.0,15,0.0,BSBEV,6,2025-05-16,Sir Rodney's Scones,3,0,Confections,B's Beverages,UK,Michael,Suyama,Sales Representative,150.0
10539,33,2.5,15,0.0,BSBEV,6,2025-05-16,Geitost,4,0,Dairy Products,B's Beverages,UK,Michael,Suyama,Sales Representative,37.5
10539,49,20.0,6,0.0,BSBEV,6,2025-05-16,Maxilaku,3,0,Confections,B's Beverages,UK,Michael,Suyama,Sales Representative,120.0
10540,3,10.0,60,0.0,QUICK,3,2025-05-19,Aniseed Syrup,2,0,Condiments,QUICK-Stop,Germany,Janet,Leverling,Sales Representative,600.0
10540,26,31.23,40,0.0,QUICK,3,2025-05-19,Gumbär Gummibärchen,3,0,Confections,QUICK-Stop,Germany,Janet,Leverling,Sales Representative,1249.2
10540,38,263.5,30,0.0,QUICK,3,2025-05-19,Côte de Blaye,1,0,Beverages,QUICK-Stop,Germany,Janet,Leverling,Sales Representative,7905.0
10540,68,12.5,35,0.0,QUICK,3,2025-05-19,Scottish Longbreads,3,0,Confections,QUICK-Stop,Germany,Janet,Leverling,Sales Representative,437.5
10541,24,4.5,35,0.1,HANAR,2,2025-05-19,Guaraná Fantástica,1,1,Beverages,Hanari Carnes,Brazil,Andrew,Fuller,Vice President Sales,141.75
10541,38,263.5,4,0.1,HANAR,2,2025-05-19,Côte de Blaye,1,0,Beverages,Hanari Carnes,Brazil,Andrew,Fuller,Vice President Sales,948.6
10541,65,21.05,36,0.1,HANAR,2,2025-05-19,Louisiana Fiery Hot Pepper Sauce,2,0,Condiments,Hanari Carnes,Brazil,Andrew,Fuller,Vice President Sales,682.0200000000001
10541,71,21.5,9,0.1,HANAR,2,2025-05-19,Flotemysost,4,0,Dairy Products,Hanari Carnes,Brazil,Andrew,Fuller,Vice President Sales,174.15
10542,11,21.0,15,0.05,KOENE,1,2025-05-20,Queso Cabrales,4,0,Dairy Products,Königlich Essen,Germany,Nancy,Davolio,Sales Representative,299.25
10542,54,7.45,24,0.05,KOENE,1,2025-05-20,Tourtière,6,0,Meat/Poultry,Königlich Essen,Germany,Nancy,Davolio,Sales Representative,169.86
10543,12,38.0,30,0.15,LILAS,8,2025-05-21,Queso Manchego La Pastora,4,0,Dairy Products,LILA-Supermercado,Venezuela,Laura,Callahan,Inside Sales Coordinator,969.0
10543,23,9.0,70,0.15,LILAS,8,2025-05-21,Tunnbröd,5,0,Grains/Cereals,LILA-Supermercado,Venezuela,Laura,Callahan,Inside Sales Coordinator,535.5
10544,28,45.6,7,0.0,LONEP,4,2025-05-21,Rössle Sauerkraut,7,1,Produce,Lonesome Pine Restaurant,USA,Margaret,Peacock,Sales Representative,319.2
10544,67,14.0,7,0.0,LONEP,4,2025-05-21,Laughing Lumberjack Lager,1,0,Beverages,Lonesome Pine Restaurant,USA,Margaret,Peacock,Sales Representative,98.0
10545,11,21.0,10,0.0,LAZYK,8,2025-05-22,Queso Cabrales,4,0,Dairy Products,Lazy K Kountry Store,USA,Laura,Callahan,Inside Sales Coordinator,210.0
10546,7,30.0,10,0.0,VICTE,1,2025-05-23,Uncle Bob's Organic Dried Pears,7,0,Produce,Victuailles en stock,France,Nancy,Davolio,Sales Representative,300.0
10546,35,18.0,30,0.0,VICTE,1,2025-05-23,Steeleye Stout,1,0,Beverages,Victuailles en stock,France,Nancy,Davolio,Sales Representative,540.0
10546,62,49.3,40,0.0,VICTE,1,2025-05-23,Tarte au sucre,3,0,Confections,Victuailles en stock,France,Nancy,Davolio,Sales Representative,1972.0
10547,32,32.0,24,0.15,SEVES,3,2025-05-23,Mascarpone Fabioli,4,0,Dairy Products,Seven Seas Imports,UK,Janet,Leverling,Sales Representative,652.8
10547,36,19.0,60,0.0,SEVES,3,2025-05-23,Inlagd Sill,8,0,Seafood,Seven Seas Imports,UK,Janet,Leverling,Sales Representative,1140.0
10548,34,14.0,10,0.25,TOMSP,3,2025-05-26,Sasquatch Ale,1,0,Beverages,Toms Spezialitäten,Germany,Janet,Leverling,Sales Representative,105.0
10548,41,9.65,14,0.0,TOMSP,3,2025-05-26,Jack's New England Clam Chowder,8,0,Seafood,Toms Spezialitäten,Germany,Janet,Leverling,Sales Representative,135.1
10549,31,12.5,55,0.15,QUICK,5,2025-05-27,Gorgonzola Telino,4,0,Dairy Products,QUICK-Stop,Germany,Steven,Buchanan,Sales Manager,584.375
10549,45,9.5,100,0.15,QUICK,5,2025-05-27,Rogede sild,8,0,Seafood,QUICK-Stop,Germany,Steven,Buchanan,Sales Manager,807.5
10549,51,53.0,48,0.15,QUICK,5,2025-05-27,Manjimup Dried Apples,7,0,Produce,QUICK-Stop,Germany,Steven,Buchanan,Sales Manager,2162.4
10550,17,39.0,8,0.1,GODOS,7,2025-05-28,Alice Mutton,6,1,Meat/Poultry,Godos Cocina Típica,Spain,Robert,King,Sales Representative,280.8
10550,19,9.2,10,0.0,GODOS,7,2025-05-28,Teatime Chocolate Biscuits,3,0,Confections,Godos Cocina Típica,Spain,Robert,King,Sales Representative,92.0
10550,21,10.0,6,0.1,GODOS,7,2025-05-28,Sir Rodney's Scones,3,0,Confections,Godos Cocina Típica,Spain,Robert,King,Sales Representative,54.0
10550,61,28.5,10,0.1,GODOS,7,2025-05-28,Sirop d'érable,2,0,Condiments,Godos Cocina Típica,Spain,Robert,King,Sales Representative,256.5
10551,16,17.45,40,0.15,FURIB,4,2025-05-28,Pavlova,3,0,Confections,Furia Bacalhau e Frutos do Mar,Portugal,Margaret,Peacock,Sales Representative,593.3
10551,35,18.0,20,0.15,FURIB,4,2025-05-28,Steeleye Stout,1,0,Beverages,Furia Bacalhau e Frutos do Mar,Portugal,Margaret,Peacock,Sales Representative,306.0
10551,44,19.45,40,0.0,FURIB,4,2025-05-28,Gula Malacca,2,0,Condiments,Furia Bacalhau e Frutos do Mar,Portugal,Margaret,Peacock,Sales Representative,778.0
10552,69,36.0,18,0.0,HILAA,2,2025-05-29,Gudbrandsdalsost,4,0,Dairy Products,HILARION-Abastos,Venezuela,Andrew,Fuller,Vice President Sales,648.0
10552,75,7.75,30,0.0,HILAA,2,2025-05-29,Rhönbräu Klosterbier,1,0,Beverages,HILARION-Abastos,Venezuela,Andrew,Fuller,Vice President Sales,232.5
10553,11,21.0,15,0.0,WARTH,2,2025-05-30,Queso Cabrales,4,0,Dairy Products,Wartian Herkku,Finland,Andrew,Fuller,Vice President Sales,315.0
10553,16,17.45,14,0.0,WARTH,2,2025-05-30,Pavlova,3,0,Confections,Wartian Herkku,Finland,Andrew,Fuller,Vice President Sales,244.29999999999998
10553,22,21.0,24,0.0,WARTH,2,2025-05-30,Gustaf's Knäckebröd,5,0,Grains/Cereals,Wartian Herkku,Finland,Andrew,Fuller,Vice President Sales,504.0
10553,31,12.5,30,0.0,WARTH,2,2025-05-30,Gorgonzola Telino,4,0,Dairy Products,Wartian Herkku,Finland,Andrew,Fuller,Vice President Sales,375.0
10553,35,18.0,6,0.0,WARTH,2,2025-05-30,Steeleye Stout,1,0,Beverages,Wartian Herkku,Finland,Andrew,Fuller,Vice President Sales,108.0
10554,16,17.45,30,0.05,OTTIK,4,2025-05-30,Pavlova,3,0,Confections,Ottilies Käseladen,Germany,Margaret,Peacock,Sales Representative,497.325
10554,23,9.0,20,0.05,OTTIK,4,2025-05-30,Tunnbröd,5,0,Grains/Cereals,Ottilies Käseladen,Germany,Margaret,Peacock,Sales Representative,171.0
10554,62,49.3,20,0.05,OTTIK,4,2025-05-30,Tarte au sucre,3,0,Confections,Ottilies Käseladen,Germany,Margaret,Peacock,Sales Representative,936.6999999999999
10554,77,13.0,10,0.05,OTTIK,4,2025-05-30,Original Frankfurter grüne Soße,2,0,Condiments,Ottilies Käseladen,Germany,Margaret,Peacock,Sales Representative,123.5
10555,14,23.25,30,0.2,SAVEA,6,2025-06-02,Tofu,7,0,Produce,Save-a-lot Markets,USA,Michael,Suyama,Sales Representative,558.0
10555,19,9.2,35,0.2,SAVEA,6,2025-06-02,Teatime Chocolate Biscuits,3,0,Confections,Save-a-lot Markets,USA,Michael,Suyama,Sales Representative,257.6
10555,24,4.5,18,0.2,SAVEA,6,2025-06-02,Guaraná Fantástica,1,1,Beverages,Save-a-lot Markets,USA,Michael,Suyama,Sales Representative,64.8
10555,51,53.0,20,0.2,SAVEA,6,2025-06-02,Manjimup Dried Apples,7,0,Produce,Save-a-lot Markets,USA,Michael,Suyama,Sales Representative,848.0
10555,56,38.0,40,0.2,SAVEA,6,2025-06-02,Gnocchi di nonna Alice,5,0,Grains/Cereals,Save-a-lot Markets,USA,Michael,Suyama,Sales Representative,1216.0
10556,72,34.8,24,0.0,SIMOB,2,2025-06-03,Mozzarella di Giovanni,4,0,Dairy Products,Simons bistro,Denmark,Andrew,Fuller,Vice President Sales,835.1999999999999
10557,64,33.25,30,0.0,LEHMS,9,2025-06-03,Wimmers gute Semmelknödel,5,0,Grains/Cereals,Lehmanns Marktstand,Germany,Anne,Dodsworth,Sales Representative,997.5
10557,75,7.75,20,0.0,LEHMS,9,2025-06-03,Rhönbräu Klosterbier,1,0,Beverages,Lehmanns Marktstand,Germany,Anne,Dodsworth,Sales Representative,155.0
10558,47,9.5,25,0.0,AROUT,1,2025-06-04,Zaanse koeken,3,0,Confections,Around the Horn,UK,Nancy,Davolio,Sales Representative,237.5
10558,51,53.0,20,0.0,AROUT,1,2025-06-04,Manjimup Dried Apples,7,0,Produce,Around the Horn,UK,Nancy,Davolio,Sales Representative,1060.0
10558,52,7.0,30,0.0,AROUT,1,2025-06-04,Filo Mix,5,0,Grains/Cereals,Around the Horn,UK,Nancy,Davolio,Sales Representative,210.0
10558,53,32.8,18,0.0,AROUT,1,2025-06-04,Perth Pasties,6,1,Meat/Poultry,Around the Horn,UK,Nancy,Davolio,Sales Representative,590.4
10558,73,15.0,3,0.0,AROUT,1,2025-06-04,Röd Kaviar,8,0,Seafood,Around the Horn,UK,Nancy,Davolio,Sales Representative,45.0
10559,41,9.65,12,0.05,BLONP,6,2025-06-05,Jack's New England Clam Chowder,8,0,Seafood,Blondesddsl père et fils,France,Michael,Suyama,Sales Representative,110.01
10559,55,24.0,18,0.05,BLONP,6,2025-06-05,Pâté chinois,6,0,Meat/Poultry,Blondesddsl père et fils,France,Michael,Suyama,Sales Representative,410.4
10560,30,25.89,20,0.0,FRANK,8,2025-06-06,Nord-Ost Matjeshering,8,0,Seafood,Frankenversand,Germany,Laura,Callahan,Inside Sales Coordinator,517.8
10560,62,49.3,15,0.25,FRANK,8,2025-06-06,Tarte au sucre,3,0,Confections,Frankenversand,Germany,Laura,Callahan,Inside Sales Coordinator,554.625
10561,44,19.45,10,0.0,FOLKO,2,2025-06-06,Gula Malacca,2,0,Condiments,Folk och fä HB,Sweden,Andrew,Fuller,Vice President Sales,194.5
10561,51,53.0,50,0.0,FOLKO,2,2025-06-06,Manjimup Dried Apples,7,0,Produce,Folk och fä HB,Sweden,Andrew,Fuller,Vice President Sales,2650.0
10562,33,2.5,20,0.1,REGGC,1,2025-06-09,Geitost,4,0,Dairy Products,Reggiani Caseifici,Italy,Nancy,Davolio,Sales Representative,45.0
10562,62,49.3,10,0.1,REGGC,1,2025-06-09,Tarte au sucre,3,0,Confections,Reggiani Caseifici,Italy,Nancy,Davolio,Sales Representative,443.7
10563,36,19.0,25,0.0,RICAR,2,2025-06-10,Inlagd Sill,8,0,Seafood,Ricardo Adocicados,Brazil,Andrew,Fuller,Vice President Sales,475.0
10563,52,7.0,70,0.0,RICAR,2,2025-06-10,Filo Mix,5,0,Grains/Cereals,Ricardo Adocicados,Brazil,Andrew,Fuller,Vice President Sales,490.0
10564,17,39.0,16,0.05,RATTC,4,2025-06-10,Alice Mutton,6,1,Meat/Poultry,Rattlesnake Canyon Grocery,USA,Margaret,Peacock,Sales Representative,592.8
10564,31,12.5,6,0.05,RATTC,4,2025-06-10,Gorgonzola Telino,4,0,Dairy Products,Rattlesnake Canyon Grocery,USA,Margaret,Peacock,Sales Representative,71.25
10564,55,24.0,25,0.05,RATTC,4,2025-06-10,Pâté chinois,6,0,Meat/Poultry,Rattlesnake Canyon Grocery,USA,Margaret,Peacock,Sales Representative,570.0
10565,24,4.5,25,0.1,MEREP,8,2025-06-11,Guaraná Fantástica,1,1,Beverages,Mère Paillarde,Canada,Laura,Callahan,Inside Sales Coordinator,101.25
10565,64,33.25,18,0.1,MEREP,8,2025-06-11,Wimmers gute Semmelknödel,5,0,Grains/Cereals,Mère Paillarde,Canada,Laura,Callahan,Inside Sales Coordinator,538.65
10566,11,21.0,35,0.15,BLONP,9,2025-06-12,Queso Cabrales,4,0,Dairy Products,Blondesddsl père et fils,France,Anne,Dodsworth,Sales Representative,624.75
10566,18,62.5,18,0.15,BLONP,9,2025-06-12,Carnarvon Tigers,8,0,Seafood,Blondesddsl père et fils,France,Anne,Dodsworth,Sales Representative,956.25
10566,76,18.0,10,0.0,BLONP,9,2025-06-12,Lakkalikööri,1,0,Beverages,Blondesddsl père et fils,France,Anne,Dodsworth,Sales Representative,180.0
10567,31,12.5,60,0.2,HUNGO,1,2025-06-12,Gorgonzola Telino,4,0,Dairy Products,Hungry Owl All-Night Grocers,Ireland,Nancy,Davolio,Sales Representative,600.0
10567,51,53.0,3,0.0,HUNGO,1,2025-06-12,Manjimup Dried Apples,7,0,Produce,Hungry Owl All-Night Grocers,Ireland,Nancy,Davolio,Sales Representative,159.0
10567,59,55.0,40,0.2,HUNGO,1,2025-06-12,Raclette Courdavault,4,0,Dairy Products,Hungry Owl All-Night Grocers,Ireland,Nancy,Davolio,Sales Representative,1760.0
10568,10,31.0,5,0.0,GALED,3,2025-06-13,Ikura,8,0,Seafood,Galería del gastrónomo,Spain,Janet,Leverling,Sales Representative,155.0
10569,31,12.5,35,0.2,RATTC,5,2025-06-16,Gorgonzola Telino,4,0,Dairy Products,Rattlesnake Canyon Grocery,USA,Steven,Buchanan,Sales Manager,350.0
10569,76,18.0,30,0.0,RATTC,5,2025-06-16,Lakkalikööri,1,0,Beverages,Rattlesnake Canyon Grocery,USA,Steven,Buchanan,Sales Manager,540.0
10570,11,21.0,15,0.05,MEREP,3,2025-06-17,Queso Cabrales,4,0,Dairy Products,Mère Paillarde,Canada,Janet,Leverling,Sales Representative,299.25
10570,56,38.0,60,0.05,MEREP,3,2025-06-17,Gnocchi di nonna Alice,5,0,Grains/Cereals,Mère Paillarde,Canada,Janet,Leverling,Sales Representative,2166.0
10571,14,23.25,11,0.15,ERNSH,8,2025-06-17,Tofu,7,0,Produce,Ernst Handel,Austria,Laura,Callahan,Inside Sales Coordinator,217.3875
10571,42,14.0,28,0.15,ERNSH,8,2025-06-17,Singaporean Hokkien Fried Mee,5,1,Grains/Cereals,Ernst Handel,Austria,Laura,Callahan,Inside Sales Coordinator,333.2
10572,16,17.45,12,0.1,BERGS,3,2025-06-18,Pavlova,3,0,Confections,Berglunds snabbköp,Sweden,Janet,Leverling,Sales Representative,188.45999999999998
10572,32,32.0,10,0.1,BERGS,3,2025-06-18,Mascarpone Fabioli,4,0,Dairy Products,Berglunds snabbköp,Sweden,Janet,Leverling,Sales Representative,288.0
10572,40,18.4,50,0.0,BERGS,3,2025-06-18,Boston Crab Meat,8,0,Seafood,Berglunds snabbköp,Sweden,Janet,Leverling,Sales Representative,919.9999999999999
10572,75,7.75,15,0.1,BERGS,3,2025-06-18,Rhönbräu Klosterbier,1,0,Beverages,Berglunds snabbköp,Sweden,Janet,Leverling,Sales Representative,104.625
10573,17,39.0,18,0.0,ANTON,7,2025-06-19,Alice Mutton,6,1,Meat/Poultry,Antonio Moreno Taquería,Mexico,Robert,King,Sales Representative,702.0
10573,34,14.0,40,0.0,ANTON,7,2025-06-19,Sasquatch Ale,1,0,Beverages,Antonio Moreno Taquería,Mexico,Robert,King,Sales Representative,560.0
10573,53,32.8,25,0.0,ANTON,7,2025-06-19,Perth Pasties,6,1,Meat/Poultry,Antonio Moreno Taquería,Mexico,Robert,King,Sales Representative,819.9999999999999
10574,33,2.5,14,0.0,TRAIH,4,2025-06-19,Geitost,4,0,Dairy Products,Trail's Head Gourmet Provisioners,USA,Margaret,Peacock,Sales Representative,35.0
10574,40,18.4,2,0.0,TRAIH,4,2025-06-19,Boston Crab Meat,8,0,Seafood,Trail's Head Gourmet Provisioners,USA,Margaret,Peacock,Sales Representative,36.8
10574,62,49.3,10,0.0,TRAIH,4,2025-06-19,Tarte au sucre,3,0,Confections,Trail's Head Gourmet Provisioners,USA,Margaret,Peacock,Sales Representative,493.0
10574,64,33.25,6,0.0,TRAIH,4,2025-06-19,Wimmers gute Semmelknödel,5,0,Grains/Cereals,Trail's Head Gourmet Provisioners,USA,Margaret,Peacock,Sales Representative,199.5
10575,59,55.0,12,0.0,MORGK,5,2025-06-20,Raclette Courdavault,4,0,Dairy Products,Morgenstern Gesundkost,Germany,Steven,Buchanan,Sales Manager,660.0
10575,63,43.9,6,0.0,MORGK,5,2025-06-20,Vegie-spread,2,0,Condiments,Morgenstern Gesundkost,Germany,Steven,Buchanan,Sales Manager,263.4
10575,72,34.8,30,0.0,MORGK,5,2025-06-20,Mozzarella di Giovanni,4,0,Dairy Products,Morgenstern Gesundkost,Germany,Steven,Buchanan,Sales Manager,1044.0
10575,76,18.0,10,0.0,MORGK,5,2025-06-20,Lakkalikööri,1,0,Beverages,Morgenstern Gesundkost,Germany,Steven,Buchanan,Sales Manager,180.0
10576,1,18.0,10,0.0,TORTU,3,2025-06-23,Chai,1,0,Beverages,Tortuga Restaurante,Mexico,Janet,Leverling,Sales Representative,180.0
10576,31,12.5,20,0.0,TORTU,3,2025-06-23,Gorgonzola Telino,4,0,Dairy Products,Tortuga Restaurante,Mexico,Janet,Leverling,Sales Representative,250.0
10576,44,19.45,21,0.0,TORTU,3,2025-06-23,Gula Malacca,2,0,Condiments,Tortuga Restaurante,Mexico,Janet,Leverling,Sales Representative,408.45
10577,39,18.0,10,0.0,TRAIH,9,2025-06-23,Chartreuse verte,1,0,Beverages,Trail's Head Gourmet Provisioners,USA,Anne,Dodsworth,Sales Representative,180.0
10577,75,7.75,20,0.0,TRAIH,9,2025-06-23,Rhönbräu Klosterbier,1,0,Beverages,Trail's Head Gourmet Provisioners,USA,Anne,Dodsworth,Sales Representative,155.0
10577,77,13.0,18,0.0,TRAIH,9,2025-06-23,Original Frankfurter grüne Soße,2,0,Condiments,Trail's Head Gourmet Provisioners,USA,Anne,Dodsworth,Sales Representative,234.0
10578,35,18.0,20,0.0,BSBEV,4,2025-06-24,Steeleye Stout,1,0,Beverages,B's Beverages,UK,Margaret,Peacock,Sales Representative,360.0
10578,57,19.5,6,0.0,BSBEV,4,2025-06-24,Ravioli Angelo,5,0,Grains/Cereals,B's Beverages,UK,Margaret,Peacock,Sales Representative,117.0
10579,15,15.5,10,0.0,LETSS,1,2025-06-25,Genen Shouyu,2,0,Condiments,Let's Stop N Shop,USA,Nancy,Davolio,Sales Representative,155.0
10579,75,7.75,21,0.0,LETSS,1,2025-06-25,Rhönbräu Klosterbier,1,0,Beverages,Let's Stop N Shop,USA,Nancy,Davolio,Sales Representative,162.75
10580,14,23.25,15,0.05,OTTIK,4,2025-06-26,Tofu,7,0,Produce,Ottilies Käseladen,Germany,Margaret,Peacock,Sales Representative,331.3125
10580,41,9.65,9,0.05,OTTIK,4,2025-06-26,Jack's New England Clam Chowder,8,0,Seafood,Ottilies Käseladen,Germany,Margaret,Peacock,Sales Representative,82.50750000000001
10580,65,21.05,30,0.05,OTTIK,4,2025-06-26,Louisiana Fiery Hot Pepper Sauce,2,0,Condiments,Ottilies Käseladen,Germany,Margaret,Peacock,Sales Representative,599.925
10581,75,7.75,50,0.2,FAMIA,3,2025-06-26,Rhönbräu Klosterbier,1,0,Beverages,Familia Arquibaldo,Brazil,Janet,Leverling,Sales Representative,310.0
10582,57,19.5,4,0.0,BLAUS,3,2025-06-27,Ravioli Angelo,5,0,Grains/Cereals,Blauer See Delikatessen,Germany,Janet,Leverling,Sales Representative,78.0
10582,76,18.0,14,0.0,BLAUS,3,2025-06-27,Lakkalikööri,1,0,Beverages,Blauer See Delikatessen,Germany,Janet,Leverling,Sales Representative,252.0
10583,29,123.79,10,0.0,WARTH,2,2025-06-30,Thüringer Rostbratwurst,6,1,Meat/Poultry,Wartian Herkku,Finland,Andrew,Fuller,Vice President Sales,1237.9
10583,60,34.0,24,0.15,WARTH,2,2025-06-30,Camembert Pierrot,4,0,Dairy Products,Wartian Herkku,Finland,Andrew,Fuller,Vice President Sales,693.6
10583,69,36.0,10,0.15,WARTH,2,2025-06-30,Gudbrandsdalsost,4,0,Dairy Products,Wartian Herkku,Finland,Andrew,Fuller,Vice President Sales,306.0
10584,31,12.5,50,0.05,BLONP,4,2025-06-30,Gorgonzola Telino,4,0,Dairy Products,Blondesddsl père et fils,France,Margaret,Peacock,Sales Representative,593.75
10585,47,9.5,15,0.0,WELLI,7,2025-07-01,Zaanse koeken,3,0,Confections,Wellington Importadora,Brazil,Robert,King,Sales Representative,142.5
10586,52,7.0,4,0.15,REGGC,9,2025-07-02,Filo Mix,5,0,Grains/Cereals,Reggiani Caseifici,Italy,Anne,Dodsworth,Sales Representative,23.8
10587,26,31.23,6,0.0,QUEDE,1,2025-07-02,Gumbär Gummibärchen,3,0,Confections,Que Delícia,Brazil,Nancy,Davolio,Sales Representative,187.38
10587,35,18.0,20,0.0,QUEDE,1,2025-07-02,Steeleye Stout,1,0,Beverages,Que Delícia,Brazil,Nancy,Davolio,Sales Representative,360.0
10587,77,13.0,20,0.0,QUEDE,1,2025-07-02,Original Frankfurter grüne Soße,2,0,Condiments,Que Delícia,Brazil,Nancy,Davolio,Sales Representative,260.0
10588,18,62.5,40,0.2,QUICK,2,2025-07-03,Carnarvon Tigers,8,0,Seafood,QUICK-Stop,Germany,Andrew,Fuller,Vice President Sales,2000.0
10588,42,14.0,100,0.2,QUICK,2,2025-07-03,Singaporean Hokkien Fried Mee,5,1,Grains/Cereals,QUICK-Stop,Germany,Andrew,Fuller,Vice President Sales,1120.0
10589,35,18.0,4,0.0,GREAL,8,2025-07-04,Steeleye Stout,1,0,Beverages,Great Lakes Food Market,USA,Laura,Callahan,Inside Sales Coordinator,72.0
10590,1,18.0,20,0.0,MEREP,4,2025-07-07,Chai,1,0,Beverages,Mère Paillarde,Canada,Margaret,Peacock,Sales Representative,360.0
10590,77,13.0,60,0.05,MEREP,4,2025-07-07,Original Frankfurter grüne Soße,2,0,Condiments,Mère Paillarde,Canada,Margaret,Peacock,Sales Representative,741.0
10591,3,10.0,14,0.0,VAFFE,1,2025-07-07,Aniseed Syrup,2,0,Condiments,Vaffeljernet,Denmark,Nancy,Davolio,Sales Representative,140.0
10591,7,30.0,10,0.0,VAFFE,1,2025-07-07,Uncle Bob's Organic Dried Pears,7,0,Produce,Vaffeljernet,Denmark,Nancy,Davolio,Sales Representative,300.0
10591,54,7.45,50,0.0,VAFFE,1,2025-07-07,Tourtière,6,0,Meat/Poultry,Vaffeljernet,Denmark,Nancy,Davolio,Sales Representative,372.5
10592,15,15.5,25,0.05,LEHMS,3,2025-07-08,Genen Shouyu,2,0,Condiments,Lehmanns Marktstand,Germany,Janet,Leverling,Sales Representative,368.125
10592,26,31.23,5,0.05,LEHMS,3,2025-07-08,Gumbär Gummibärchen,3,0,Confections,Lehmanns Marktstand,Germany,Janet,Leverling,Sales Representative,148.3425
10593,20,81.0,21,0.2,LEHMS,7,2025-07-09,Sir Rodney's Marmalade,3,0,Confections,Lehmanns Marktstand,Germany,Robert,King,Sales Representative,1360.8000000000002
10593,69,36.0,20,0.2,LEHMS,7,2025-07-09,Gudbrandsdalsost,4,0,Dairy Products,Lehmanns Marktstand,Germany,Robert,King,Sales Representative,576.0
10593,76,18.0,4,0.2,LEHMS,7,2025-07-09,Lakkalikööri,1,0,Beverages,Lehmanns Marktstand,Germany,Robert,King,Sales Representative,57.6
10594,52,7.0,24,0.0,OLDWO,3,2025-07-09,Filo Mix,5,0,Grains/Cereals,Old World Delicatessen,USA,Janet,Leverling,Sales Representative,168.0
10594,58,13.25,30,0.0,OLDWO,3,2025-07-09,Escargots de Bourgogne,8,0,Seafood,Old World Delicatessen,USA,Janet,Leverling,Sales Representative,397.5
10595,35,18.0,30,0.25,ERNSH,2,2025-07-10,Steeleye Stout,1,0,Beverages,Ernst Handel,Austria,Andrew,Fuller,Vice President Sales,405.0
10595,61,28.5,120,0.25,ERNSH,2,2025-07-10,Sirop d'érable,2,0,Condiments,Ernst Handel,Austria,Andrew,Fuller,Vice President Sales,2565.0
10595,69,36.0,65,0.25,ERNSH,2,2025-07-10,Gudbrandsdalsost,4,0,Dairy Products,Ernst Handel,Austria,Andrew,Fuller,Vice President Sales,1755.0
10596,56,38.0,5,0.2,WHITC,8,2025-07-11,Gnocchi di nonna Alice,5,0,Grains/Cereals,White Clover Markets,USA,Laura,Callahan,Inside Sales Coordinator,152.0
10596,63,43.9,24,0.2,WHITC,8,2025-07-11,Vegie-spread,2,0,Condiments,White Clover Markets,USA,Laura,Callahan,Inside Sales Coordinator,842.88
10596,75,7.75,30,0.2,WHITC,8,2025-07-11,Rhönbräu Klosterbier,1,0,Beverages,White Clover Markets,USA,Laura,Callahan,Inside Sales Coordinator,186.0
10597,24,4.5,35,0.2,PICCO,7,2025-07-11,Guaraná Fantástica,1,1,Beverages,Piccolo und mehr,Austria,Robert,King,Sales Representative,126.0
10597,57,19.5,20,0.0,PICCO,7,2025-07-11,Ravioli Angelo,5,0,Grains/Cereals,Piccolo und mehr,Austria,Robert,King,Sales Representative,390.0
10597,65,21.05,12,0.2,PICCO,7,2025-07-11,Louisiana Fiery Hot Pepper Sauce,2,0,Condiments,Piccolo und mehr,Austria,Robert,King,Sales Representative,202.08000000000004
10598,27,43.9,50,0.0,RATTC,1,2025-07-14,Schoggi Schokolade,3,0,Confections,Rattlesnake Canyon Grocery,USA,Nancy,Davolio,Sales Representative,2195.0
10598,71,21.5,9,0.0,RATTC,1,2025-07-14,Flotemysost,4,0,Dairy Products,Rattlesnake Canyon Grocery,USA,Nancy,Davolio,Sales Representative,193.5
10599,62,49.3,10,0.0,BSBEV,6,2025-07-15,Tarte au sucre,3,0,Confections,B's Beverages,UK,Michael,Suyama,Sales Representative,493.0
10600,54,7.45,4,0.0,HUNGC,4,2025-07-16,Tourtière,6,0,Meat/Poultry,Hungry Coyote Import Store,USA,Margaret,Peacock,Sales Representative,29.8
10600,73,15.0,30,0.0,HUNGC,4,2025-07-16,Röd Kaviar,8,0,Seafood,Hungry Coyote Import Store,USA,Margaret,Peacock,Sales Representative,450.0
10601,13,6.0,60,0.0,HILAA,7,2025-07-16,Konbu,8,0,Seafood,HILARION-Abastos,Venezuela,Robert,King,Sales Representative,360.0
10601,59,55.0,35,0.0,HILAA,7,2025-07-16,Raclette Courdavault,4,0,Dairy Products,HILARION-Abastos,Venezuela,Robert,King,Sales Representative,1925.0
10602,77,13.0,5,0.25,VAFFE,8,2025-07-17,Original Frankfurter grüne Soße,2,0,Condiments,Vaffeljernet,Denmark,Laura,Callahan,Inside Sales Coordinator,48.75
10603,22,21.0,48,0.0,SAVEA,8,2025-07-18,Gustaf's Knäckebröd,5,0,Grains/Cereals,Save-a-lot Markets,USA,Laura,Callahan,Inside Sales Coordinator,1008.0
10603,49,20.0,25,0.05,SAVEA,8,2025-07-18,Maxilaku,3,0,Confections,Save-a-lot Markets,USA,Laura,Callahan,Inside Sales Coordinator,475.0
10604,48,12.75,6,0.1,FURIB,1,2025-07-18,Chocolade,3,0,Confections,Furia Bacalhau e Frutos do Mar,Portugal,Nancy,Davolio,Sales Representative,68.85000000000001
10604,76,18.0,10,0.1,FURIB,1,2025-07-18,Lakkalikööri,1,0,Beverages,Furia Bacalhau e Frutos do Mar,Portugal,Nancy,Davolio,Sales Representative,162.0
10605,16,17.45,30,0.05,MEREP,1,2025-07-21,Pavlova,3,0,Confections,Mère Paillarde,Canada,Nancy,Davolio,Sales Representative,497.325
10605,59,55.0,20,0.05,MEREP,1,2025-07-21,Raclette Courdavault,4,0,Dairy Products,Mère Paillarde,Canada,Nancy,Davolio,Sales Representative,1045.0
10605,60,34.0,70,0.05,MEREP,1,2025-07-21,Camembert Pierrot,4,0,Dairy Products,Mère Paillarde,Canada,Nancy,Davolio,Sales Representative,2261.0
10605,71,21.5,15,0.05,MEREP,1,2025-07-21,Flotemysost,4,0,Dairy Products,Mère Paillarde,Canada,Nancy,Davolio,Sales Representative,306.375
10606,4,22.0,20,0.2,TRADH,4,2025-07-22,Chef Anton's Cajun Seasoning,2,0,Condiments,Tradição Hipermercados,Brazil,Margaret,Peacock,Sales Representative,352.0
10606,55,24.0,20,0.2,TRADH,4,2025-07-22,Pâté chinois,6,0,Meat/Poultry,Tradição Hipermercados,Brazil,Margaret,Peacock,Sales Representative,384.0
10606,62,49.3,10,0.2,TRADH,4,2025-07-22,Tarte au sucre,3,0,Confections,Tradição Hipermercados,Brazil,Margaret,Peacock,Sales Representative,394.40000000000003
10607,7,30.0,45,0.0,SAVEA,5,2025-07-22,Uncle Bob's Organic Dried Pears,7,0,Produce,Save-a-lot Markets,USA,Steven,Buchanan,Sales Manager,1350.0
10607,17,39.0,100,0.0,SAVEA,5,2025-07-22,Alice Mutton,6,1,Meat/Poultry,Save-a-lot Markets,USA,Steven,Buchanan,Sales Manager,3900.0
10607,33,2.5,14,0.0,SAVEA,5,2025-07-22,Geitost,4,0,Dairy Products,Save-a-lot Markets,USA,Steven,Buchanan,Sales Manager,35.0
10607,40,18.4,42,0.0,SAVEA,5,2025-07-22,Boston Crab Meat,8,0,Seafood,Save-a-lot Markets,USA,Steven,Buchanan,Sales Manager,772.8
10607,72,34.8,12,0.0,SAVEA,5,2025-07-22,Mozzarella di Giovanni,4,0,Dairy Products,Save-a-lot Markets,USA,Steven,Buchanan,Sales Manager,417.59999999999997
10608,56,38.0,28,0.0,TOMSP,4,2025-07-23,Gnocchi di nonna Alice,5,0,Grains/Cereals,Toms Spezialitäten,Germany,Margaret,Peacock,Sales Representative,1064.0
10609,1,18.0,3,0.0,DUMON,7,2025-07-24,Chai,1,0,Beverages,Du monde entier,France,Robert,King,Sales Representative,54.0
10609,10,31.0,10,0.0,DUMON,7,2025-07-24,Ikura,8,0,Seafood,Du monde entier,France,Robert,King,Sales Representative,310.0
10609,21,10.0,6,0.0,DUMON,7,2025-07-24,Sir Rodney's Scones,3,0,Confections,Du monde entier,France,Robert,King,Sales Representative,60.0
10610,36,19.0,21,0.25,LAMAI,8,2025-07-25,Inlagd Sill,8,0,Seafood,La maison d'Asie,France,Laura,Callahan,Inside Sales Coordinator,299.25
10611,1,18.0,6,0.0,WOLZA,6,2025-07-25,Chai,1,0,Beverages,Wolski  Zajazd,Poland,Michael,Suyama,Sales Representative,108.0
10611,2,19.0,10,0.0,WOLZA,6,2025-07-25,Chang,1,0,Beverages,Wolski  Zajazd,Poland,Michael,Suyama,Sales Representative,190.0
10611,60,34.0,15,0.0,WOLZA,6,2025-07-25,Camembert Pierrot,4,0,Dairy Products,Wolski  Zajazd,Poland,Michael,Suyama,Sales Representative,510.0
10612,10,31.0,70,0.0,SAVEA,1,2025-07-28,Ikura,8,0,Seafood,Save-a-lot Markets,USA,Nancy,Davolio,Sales Representative,2170.0
10612,36,19.0,55,0.0,SAVEA,1,2025-07-28,Inlagd Sill,8,0,Seafood,Save-a-lot Markets,USA,Nancy,Davolio,Sales Representative,1045.0
10612,49,20.0,18,0.0,SAVEA,1,2025-07-28,Maxilaku,3,0,Confections,Save-a-lot Markets,USA,Nancy,Davolio,Sales Representative,360.0
10612,60,34.0,40,0.0,SAVEA,1,2025-07-28,Camembert Pierrot,4,0,Dairy Products,Save-a-lot Markets,USA,Nancy,Davolio,Sales Representative,1360.0
10612,76,18.0,80,0.0,SAVEA,1,2025-07-28,Lakkalikööri,1,0,Beverages,Save-a-lot Markets,USA,Nancy,Davolio,Sales Representative,1440.0
10613,13,6.0,8,0.1,HILAA,4,2025-07-29,Konbu,8,0,Seafood,HILARION-Abastos,Venezuela,Margaret,Peacock,Sales Representative,43.2
10613,75,7.75,40,0.0,HILAA,4,2025-07-29,Rhönbräu Klosterbier,1,0,Beverages,HILARION-Abastos,Venezuela,Margaret,Peacock,Sales Representative,310.0
10614,11,21.0,14,0.0,BLAUS,8,2025-07-29,Queso Cabrales,4,0,Dairy Products,Blauer See Delikatessen,Germany,Laura,Callahan,Inside Sales Coordinator,294.0
10614,21,10.0,8,0.0,BLAUS,8,2025-07-29,Sir Rodney's Scones,3,0,Confections,Blauer See Delikatessen,Germany,Laura,Callahan,Inside Sales Coordinator,80.0
10614,39,18.0,5,0.0,BLAUS,8,2025-07-29,Chartreuse verte,1,0,Beverages,Blauer See Delikatessen,Germany,Laura,Callahan,Inside Sales Coordinator,90.0
10615,55,24.0,5,0.0,WILMK,2,2025-07-30,Pâté chinois,6,0,Meat/Poultry,Wilman Kala,Finland,Andrew,Fuller,Vice President Sales,120.0
10616,38,263.5,15,0.05,GREAL,1,2025-07-31,Côte de Blaye,1,0,Beverages,Great Lakes Food Market,USA,Nancy,Davolio,Sales Representative,3754.875
10616,56,38.0,14,0.0,GREAL,1,2025-07-31,Gnocchi di nonna Alice,5,0,Grains/Cereals,Great Lakes Food Market,USA,Nancy,Davolio,Sales Representative,532.0
10616,70,15.0,15,0.05,GREAL,1,2025-07-31,Outback Lager,1,0,Beverages,Great Lakes Food Market,USA,Nancy,Davolio,Sales Representative,213.75
10616,71,21.5,15,0.05,GREAL,1,2025-07-31,Flotemysost,4,0,Dairy Products,Great Lakes Food Market,USA,Nancy,Davolio,Sales Representative,306.375
10617,59,55.0,30,0.15,GREAL,4,2025-07-31,Raclette Courdavault,4,0,Dairy Products,Great Lakes Food Market,USA,Margaret,Peacock,Sales Representative,1402.5
10618,6,25.0,70,0.0,MEREP,1,2025-08-01,Grandma's Boysenberry Spread,2,0,Condiments,Mère Paillarde,Canada,Nancy,Davolio,Sales Representative,1750.0
10618,56,38.0,20,0.0,MEREP,1,2025-08-01,Gnocchi di nonna Alice,5,0,Grains/Cereals,Mère Paillarde,Canada,Nancy,Davolio,Sales Representative,760.0
10618,68,12.5,15,0.0,MEREP,1,2025-08-01,Scottish Longbreads,3,0,Confections,Mère Paillarde,Canada,Nancy,Davolio,Sales Representative,187.5
10619,21,10.0,42,0.0,MEREP,3,2025-08-04,Sir Rodney's Scones,3,0,Confections,Mère Paillarde,Canada,Janet,Leverling,Sales Representative,420.0
10619,22,21.0,40,0.0,MEREP,3,2025-08-04,Gustaf's Knäckebröd,5,0,Grains/Cereals,Mère Paillarde,Canada,Janet,Leverling,Sales Representative,840.0
10620,24,4.5,5,0.0,LAUGB,2,2025-08-05,Guaraná Fantástica,1,1,Beverages,Laughing Bacchus Wine Cellars,Canada,Andrew,Fuller,Vice President Sales,22.5
10620,52,7.0,5,0.0,LAUGB,2,2025-08-05,Filo Mix,5,0,Grains/Cereals,Laughing Bacchus Wine Cellars,Canada,Andrew,Fuller,Vice President Sales,35.0
10621,19,9.2,5,0.0,ISLAT,4,2025-08-05,Teatime Chocolate Biscuits,3,0,Confections,Island Trading,UK,Margaret,Peacock,Sales Representative,46.0
10621,23,9.0,10,0.0,ISLAT,4,2025-08-05,Tunnbröd,5,0,Grains/Cereals,Island Trading,UK,Margaret,Peacock,Sales Representative,90.0
10621,70,15.0,20,0.0,ISLAT,4,2025-08-05,Outback Lager,1,0,Beverages,Island Trading,UK,Margaret,Peacock,Sales Representative,300.0
10621,71,21.5,15,0.0,ISLAT,4,2025-08-05,Flotemysost,4,0,Dairy Products,Island Trading,UK,Margaret,Peacock,Sales Representative,322.5
10622,2,19.0,20,0.0,RICAR,4,2025-08-06,Chang,1,0,Beverages,Ricardo Adocicados,Brazil,Margaret,Peacock,Sales Representative,380.0
10622,68,12.5,18,0.2,RICAR,4,2025-08-06,Scottish Longbreads,3,0,Confections,Ricardo Adocicados,Brazil,Margaret,Peacock,Sales Representative,180.0
10623,14,23.25,21,0.0,FRANK,8,2025-08-07,Tofu,7,0,Produce,Frankenversand,Germany,Laura,Callahan,Inside Sales Coordinator,488.25
10623,19,9.2,15,0.1,FRANK,8,2025-08-07,Teatime Chocolate Biscuits,3,0,Confections,Frankenversand,Germany,Laura,Callahan,Inside Sales Coordinator,124.2
10623,21,10.0,25,0.1,FRANK,8,2025-08-07,Sir Rodney's Scones,3,0,Confections,Frankenversand,Germany,Laura,Callahan,Inside Sales Coordinator,225.0
10623,24,4.5,3,0.0,FRANK,8,2025-08-07,Guaraná Fantástica,1,1,Beverages,Frankenversand,Germany,Laura,Callahan,Inside Sales Coordinator,13.5
10623,35,18.0,30,0.1,FRANK,8,2025-08-07,Steeleye Stout,1,0,Beverages,Frankenversand,Germany,Laura,Callahan,Inside Sales Coordinator,486.0
10624,28,45.6,10,0.0,THECR,4,2025-08-07,Rössle Sauerkraut,7,1,Produce,The Cracker Box,USA,Margaret,Peacock,Sales Representative,456.0
10624,29,123.79,6,0.0,THECR,4,2025-08-07,Thüringer Rostbratwurst,6,1,Meat/Poultry,The Cracker Box,USA,Margaret,Peacock,Sales Representative,742.74
10624,44,19.45,10,0.0,THECR,4,2025-08-07,Gula Malacca,2,0,Condiments,The Cracker Box,USA,Margaret,Peacock,Sales Representative,194.5
10625,14,23.25,3,0.0,ANATR,3,2025-08-08,Tofu,7,0,Produce,Ana Trujillo Emparedados y helados,Mexico,Janet,Leverling,Sales Representative,69.75
10625,42,14.0,5,0.0,ANATR,3,2025-08-08,Singaporean Hokkien Fried Mee,5,1,Grains/Cereals,Ana Trujillo Emparedados y helados,Mexico,Janet,Leverling,Sales Representative,70.0
10625,60,34.0,10,0.0,ANATR,3,2025-08-08,Camembert Pierrot,4,0,Dairy Products,Ana Trujillo Emparedados y helados,Mexico,Janet,Leverling,Sales Representative,340.0
10626,53,32.8,12,0.0,BERGS,1,2025-08-11,Perth Pasties,6,1,Meat/Poultry,Berglunds snabbköp,Sweden,Nancy,Davolio,Sales Representative,393.59999999999997
10626,60,34.0,20,0.0,BERGS,1,2025-08-11,Camembert Pierrot,4,0,Dairy Products,Berglunds snabbköp,Sweden,Nancy,Davolio,Sales Representative,680.0
10626,71,21.5,20,0.0,BERGS,1,2025-08-11,Flotemysost,4,0,Dairy Products,Berglunds snabbköp,Sweden,Nancy,Davolio,Sales Representative,430.0
10627,62,49.3,15,0.0,SAVEA,8,2025-08-11,Tarte au sucre,3,0,Confections,Save-a-lot Markets,USA,Laura,Callahan,Inside Sales Coordinator,739.5
10627,73,15.0,35,0.15,SAVEA,8,2025-08-11,Röd Kaviar,8,0,Seafood,Save-a-lot Markets,USA,Laura,Callahan,Inside Sales Coordinator,446.25
10628,1,18.0,25,0.0,BLONP,4,2025-08-12,Chai,1,0,Beverages,Blondesddsl père et fils,France,Margaret,Peacock,Sales Representative,450.0
10629,29,123.79,20,0.0,GODOS,4,2025-08-12,Thüringer Rostbratwurst,6,1,Meat/Poultry,Godos Cocina Típica,Spain,Margaret,Peacock,Sales Representative,2475.8
10629,64,33.25,9,0.0,GODOS,4,2025-08-12,Wimmers gute Semmelknödel,5,0,Grains/Cereals,Godos Cocina Típica,Spain,Margaret,Peacock,Sales Representative,299.25
10630,55,24.0,12,0.05,KOENE,1,2025-08-13,Pâté chinois,6,0,Meat/Poultry,Königlich Essen,Germany,Nancy,Davolio,Sales Representative,273.59999999999997
10630,76,18.0,35,0.0,KOENE,1,2025-08-13,Lakkalikööri,1,0,Beverages,Königlich Essen,Germany,Nancy,Davolio,Sales Representative,630.0
10631,75,7.75,8,0.1,LAMAI,8,2025-08-14,Rhönbräu Klosterbier,1,0,Beverages,La maison d'Asie,France,Laura,Callahan,Inside Sales Coordinator,55.800000000000004
10632,2,19.0,30,0.05,WANDK,8,2025-08-14,Chang,1,0,Beverages,Die Wandernde Kuh,Germany,Laura,Callahan,Inside Sales Coordinator,541.5
10632,33,2.5,20,0.05,WANDK,8,2025-08-14,Geitost,4,0,Dairy Products,Die Wandernde Kuh,Germany,Laura,Callahan,Inside Sales Coordinator,47.5
10633,12,38.0,36,0.15,ERNSH,7,2025-08-15,Queso Manchego La Pastora,4,0,Dairy Products,Ernst Handel,Austria,Robert,King,Sales Representative,1162.8
10633,13,6.0,13,0.15,ERNSH,7,2025-08-15,Konbu,8,0,Seafood,Ernst Handel,Austria,Robert,King,Sales Representative,66.3
10633,26,31.23,35,0.15,ERNSH,7,2025-08-15,Gumbär Gummibärchen,3,0,Confections,Ernst Handel,Austria,Robert,King,Sales Representative,929.0925
10633,62,49.3,80,0.15,ERNSH,7,2025-08-15,Tarte au sucre,3,0,Confections,Ernst Handel,Austria,Robert,King,Sales Representative,3352.4
10634,7,30.0,35,0.0,FOLIG,4,2025-08-15,Uncle Bob's Organic Dried Pears,7,0,Produce,Folies gourmandes,France,Margaret,Peacock,Sales Representative,1050.0
10634,18,62.5,50,0.0,FOLIG,4,2025-08-15,Carnarvon Tigers,8,0,Seafood,Folies gourmandes,France,Margaret,Peacock,Sales Representative,3125.0
10634,51,53.0,15,0.0,FOLIG,4,2025-08-15,Manjimup Dried Apples,7,0,Produce,Folies gourmandes,France,Margaret,Peacock,Sales Representative,795.0
10634,75,7.75,2,0.0,FOLIG,4,2025-08-15,Rhönbräu Klosterbier,1,0,Beverages,Folies gourmandes,France,Margaret,Peacock,Sales Representative,15.5
10635,4,22.0,10,0.1,MAGAA,8,2025-08-18,Chef Anton's Cajun Seasoning,2,0,Condiments,Magazzini Alimentari Riuniti,Italy,Laura,Callahan,Inside Sales Coordinator,198.0
10635,5,21.35,15,0.1,MAGAA,8,2025-08-18,Chef Anton's Gumbo Mix,2,1,Condiments,Magazzini Alimentari Riuniti,Italy,Laura,Callahan,Inside Sales Coordinator,288.225
10635,22,21.0,40,0.0,MAGAA,8,2025-08-18,Gustaf's Knäckebröd,5,0,Grains/Cereals,Magazzini Alimentari Riuniti,Italy,Laura,Callahan,Inside Sales Coordinator,840.0
10636,4,22.0,25,0.0,WARTH,4,2025-08-19,Chef Anton's Cajun Seasoning,2,0,Condiments,Wartian Herkku,Finland,Margaret,Peacock,Sales Representative,550.0
10636,58,13.25,6,0.0,WARTH,4,2025-08-19,Escargots de Bourgogne,8,0,Seafood,Wartian Herkku,Finland,Margaret,Peacock,Sales Representative,79.5
10637,11,21.0,10,0.0,QUEEN,6,2025-08-19,Queso Cabrales,4,0,Dairy Products,Queen Cozinha,Brazil,Michael,Suyama,Sales Representative,210.0
10637,50,16.25,25,0.05,QUEEN,6,2025-08-19,Valkoinen suklaa,3,0,Confections,Queen Cozinha,Brazil,Michael,Suyama,Sales Representative,385.9375
10637,56,38.0,60,0.05,QUEEN,6,2025-08-19,Gnocchi di nonna Alice,5,0,Grains/Cereals,Queen Cozinha,Brazil,Michael,Suyama,Sales Representative,2166.0
10638,45,9.5,20,0.0,LINOD,3,2025-08-20,Rogede sild,8,0,Seafood,LINO-Delicateses,Venezuela,Janet,Leverling,Sales Representative,190.0
10638,65,21.05,21,0.0,LINOD,3,2025-08-20,Louisiana Fiery Hot Pepper Sauce,2,0,Condiments,LINO-Delicateses,Venezuela,Janet,Leverling,Sales Representative,442.05
10638,72,34.8,60,0.0,LINOD,3,2025-08-20,Mozzarella di Giovanni,4,0,Dairy Products,LINO-Delicateses,Venezuela,Janet,Leverling,Sales Representative,2088.0
10639,18,62.5,8,0.0,SANTG,7,2025-08-20,Carnarvon Tigers,8,0,Seafood,Santé Gourmet,Norway,Robert,King,Sales Representative,500.0
10640,69,36.0,20,0.25,WANDK,4,2025-08-21,Gudbrandsdalsost,4,0,Dairy Products,Die Wandernde Kuh,Germany,Margaret,Peacock,Sales Representative,540.0
10640,70,15.0,15,0.25,WANDK,4,2025-08-21,Outback Lager,1,0,Beverages,Die Wandernde Kuh,Germany,Margaret,Peacock,Sales Representative,168.75
10641,2,19.0,50,0.0,HILAA,4,2025-08-22,Chang,1,0,Beverages,HILARION-Abastos,Venezuela,Margaret,Peacock,Sales Representative,950.0
10641,40,18.4,60,0.0,HILAA,4,2025-08-22,Boston Crab Meat,8,0,Seafood,HILARION-Abastos,Venezuela,Margaret,Peacock,Sales Representative,1104.0
10642,21,10.0,30,0.2,SIMOB,7,2025-08-22,Sir Rodney's Scones,3,0,Confections,Simons bistro,Denmark,Robert,King,Sales Representative,240.0
10642,61,28.5,20,0.2,SIMOB,7,2025-08-22,Sirop d'érable,2,0,Condiments,Simons bistro,Denmark,Robert,King,Sales Representative,456.0
10643,28,45.6,15,0.25,ALFKI,6,2025-08-25,Rössle Sauerkraut,7,1,Produce,Alfreds Futterkiste,Germany,Michael,Suyama,Sales Representative,513.0
10643,39,18.0,21,0.25,ALFKI,6,2025-08-25,Chartreuse verte,1,0,Beverages,Alfreds Futterkiste,Germany,Michael,Suyama,Sales Representative,283.5
10643,46,12.0,2,0.25,ALFKI,6,2025-08-25,Spegesild,8,0,Seafood,Alfreds Futterkiste,Germany,Michael,Suyama,Sales Representative,18.0
10644,18,62.5,4,0.1,WELLI,3,2025-08-25,Carnarvon Tigers,8,0,Seafood,Wellington Importadora,Brazil,Janet,Leverling,Sales Representative,225.0
10644,43,46.0,20,0.0,WELLI,3,2025-08-25,Ipoh Coffee,1,0,Beverages,Wellington Importadora,Brazil,Janet,Leverling,Sales Representative,920.0
10644,46,12.0,21,0.1,WELLI,3,2025-08-25,Spegesild,8,0,Seafood,Wellington Importadora,Brazil,Janet,Leverling,Sales Representative,226.8
10645,18,62.5,20,0.0,HANAR,4,2025-08-26,Carnarvon Tigers,8,0,Seafood,Hanari Carnes,Brazil,Margaret,Peacock,Sales Representative,1250.0
10645,36,19.0,15,0.0,HANAR,4,2025-08-26,Inlagd Sill,8,0,Seafood,Hanari Carnes,Brazil,Margaret,Peacock,Sales Representative,285.0
10646,1,18.0,15,0.25,HUNGO,9,2025-08-27,Chai,1,0,Beverages,Hungry Owl All-Night Grocers,Ireland,Anne,Dodsworth,Sales Representative,202.5
10646,10,31.0,18,0.25,HUNGO,9,2025-08-27,Ikura,8,0,Seafood,Hungry Owl All-Night Grocers,Ireland,Anne,Dodsworth,Sales Representative,418.5
10646,71,21.5,30,0.25,HUNGO,9,2025-08-27,Flotemysost,4,0,Dairy Products,Hungry Owl All-Night Grocers,Ireland,Anne,Dodsworth,Sales Representative,483.75
10646,77,13.0,35,0.25,HUNGO,9,2025-08-27,Original Frankfurter grüne Soße,2,0,Condiments,Hungry Owl All-Night Grocers,Ireland,Anne,Dodsworth,Sales Representative,341.25
10647,19,9.2,30,0.0,QUEDE,4,2025-08-27,Teatime Chocolate Biscuits,3,0,Confections,Que Delícia,Brazil,Margaret,Peacock,Sales Representative,276.0
10647,39,18.0,20,0.0,QUEDE,4,2025-08-27,Chartreuse verte,1,0,Beverages,Que Delícia,Brazil,Margaret,Peacock,Sales Representative,360.0
10648,22,21.0,15,0.0,RICAR,5,2025-08-28,Gustaf's Knäckebröd,5,0,Grains/Cereals,Ricardo Adocicados,Brazil,Steven,Buchanan,Sales Manager,315.0
10648,24,4.5,15,0.15,RICAR,5,2025-08-28,Guaraná Fantástica,1,1,Beverages,Ricardo Adocicados,Brazil,Steven,Buchanan,Sales Manager,57.375
10649,28,45.6,20,0.0,MAISD,5,2025-08-28,Rössle Sauerkraut,7,1,Produce,Maison Dewey,Belgium,Steven,Buchanan,Sales Manager,912.0
10649,72,34.8,15,0.0,MAISD,5,2025-08-28,Mozzarella di Giovanni,4,0,Dairy Products,Maison Dewey,Belgium,Steven,Buchanan,Sales Manager,522.0
10650,30,25.89,30,0.0,FAMIA,5,2025-08-29,Nord-Ost Matjeshering,8,0,Seafood,Familia Arquibaldo,Brazil,Steven,Buchanan,Sales Manager,776.7
10650,53,32.8,25,0.05,FAMIA,5,2025-08-29,Perth Pasties,6,1,Meat/Poultry,Familia Arquibaldo,Brazil,Steven,Buchanan,Sales Manager,778.9999999999999
10650,54,7.45,30,0.0,FAMIA,5,2025-08-29,Tourtière,6,0,Meat/Poultry,Familia Arquibaldo,Brazil,Steven,Buchanan,Sales Manager,223.5
10651,19,9.2,12,0.25,WANDK,8,2025-09-01,Teatime Chocolate Biscuits,3,0,Confections,Die Wandernde Kuh,Germany,Laura,Callahan,Inside Sales Coordinator,82.8
10651,22,21.0,20,0.25,WANDK,8,2025-09-01,Gustaf's Knäckebröd,5,0,Grains/Cereals,Die Wandernde Kuh,Germany,Laura,Callahan,Inside Sales Coordinator,315.0
10652,30,25.89,2,0.25,GOURL,4,2025-09-01,Nord-Ost Matjeshering,8,0,Seafood,Gourmet Lanchonetes,Brazil,Margaret,Peacock,Sales Representative,38.835
10652,42,14.0,20,0.0,GOURL,4,2025-09-01,Singaporean Hokkien Fried Mee,5,1,Grains/Cereals,Gourmet Lanchonetes,Brazil,Margaret,Peacock,Sales Representative,280.0
10653,16,17.45,30,0.1,FRANK,1,2025-09-02,Pavlova,3,0,Confections,Frankenversand,Germany,Nancy,Davolio,Sales Representative,471.15000000000003
10653,60,34.0,20,0.1,FRANK,1,2025-09-02,Camembert Pierrot,4,0,Dairy Products,Frankenversand,Germany,Nancy,Davolio,Sales Representative,612.0
10654,4,22.0,12,0.1,BERGS,5,2025-09-02,Chef Anton's Cajun Seasoning,2,0,Condiments,Berglunds snabbköp,Sweden,Steven,Buchanan,Sales Manager,237.6
10654,39,18.0,20,0.1,BERGS,5,2025-09-02,Chartreuse verte,1,0,Beverages,Berglunds snabbköp,Sweden,Steven,Buchanan,Sales Manager,324.0
10654,54,7.45,6,0.1,BERGS,5,2025-09-02,Tourtière,6,0,Meat/Poultry,Berglunds snabbköp,Sweden,Steven,Buchanan,Sales Manager,40.230000000000004
10655,41,9.65,20,0.2,REGGC,1,2025-09-03,Jack's New England Clam Chowder,8,0,Seafood,Reggiani Caseifici,Italy,Nancy,Davolio,Sales Representative,154.4
10656,14,23.25,3,0.1,GREAL,6,2025-09-04,Tofu,7,0,Produce,Great Lakes Food Market,USA,Michael,Suyama,Sales Representative,62.775
10656,44,19.45,28,0.1,GREAL,6,2025-09-04,Gula Malacca,2,0,Condiments,Great Lakes Food Market,USA,Michael,Suyama,Sales Representative,490.14000000000004
10656,47,9.5,6,0.1,GREAL,6,2025-09-04,Zaanse koeken,3,0,Confections,Great Lakes Food Market,USA,Michael,Suyama,Sales Representative,51.300000000000004
10657,15,15.5,50,0.0,SAVEA,2,2025-09-04,Genen Shouyu,2,0,Condiments,Save-a-lot Markets,USA,Andrew,Fuller,Vice President Sales,775.0
10657,41,9.65,24,0.0,SAVEA,2,2025-09-04,Jack's New England Clam Chowder,8,0,Seafood,Save-a-lot Markets,USA,Andrew,Fuller,Vice President Sales,231.60000000000002
10657,46,12.0,45,0.0,SAVEA,2,2025-09-04,Spegesild,8,0,Seafood,Save-a-lot Markets,USA,Andrew,Fuller,Vice President Sales,540.0
10657,47,9.5,10,0.0,SAVEA,2,2025-09-04,Zaanse koeken,3,0,Confections,Save-a-lot Markets,USA,Andrew,Fuller,Vice President Sales,95.0
10657,56,38.0,45,0.0,SAVEA,2,2025-09-04,Gnocchi di nonna Alice,5,0,Grains/Cereals,Save-a-lot Markets,USA,Andrew,Fuller,Vice President Sales,1710.0
10657,60,34.0,30,0.0,SAVEA,2,2025-09-04,Camembert Pierrot,4,0,Dairy Products,Save-a-lot Markets,USA,Andrew,Fuller,Vice President Sales,1020.0
10658,21,10.0,60,0.0,QUICK,4,2025-09-05,Sir Rodney's Scones,3,0,Confections,QUICK-Stop,Germany,Margaret,Peacock,Sales Representative,600.0
10658,40,18.4,70,0.05,QUICK,4,2025-09-05,Boston Crab Meat,8,0,Seafood,QUICK-Stop,Germany,Margaret,Peacock,Sales Representative,1223.6
10658,60,34.0,55,0.05,QUICK,4,2025-09-05,Camembert Pierrot,4,0,Dairy Products,QUICK-Stop,Germany,Margaret,Peacock,Sales Representative,1776.5
10658,77,13.0,70,0.05,QUICK,4,2025-09-05,Original Frankfurter grüne Soße,2,0,Condiments,QUICK-Stop,Germany,Margaret,Peacock,Sales Representative,864.5
10659,31,12.5,20,0.05,QUEEN,7,2025-09-05,Gorgonzola Telino,4,0,Dairy Products,Queen Cozinha,Brazil,Robert,King,Sales Representative,237.5
10659,40,18.4,24,0.05,QUEEN,7,2025-09-05,Boston Crab Meat,8,0,Seafood,Queen Cozinha,Brazil,Robert,King,Sales Representative,419.5199999999999
10659,70,15.0,40,0.05,QUEEN,7,2025-09-05,Outback Lager,1,0,Beverages,Queen Cozinha,Brazil,Robert,King,Sales Representative,570.0
10660,20,81.0,21,0.0,HUNGC,8,2025-09-08,Sir Rodney's Marmalade,3,0,Confections,Hungry Coyote Import Store,USA,Laura,Callahan,Inside Sales Coordinator,1701.0
10661,39,18.0,3,0.2,HUNGO,7,2025-09-09,Chartreuse verte,1,0,Beverages,Hungry Owl All-Night Grocers,Ireland,Robert,King,Sales Representative,43.2
10661,58,13.25,49,0.2,HUNGO,7,2025-09-09,Escargots de Bourgogne,8,0,Seafood,Hungry Owl All-Night Grocers,Ireland,Robert,King,Sales Representative,519.4
10662,68,12.5,10,0.0,LONEP,3,2025-09-09,Scottish Longbreads,3,0,Confections,Lonesome Pine Restaurant,USA,Janet,Leverling,Sales Representative,125.0
10663,40,18.4,30,0.05,BONAP,2,2025-09-10,Boston Crab Meat,8,0,Seafood,Bon app',France,Andrew,Fuller,Vice President Sales,524.4
10663,42,14.0,30,0.05,BONAP,2,2025-09-10,Singaporean Hokkien Fried Mee,5,1,Grains/Cereals,Bon app',France,Andrew,Fuller,Vice President Sales,399.0
10663,51,53.0,20,0.05,BONAP,2,2025-09-10,Manjimup Dried Apples,7,0,Produce,Bon app',France,Andrew,Fuller,Vice President Sales,1007.0
10664,10,31.0,24,0.15,FURIB,1,2025-09-10,Ikura,8,0,Seafood,Furia Bacalhau e Frutos do Mar,Portugal,Nancy,Davolio,Sales Representative,632.4
10664,56,38.0,12,0.15,FURIB,1,2025-09-10,Gnocchi di nonna Alice,5,0,Grains/Cereals,Furia Bacalhau e Frutos do Mar,Portugal,Nancy,Davolio,Sales Representative,387.59999999999997
10664,65,21.05,15,0.15,FURIB,1,2025-09-10,Louisiana Fiery Hot Pepper Sauce,2,0,Condiments,Furia Bacalhau e Frutos do Mar,Portugal,Nancy,Davolio,Sales Representative,268.3875
10665,51,53.0,20,0.0,LONEP,1,2025-09-11,Manjimup Dried Apples,7,0,Produce,Lonesome Pine Restaurant,USA,Nancy,Davolio,Sales Representative,1060.0
10665,59,55.0,1,0.0,LONEP,1,2025-09-11,Raclette Courdavault,4,0,Dairy Products,Lonesome Pine Restaurant,USA,Nancy,Davolio,Sales Representative,55.0
10665,76,18.0,10,0.0,LONEP,1,2025-09-11,Lakkalikööri,1,0,Beverages,Lonesome Pine Restaurant,USA,Nancy,Davolio,Sales Representative,180.0
10666,29,123.79,36,0.0,RICSU,7,2025-09-12,Thüringer Rostbratwurst,6,1,Meat/Poultry,Richter Supermarkt,Switzerland,Robert,King,Sales Representative,4456.4400000000005
10666,65,21.05,10,0.0,RICSU,7,2025-09-12,Louisiana Fiery Hot Pepper Sauce,2,0,Condiments,Richter Supermarkt,Switzerland,Robert,King,Sales Representative,210.5
10667,69,36.0,45,0.2,ERNSH,7,2025-09-12,Gudbrandsdalsost,4,0,Dairy Products,Ernst Handel,Austria,Robert,King,Sales Representative,1296.0
10667,71,21.5,14,0.2,ERNSH,7,2025-09-12,Flotemysost,4,0,Dairy Products,Ernst Handel,Austria,Robert,King,Sales Representative,240.8
10668,31,12.5,8,0.1,WANDK,1,2025-09-15,Gorgonzola Telino,4,0,Dairy Products,Die Wandernde Kuh,Germany,Nancy,Davolio,Sales Representative,90.0
10668,55,24.0,4,0.1,WANDK,1,2025-09-15,Pâté chinois,6,0,Meat/Poultry,Die Wandernde Kuh,Germany,Nancy,Davolio,Sales Representative,86.4
10668,64,33.25,15,0.1,WANDK,1,2025-09-15,Wimmers gute Semmelknödel,5,0,Grains/Cereals,Die Wandernde Kuh,Germany,Nancy,Davolio,Sales Representative,448.875
10669,36,19.0,30,0.0,SIMOB,2,2025-09-15,Inlagd Sill,8,0,Seafood,Simons bistro,Denmark,Andrew,Fuller,Vice President Sales,570.0
10670,23,9.0,32,0.0,FRANK,4,2025-09-16,Tunnbröd,5,0,Grains/Cereals,Frankenversand,Germany,Margaret,Peacock,Sales Representative,288.0
10670,46,12.0,60,0.0,FRANK,4,2025-09-16,Spegesild,8,0,Seafood,Frankenversand,Germany,Margaret,Peacock,Sales Representative,720.0
10670,67,14.0,25,0.0,FRANK,4,2025-09-16,Laughing Lumberjack Lager,1,0,Beverages,Frankenversand,Germany,Margaret,Peacock,Sales Representative,350.0
10670,73,15.0,50,0.0,FRANK,4,2025-09-16,Röd Kaviar,8,0,Seafood,Frankenversand,Germany,Margaret,Peacock,Sales Representative,750.0
10670,75,7.75,25,0.0,FRANK,4,2025-09-16,Rhönbräu Klosterbier,1,0,Beverages,Frankenversand,Germany,Margaret,Peacock,Sales Representative,193.75
10671,16,17.45,10,0.0,FRANR,1,2025-09-17,Pavlova,3,0,Confections,France restauration,France,Nancy,Davolio,Sales Representative,174.5
10671,62,49.3,10,0.0,FRANR,1,2025-09-17,Tarte au sucre,3,0,Confections,France restauration,France,Nancy,Davolio,Sales Representative,493.0
10671,65,21.05,12,0.0,FRANR,1,2025-09-17,Louisiana Fiery Hot Pepper Sauce,2,0,Condiments,France restauration,France,Nancy,Davolio,Sales Representative,252.60000000000002
10672,38,263.5,15,0.1,BERGS,9,2025-09-17,Côte de Blaye,1,0,Beverages,Berglunds snabbköp,Sweden,Anne,Dodsworth,Sales Representative,3557.25
10672,71,21.5,12,0.0,BERGS,9,2025-09-17,Flotemysost,4,0,Dairy Products,Berglunds snabbköp,Sweden,Anne,Dodsworth,Sales Representative,258.0
10673,16,17.45,3,0.0,WILMK,2,2025-09-18,Pavlova,3,0,Confections,Wilman Kala,Finland,Andrew,Fuller,Vice President Sales,52.349999999999994
10673,42,14.0,6,0.0,WILMK,2,2025-09-18,Singaporean Hokkien Fried Mee,5,1,Grains/Cereals,Wilman Kala,Finland,Andrew,Fuller,Vice President Sales,84.0
10673,43,46.0,6,0.0,WILMK,2,2025-09-18,Ipoh Coffee,1,0,Beverages,Wilman Kala,Finland,Andrew,Fuller,Vice President Sales,276.0
10674,23,9.0,5,0.0,ISLAT,4,2025-09-18,Tunnbröd,5,0,Grains/Cereals,Island Trading,UK,Margaret,Peacock,Sales Representative,45.0
10675,14,23.25,30,0.0,FRANK,5,2025-09-19,Tofu,7,0,Produce,Frankenversand,Germany,Steven,Buchanan,Sales Manager,697.5
10675,53,32.8,10,0.0,FRANK,5,2025-09-19,Perth Pasties,6,1,Meat/Poultry,Frankenversand,Germany,Steven,Buchanan,Sales Manager,328.0
10675,58,13.25,30,0.0,FRANK,5,2025-09-19,Escargots de Bourgogne,8,0,Seafood,Frankenversand,Germany,Steven,Buchanan,Sales Manager,397.5
10676,10,31.0,2,0.0,TORTU,2,2025-09-22,Ikura,8,0,Seafood,Tortuga Restaurante,Mexico,Andrew,Fuller,Vice President Sales,62.0
10676,19,9.2,7,0.0,TORTU,2,2025-09-22,Teatime Chocolate Biscuits,3,0,Confections,Tortuga Restaurante,Mexico,Andrew,Fuller,Vice President Sales,64.39999999999999
10676,44,19.45,21,0.0,TORTU,2,2025-09-22,Gula Malacca,2,0,Condiments,Tortuga Restaurante,Mexico,Andrew,Fuller,Vice President Sales,408.45
10677,26,31.23,30,0.15,ANTON,1,2025-09-22,Gumbär Gummibärchen,3,0,Confections,Antonio Moreno Taquería,Mexico,Nancy,Davolio,Sales Representative,796.365
10677,33,2.5,8,0.15,ANTON,1,2025-09-22,Geitost,4,0,Dairy Products,Antonio Moreno Taquería,Mexico,Nancy,Davolio,Sales Representative,17.0
10678,12,38.0,100,0.0,SAVEA,7,2025-09-23,Queso Manchego La Pastora,4,0,Dairy Products,Save-a-lot Markets,USA,Robert,King,Sales Representative,3800.0
10678,33,2.5,30,0.0,SAVEA,7,2025-09-23,Geitost,4,0,Dairy Products,Save-a-lot Markets,USA,Robert,King,Sales Representative,75.0
10678,41,9.65,120,0.0,SAVEA,7,2025-09-23,Jack's New England Clam Chowder,8,0,Seafood,Save-a-lot Markets,USA,Robert,King,Sales Representative,1158.0
10678,54,7.45,30,0.0,SAVEA,7,2025-09-23,Tourtière,6,0,Meat/Poultry,Save-a-lot Markets,USA,Robert,King,Sales Representative,223.5
10679,59,55.0,12,0.0,BLONP,8,2025-09-23,Raclette Courdavault,4,0,Dairy Products,Blondesddsl père et fils,France,Laura,Callahan,Inside Sales Coordinator,660.0
10680,16,17.45,50,0.25,OLDWO,1,2025-09-24,Pavlova,3,0,Confections,Old World Delicatessen,USA,Nancy,Davolio,Sales Representative,654.375
10680,31,12.5,20,0.25,OLDWO,1,2025-09-24,Gorgonzola Telino,4,0,Dairy Products,Old World Delicatessen,USA,Nancy,Davolio,Sales Representative,187.5
10680,42,14.0,40,0.25,OLDWO,1,2025-09-24,Singaporean Hokkien Fried Mee,5,1,Grains/Cereals,Old World Delicatessen,USA,Nancy,Davolio,Sales Representative,420.0
10681,19,9.2,30,0.1,GREAL,3,2025-09-25,Teatime Chocolate Biscuits,3,0,Confections,Great Lakes Food Market,USA,Janet,Leverling,Sales Representative,248.4
10681,21,10.0,12,0.1,GREAL,3,2025-09-25,Sir Rodney's Scones,3,0,Confections,Great Lakes Food Market,USA,Janet,Leverling,Sales Representative,108.0
10681,64,33.25,28,0.0,GREAL,3,2025-09-25,Wimmers gute Semmelknödel,5,0,Grains/Cereals,Great Lakes Food Market,USA,Janet,Leverling,Sales Representative,931.0
10682,33,2.5,30,0.0,ANTON,3,2025-09-25,Geitost,4,0,Dairy Products,Antonio Moreno Taquería,Mexico,Janet,Leverling,Sales Representative,75.0
10682,66,17.0,4,0.0,ANTON,3,2025-09-25,Louisiana Hot Spiced Okra,2,0,Condiments,Antonio Moreno Taquería,Mexico,Janet,Leverling,Sales Representative,68.0
10682,75,7.75,30,0.0,ANTON,3,2025-09-25,Rhönbräu Klosterbier,1,0,Beverages,Antonio Moreno Taquería,Mexico,Janet,Leverling,Sales Representative,232.5
10683,52,7.0,9,0.0,DUMON,2,2025-09-26,Filo Mix,5,0,Grains/Cereals,Du monde entier,France,Andrew,Fuller,Vice President Sales,63.0
10684,40,18.4,20,0.0,OTTIK,3,2025-09-26,Boston Crab Meat,8,0,Seafood,Ottilies Käseladen,Germany,Janet,Leverling,Sales Representative,368.0
10684,47,9.5,40,0.0,OTTIK,3,2025-09-26,Zaanse koeken,3,0,Confections,Ottilies Käseladen,Germany,Janet,Leverling,Sales Representative,380.0
10684,60,34.0,30,0.0,OTTIK,3,2025-09-26,Camembert Pierrot,4,0,Dairy Products,Ottilies Käseladen,Germany,Janet,Leverling,Sales Representative,1020.0
10685,10,31.0,20,0.0,GOURL,4,2025-09-29,Ikura,8,0,Seafood,Gourmet Lanchonetes,Brazil,Margaret,Peacock,Sales Representative,620.0
10685,41,9.65,4,0.0,GOURL,4,2025-09-29,Jack's New England Clam Chowder,8,0,Seafood,Gourmet Lanchonetes,Brazil,Margaret,Peacock,Sales Representative,38.6
10685,47,9.5,15,0.0,GOURL,4,2025-09-29,Zaanse koeken,3,0,Confections,Gourmet Lanchonetes,Brazil,Margaret,Peacock,Sales Representative,142.5
10686,17,39.0,30,0.2,PICCO,2,2025-09-30,Alice Mutton,6,1,Meat/Poultry,Piccolo und mehr,Austria,Andrew,Fuller,Vice President Sales,936.0
10686,26,31.23,15,0.0,PICCO,2,2025-09-30,Gumbär Gummibärchen,3,0,Confections,Piccolo und mehr,Austria,Andrew,Fuller,Vice President Sales,468.45
10687,9,97.0,50,0.25,HUNGO,9,2025-09-30,Mishi Kobe Niku,6,1,Meat/Poultry,Hungry Owl All-Night Grocers,Ireland,Anne,Dodsworth,Sales Representative,3637.5
10687,29,123.79,10,0.0,HUNGO,9,2025-09-30,Thüringer Rostbratwurst,6,1,Meat/Poultry,Hungry Owl All-Night Grocers,Ireland,Anne,Dodsworth,Sales Representative,1237.9
10687,36,19.0,6,0.25,HUNGO,9,2025-09-30,Inlagd Sill,8,0,Seafood,Hungry Owl All-Night Grocers,Ireland,Anne,Dodsworth,Sales Representative,85.5
10688,10,31.0,18,0.1,VAFFE,4,2025-10-01,Ikura,8,0,Seafood,Vaffeljernet,Denmark,Margaret,Peacock,Sales Representative,502.2
10688,28,45.6,60,0.1,VAFFE,4,2025-10-01,Rössle Sauerkraut,7,1,Produce,Vaffeljernet,Denmark,Margaret,Peacock,Sales Representative,2462.4
10688,34,14.0,14,0.0,VAFFE,4,2025-10-01,Sasquatch Ale,1,0,Beverages,Vaffeljernet,Denmark,Margaret,Peacock,Sales Representative,196.0
10689,1,18.0,35,0.25,BERGS,1,2025-10-01,Chai,1,0,Beverages,Berglunds snabbköp,Sweden,Nancy,Davolio,Sales Representative,472.5
10690,56,38.0,20,0.25,HANAR,1,2025-10-02,Gnocchi di nonna Alice,5,0,Grains/Cereals,Hanari Carnes,Brazil,Nancy,Davolio,Sales Representative,570.0
10690,77,13.0,30,0.25,HANAR,1,2025-10-02,Original Frankfurter grüne Soße,2,0,Condiments,Hanari Carnes,Brazil,Nancy,Davolio,Sales Representative,292.5
10691,1,18.0,30,0.0,QUICK,2,2025-10-03,Chai,1,0,Beverages,QUICK-Stop,Germany,Andrew,Fuller,Vice President Sales,540.0
10691,29,123.79,40,0.0,QUICK,2,2025-10-03,Thüringer Rostbratwurst,6,1,Meat/Poultry,QUICK-Stop,Germany,Andrew,Fuller,Vice President Sales,4951.6
10691,43,46.0,40,0.0,QUICK,2,2025-10-03,Ipoh Coffee,1,0,Beverages,QUICK-Stop,Germany,Andrew,Fuller,Vice President Sales,1840.0
10691,44,19.45,24,0.0,QUICK,2,2025-10-03,Gula Malacca,2,0,Condiments,QUICK-Stop,Germany,Andrew,Fuller,Vice President Sales,466.79999999999995
10691,62,49.3,48,0.0,QUICK,2,2025-10-03,Tarte au sucre,3,0,Confections,QUICK-Stop,Germany,Andrew,Fuller,Vice President Sales,2366.3999999999996
10692,63,43.9,20,0.0,ALFKI,4,2025-10-03,Vegie-spread,2,0,Condiments,Alfreds Futterkiste,Germany,Margaret,Peacock,Sales Representative,878.0
10693,9,97.0,6,0.0,WHITC,3,2025-10-06,Mishi Kobe Niku,6,1,Meat/Poultry,White Clover Markets,USA,Janet,Leverling,Sales Representative,582.0
10693,54,7.45,60,0.15,WHITC,3,2025-10-06,Tourtière,6,0,Meat/Poultry,White Clover Markets,USA,Janet,Leverling,Sales Representative,379.95
10693,69,36.0,30,0.15,WHITC,3,2025-10-06,Gudbrandsdalsost,4,0,Dairy Products,White Clover Markets,USA,Janet,Leverling,Sales Representative,918.0
10693,73,15.0,15,0.15,WHITC,3,2025-10-06,Röd Kaviar,8,0,Seafood,White Clover Markets,USA,Janet,Leverling,Sales Representative,191.25
10694,7,30.0,90,0.0,QUICK,8,2025-10-06,Uncle Bob's Organic Dried Pears,7,0,Produce,QUICK-Stop,Germany,Laura,Callahan,Inside Sales Coordinator,2700.0
10694,59,55.0,25,0.0,QUICK,8,2025-10-06,Raclette Courdavault,4,0,Dairy Products,QUICK-Stop,Germany,Laura,Callahan,Inside Sales Coordinator,1375.0
10694,70,15.0,50,0.0,QUICK,8,2025-10-06,Outback Lager,1,0,Beverages,QUICK-Stop,Germany,Laura,Callahan,Inside Sales Coordinator,750.0
10695,8,40.0,10,0.0,WILMK,7,2025-10-07,Northwoods Cranberry Sauce,2,0,Condiments,Wilman Kala,Finland,Robert,King,Sales Representative,400.0
10695,12,38.0,4,0.0,WILMK,7,2025-10-07,Queso Manchego La Pastora,4,0,Dairy Products,Wilman Kala,Finland,Robert,King,Sales Representative,152.0
10695,24,4.5,20,0.0,WILMK,7,2025-10-07,Guaraná Fantástica,1,1,Beverages,Wilman Kala,Finland,Robert,King,Sales Representative,90.0
10696,17,39.0,20,0.0,WHITC,8,2025-10-08,Alice Mutton,6,1,Meat/Poultry,White Clover Markets,USA,Laura,Callahan,Inside Sales Coordinator,780.0
10696,46,12.0,18,0.0,WHITC,8,2025-10-08,Spegesild,8,0,Seafood,White Clover Markets,USA,Laura,Callahan,Inside Sales Coordinator,216.0
10697,19,9.2,7,0.25,LINOD,3,2025-10-08,Teatime Chocolate Biscuits,3,0,Confections,LINO-Delicateses,Venezuela,Janet,Leverling,Sales Representative,48.3
10697,35,18.0,9,0.25,LINOD,3,2025-10-08,Steeleye Stout,1,0,Beverages,LINO-Delicateses,Venezuela,Janet,Leverling,Sales Representative,121.5
10697,58,13.25,30,0.25,LINOD,3,2025-10-08,Escargots de Bourgogne,8,0,Seafood,LINO-Delicateses,Venezuela,Janet,Leverling,Sales Representative,298.125
10697,70,15.0,30,0.25,LINOD,3,2025-10-08,Outback Lager,1,0,Beverages,LINO-Delicateses,Venezuela,Janet,Leverling,Sales Representative,337.5
10698,11,21.0,15,0.0,ERNSH,4,2025-10-09,Queso Cabrales,4,0,Dairy Products,Ernst Handel,Austria,Margaret,Peacock,Sales Representative,315.0
10698,17,39.0,8,0.05,ERNSH,4,2025-10-09,Alice Mutton,6,1,Meat/Poultry,Ernst Handel,Austria,Margaret,Peacock,Sales Representative,296.4
10698,29,123.79,12,0.05,ERNSH,4,2025-10-09,Thüringer Rostbratwurst,6,1,Meat/Poultry,Ernst Handel,Austria,Margaret,Peacock,Sales Representative,1411.206
10698,65,21.05,65,0.05,ERNSH,4,2025-10-09,Louisiana Fiery Hot Pepper Sauce,2,0,Condiments,Ernst Handel,Austria,Margaret,Peacock,Sales Representative,1299.8374999999999
10698,70,15.0,8,0.05,ERNSH,4,2025-10-09,Outback Lager,1,0,Beverages,Ernst Handel,Austria,Margaret,Peacock,Sales Representative,114.0
10699,47,9.5,12,0.0,MORGK,3,2025-10-09,Zaanse koeken,3,0,Confections,Morgenstern Gesundkost,Germany,Janet,Leverling,Sales Representative,114.0
10700,1,18.0,5,0.2,SAVEA,3,2025-10-10,Chai,1,0,Beverages,Save-a-lot Markets,USA,Janet,Leverling,Sales Representative,72.0
10700,34,14.0,12,0.2,SAVEA,3,2025-10-10,Sasquatch Ale,1,0,Beverages,Save-a-lot Markets,USA,Janet,Leverling,Sales Representative,134.4
10700,68,12.5,40,0.2,SAVEA,3,2025-10-10,Scottish Longbreads,3,0,Confections,Save-a-lot Markets,USA,Janet,Leverling,Sales Representative,400.0
10700,71,21.5,60,0.2,SAVEA,3,2025-10-10,Flotemysost,4,0,Dairy Products,Save-a-lot Markets,USA,Janet,Leverling,Sales Representative,1032.0
10701,59,55.0,42,0.15,HUNGO,6,2025-10-13,Raclette Courdavault,4,0,Dairy Products,Hungry Owl All-Night Grocers,Ireland,Michael,Suyama,Sales Representative,1963.5
10701,71,21.5,20,0.15,HUNGO,6,2025-10-13,Flotemysost,4,0,Dairy Products,Hungry Owl All-Night Grocers,Ireland,Michael,Suyama,Sales Representative,365.5
10701,76,18.0,35,0.15,HUNGO,6,2025-10-13,Lakkalikööri,1,0,Beverages,Hungry Owl All-Night Grocers,Ireland,Michael,Suyama,Sales Representative,535.5
10702,3,10.0,6,0.0,ALFKI,4,2025-10-13,Aniseed Syrup,2,0,Condiments,Alfreds Futterkiste,Germany,Margaret,Peacock,Sales Representative,60.0
10702,76,18.0,15,0.0,ALFKI,4,2025-10-13,Lakkalikööri,1,0,Beverages,Alfreds Futterkiste,Germany,Margaret,Peacock,Sales Representative,270.0
10703,2,19.0,5,0.0,FOLKO,6,2025-10-14,Chang,1,0,Beverages,Folk och fä HB,Sweden,Michael,Suyama,Sales Representative,95.0
10703,59,55.0,35,0.0,FOLKO,6,2025-10-14,Raclette Courdavault,4,0,Dairy Products,Folk och fä HB,Sweden,Michael,Suyama,Sales Representative,1925.0
10703,73,15.0,35,0.0,FOLKO,6,2025-10-14,Röd Kaviar,8,0,Seafood,Folk och fä HB,Sweden,Michael,Suyama,Sales Representative,525.0
10704,4,22.0,6,0.0,QUEEN,6,2025-10-14,Chef Anton's Cajun Seasoning,2,0,Condiments,Queen Cozinha,Brazil,Michael,Suyama,Sales Representative,132.0
10704,24,4.5,35,0.0,QUEEN,6,2025-10-14,Guaraná Fantástica,1,1,Beverages,Queen Cozinha,Brazil,Michael,Suyama,Sales Representative,157.5
10704,48,12.75,24,0.0,QUEEN,6,2025-10-14,Chocolade,3,0,Confections,Queen Cozinha,Brazil,Michael,Suyama,Sales Representative,306.0
10705,31,12.5,20,0.0,HILAA,9,2025-10-15,Gorgonzola Telino,4,0,Dairy Products,HILARION-Abastos,Venezuela,Anne,Dodsworth,Sales Representative,250.0
10705,32,32.0,4,0.0,HILAA,9,2025-10-15,Mascarpone Fabioli,4,0,Dairy Products,HILARION-Abastos,Venezuela,Anne,Dodsworth,Sales Representative,128.0
10706,16,17.45,20,0.0,OLDWO,8,2025-10-16,Pavlova,3,0,Confections,Old World Delicatessen,USA,Laura,Callahan,Inside Sales Coordinator,349.0
10706,43,46.0,24,0.0,OLDWO,8,2025-10-16,Ipoh Coffee,1,0,Beverages,Old World Delicatessen,USA,Laura,Callahan,Inside Sales Coordinator,1104.0
10706,59,55.0,8,0.0,OLDWO,8,2025-10-16,Raclette Courdavault,4,0,Dairy Products,Old World Delicatessen,USA,Laura,Callahan,Inside Sales Coordinator,440.0
10707,55,24.0,21,0.0,AROUT,4,2025-10-16,Pâté chinois,6,0,Meat/Poultry,Around the Horn,UK,Margaret,Peacock,Sales Representative,504.0
10707,57,19.5,40,0.0,AROUT,4,2025-10-16,Ravioli Angelo,5,0,Grains/Cereals,Around the Horn,UK,Margaret,Peacock,Sales Representative,780.0
10707,70,15.0,28,0.15,AROUT,4,2025-10-16,Outback Lager,1,0,Beverages,Around the Horn,UK,Margaret,Peacock,Sales Representative,357.0
10708,5,21.35,4,0.0,THEBI,6,2025-10-17,Chef Anton's Gumbo Mix,2,1,Condiments,The Big Cheese,USA,Michael,Suyama,Sales Representative,85.4
10708,36,19.0,5,0.0,THEBI,6,2025-10-17,Inlagd Sill,8,0,Seafood,The Big Cheese,USA,Michael,Suyama,Sales Representative,95.0
10709,8,40.0,40,0.0,GOURL,1,2025-10-17,Northwoods Cranberry Sauce,2,0,Condiments,Gourmet Lanchonetes,Brazil,Nancy,Davolio,Sales Representative,1600.0
10709,51,53.0,28,0.0,GOURL,1,2025-10-17,Manjimup Dried Apples,7,0,Produce,Gourmet Lanchonetes,Brazil,Nancy,Davolio,Sales Representative,1484.0
10709,60,34.0,10,0.0,GOURL,1,2025-10-17,Camembert Pierrot,4,0,Dairy Products,Gourmet Lanchonetes,Brazil,Nancy,Davolio,Sales Representative,340.0
10710,19,9.2,5,0.0,FRANS,1,2025-10-20,Teatime Chocolate Biscuits,3,0,Confections,Franchi S.p.A.,Italy,Nancy,Davolio,Sales Representative,46.0
10710,47,9.5,5,0.0,FRANS,1,2025-10-20,Zaanse koeken,3,0,Confections,Franchi S.p.A.,Italy,Nancy,Davolio,Sales Representative,47.5
10711,19,9.2,12,0.0,SAVEA,5,2025-10-21,Teatime Chocolate Biscuits,3,0,Confections,Save-a-lot Markets,USA,Steven,Buchanan,Sales Manager,110.39999999999999
10711,41,9.65,42,0.0,SAVEA,5,2025-10-21,Jack's New England Clam Chowder,8,0,Seafood,Save-a-lot Markets,USA,Steven,Buchanan,Sales Manager,405.3
10711,53,32.8,120,0.0,SAVEA,5,2025-10-21,Perth Pasties,6,1,Meat/Poultry,Save-a-lot Markets,USA,Steven,Buchanan,Sales Manager,3935.9999999999995
10712,53,32.8,3,0.05,HUNGO,3,2025-10-21,Perth Pasties,6,1,Meat/Poultry,Hungry Owl All-Night Grocers,Ireland,Janet,Leverling,Sales Representative,93.47999999999999
10712,56,38.0,30,0.0,HUNGO,3,2025-10-21,Gnocchi di nonna Alice,5,0,Grains/Cereals,Hungry Owl All-Night Grocers,Ireland,Janet,Leverling,Sales Representative,1140.0
10713,10,31.0,18,0.0,SAVEA,1,2025-10-22,Ikura,8,0,Seafood,Save-a-lot Markets,USA,Nancy,Davolio,Sales Representative,558.0
10713,26,31.23,30,0.0,SAVEA,1,2025-10-22,Gumbär Gummibärchen,3,0,Confections,Save-a-lot Markets,USA,Nancy,Davolio,Sales Representative,936.9
10713,45,9.5,110,0.0,SAVEA,1,2025-10-22,Rogede sild,8,0,Seafood,Save-a-lot Markets,USA,Nancy,Davolio,Sales Representative,1045.0
10713,46,12.0,24,0.0,SAVEA,1,2025-10-22,Spegesild,8,0,Seafood,Save-a-lot Markets,USA,Nancy,Davolio,Sales Representative,288.0
10714,2,19.0,30,0.25,SAVEA,5,2025-10-22,Chang,1,0,Beverages,Save-a-lot Markets,USA,Steven,Buchanan,Sales Manager,427.5
10714,17,39.0,27,0.25,SAVEA,5,2025-10-22,Alice Mutton,6,1,Meat/Poultry,Save-a-lot Markets,USA,Steven,Buchanan,Sales Manager,789.75
10714,47,9.5,50,0.25,SAVEA,5,2025-10-22,Zaanse koeken,3,0,Confections,Save-a-lot Markets,USA,Steven,Buchanan,Sales Manager,356.25
10714,56,38.0,18,0.25,SAVEA,5,2025-10-22,Gnocchi di nonna Alice,5,0,Grains/Cereals,Save-a-lot Markets,USA,Steven,Buchanan,Sales Manager,513.0
10714,58,13.25,12,0.25,SAVEA,5,2025-10-22,Escargots de Bourgogne,8,0,Seafood,Save-a-lot Markets,USA,Steven,Buchanan,Sales Manager,119.25
10715,10,31.0,21,0.0,BONAP,3,2025-10-23,Ikura,8,0,Seafood,Bon app',France,Janet,Leverling,Sales Representative,651.0
10715,71,21.5,30,0.0,BONAP,3,2025-10-23,Flotemysost,4,0,Dairy Products,Bon app',France,Janet,Leverling,Sales Representative,645.0
10716,21,10.0,5,0.0,RANCH,4,2025-10-24,Sir Rodney's Scones,3,0,Confections,Rancho grande,Argentina,Margaret,Peacock,Sales Representative,50.0
10716,51,53.0,7,0.0,RANCH,4,2025-10-24,Manjimup Dried Apples,7,0,Produce,Rancho grande,Argentina,Margaret,Peacock,Sales Representative,371.0
10716,61,28.5,10,0.0,RANCH,4,2025-10-24,Sirop d'érable,2,0,Condiments,Rancho grande,Argentina,Margaret,Peacock,Sales Representative,285.0
10717,21,10.0,32,0.05,FRANK,1,2025-10-24,Sir Rodney's Scones,3,0,Confections,Frankenversand,Germany,Nancy,Davolio,Sales Representative,304.0
10717,54,7.45,15,0.0,FRANK,1,2025-10-24,Tourtière,6,0,Meat/Poultry,Frankenversand,Germany,Nancy,Davolio,Sales Representative,111.75
10717,69,36.0,25,0.05,FRANK,1,2025-10-24,Gudbrandsdalsost,4,0,Dairy Products,Frankenversand,Germany,Nancy,Davolio,Sales Representative,855.0
10718,12,38.0,36,0.0,KOENE,1,2025-10-27,Queso Manchego La Pastora,4,0,Dairy Products,Königlich Essen,Germany,Nancy,Davolio,Sales Representative,1368.0
10718,16,17.45,20,0.0,KOENE,1,2025-10-27,Pavlova,3,0,Confections,Königlich Essen,Germany,Nancy,Davolio,Sales Representative,349.0
10718,36,19.0,40,0.0,KOENE,1,2025-10-27,Inlagd Sill,8,0,Seafood,Königlich Essen,Germany,Nancy,Davolio,Sales Representative,760.0
10718,62,49.3,20,0.0,KOENE,1,2025-10-27,Tarte au sucre,3,0,Confections,Königlich Essen,Germany,Nancy,Davolio,Sales Representative,986.0
10719,18,62.5,12,0.25,LETSS,8,2025-10-27,Carnarvon Tigers,8,0,Seafood,Let's Stop N Shop,USA,Laura,Callahan,Inside Sales Coordinator,562.5
10719,30,25.89,3,0.25,LETSS,8,2025-10-27,Nord-Ost Matjeshering,8,0,Seafood,Let's Stop N Shop,USA,Laura,Callahan,Inside Sales Coordinator,58.2525
10719,54,7.45,40,0.25,LETSS,8,2025-10-27,Tourtière,6,0,Meat/Poultry,Let's Stop N Shop,USA,Laura,Callahan,Inside Sales Coordinator,223.5
10720,35,18.0,21,0.0,QUEDE,8,2025-10-28,Steeleye Stout,1,0,Beverages,Que Delícia,Brazil,Laura,Callahan,Inside Sales Coordinator,378.0
10720,71,21.5,8,0.0,QUEDE,8,2025-10-28,Flotemysost,4,0,Dairy Products,Que Delícia,Brazil,Laura,Callahan,Inside Sales Coordinator,172.0
10721,44,19.45,50,0.05,QUICK,5,2025-10-29,Gula Malacca,2,0,Condiments,QUICK-Stop,Germany,Steven,Buchanan,Sales Manager,923.875
10722,2,19.0,3,0.0,SAVEA,8,2025-10-29,Chang,1,0,Beverages,Save-a-lot Markets,USA,Laura,Callahan,Inside Sales Coordinator,57.0
10722,31,12.5,50,0.0,SAVEA,8,2025-10-29,Gorgonzola Telino,4,0,Dairy Products,Save-a-lot Markets,USA,Laura,Callahan,Inside Sales Coordinator,625.0
10722,68,12.5,45,0.0,SAVEA,8,2025-10-29,Scottish Longbreads,3,0,Confections,Save-a-lot Markets,USA,Laura,Callahan,Inside Sales Coordinator,562.5
10722,75,7.75,42,0.0,SAVEA,8,2025-10-29,Rhönbräu Klosterbier,1,0,Beverages,Save-a-lot Markets,USA,Laura,Callahan,Inside Sales Coordinator,325.5
10723,26,31.23,15,0.0,WHITC,3,2025-10-30,Gumbär Gummibärchen,3,0,Confections,White Clover Markets,USA,Janet,Leverling,Sales Representative,468.45
10724,10,31.0,16,0.0,MEREP,8,2025-10-30,Ikura,8,0,Seafood,Mère Paillarde,Canada,Laura,Callahan,Inside Sales Coordinator,496.0
10724,61,28.5,5,0.0,MEREP,8,2025-10-30,Sirop d'érable,2,0,Condiments,Mère Paillarde,Canada,Laura,Callahan,Inside Sales Coordinator,142.5
10725,41,9.65,12,0.0,FAMIA,4,2025-10-31,Jack's New England Clam Chowder,8,0,Seafood,Familia Arquibaldo,Brazil,Margaret,Peacock,Sales Representative,115.80000000000001
10725,52,7.0,4,0.0,FAMIA,4,2025-10-31,Filo Mix,5,0,Grains/Cereals,Familia Arquibaldo,Brazil,Margaret,Peacock,Sales Representative,28.0
10725,55,24.0,6,0.0,FAMIA,4,2025-10-31,Pâté chinois,6,0,Meat/Poultry,Familia Arquibaldo,Brazil,Margaret,Peacock,Sales Representative,144.0
10726,4,22.0,25,0.0,EASTC,4,2025-11-03,Chef Anton's Cajun Seasoning,2,0,Condiments,Eastern Connection,UK,Margaret,Peacock,Sales Representative,550.0
10726,11,21.0,5,0.0,EASTC,4,2025-11-03,Queso Cabrales,4,0,Dairy Products,Eastern Connection,UK,Margaret,Peacock,Sales Representative,105.0
10727,17,39.0,20,0.05,REGGC,2,2025-11-03,Alice Mutton,6,1,Meat/Poultry,Reggiani Caseifici,Italy,Andrew,Fuller,Vice President Sales,741.0
10727,56,38.0,10,0.05,REGGC,2,2025-11-03,Gnocchi di nonna Alice,5,0,Grains/Cereals,Reggiani Caseifici,Italy,Andrew,Fuller,Vice President Sales,361.0
10727,59,55.0,10,0.05,REGGC,2,2025-11-03,Raclette Courdavault,4,0,Dairy Products,Reggiani Caseifici,Italy,Andrew,Fuller,Vice President Sales,522.5
10728,30,25.89,15,0.0,QUEEN,4,2025-11-04,Nord-Ost Matjeshering,8,0,Seafood,Queen Cozinha,Brazil,Margaret,Peacock,Sales Representative,388.35
10728,40,18.4,6,0.0,QUEEN,4,2025-11-04,Boston Crab Meat,8,0,Seafood,Queen Cozinha,Brazil,Margaret,Peacock,Sales Representative,110.39999999999999
10728,55,24.0,12,0.0,QUEEN,4,2025-11-04,Pâté chinois,6,0,Meat/Poultry,Queen Cozinha,Brazil,Margaret,Peacock,Sales Representative,288.0
10728,60,34.0,15,0.0,QUEEN,4,2025-11-04,Camembert Pierrot,4,0,Dairy Products,Queen Cozinha,Brazil,Margaret,Peacock,Sales Representative,510.0
10729,1,18.0,50,0.0,LINOD,8,2025-11-04,Chai,1,0,Beverages,LINO-Delicateses,Venezuela,Laura,Callahan,Inside Sales Coordinator,900.0
10729,21,10.0,30,0.0,LINOD,8,2025-11-04,Sir Rodney's Scones,3,0,Confections,LINO-Delicateses,Venezuela,Laura,Callahan,Inside Sales Coordinator,300.0
10729,50,16.25,40,0.0,LINOD,8,2025-11-04,Valkoinen suklaa,3,0,Confections,LINO-Delicateses,Venezuela,Laura,Callahan,Inside Sales Coordinator,650.0
10730,16,17.45,15,0.05,BONAP,5,2025-11-05,Pavlova,3,0,Confections,Bon app',France,Steven,Buchanan,Sales Manager,248.6625
10730,31,12.5,3,0.05,BONAP,5,2025-11-05,Gorgonzola Telino,4,0,Dairy Products,Bon app',France,Steven,Buchanan,Sales Manager,35.625
10730,65,21.05,10,0.05,BONAP,5,2025-11-05,Louisiana Fiery Hot Pepper Sauce,2,0,Condiments,Bon app',France,Steven,Buchanan,Sales Manager,199.975
10731,21,10.0,40,0.05,CHOPS,7,2025-11-06,Sir Rodney's Scones,3,0,Confections,Chop-suey Chinese,Switzerland,Robert,King,Sales Representative,380.0
10731,51,53.0,30,0.05,CHOPS,7,2025-11-06,Manjimup Dried Apples,7,0,Produce,Chop-suey Chinese,Switzerland,Robert,King,Sales Representative,1510.5
10732,76,18.0,20,0.0,BONAP,3,2025-11-06,Lakkalikööri,1,0,Beverages,Bon app',France,Janet,Leverling,Sales Representative,360.0
10733,14,23.25,16,0.0,BERGS,1,2025-11-07,Tofu,7,0,Produce,Berglunds snabbköp,Sweden,Nancy,Davolio,Sales Representative,372.0
10733,28,45.6,20,0.0,BERGS,1,2025-11-07,Rössle Sauerkraut,7,1,Produce,Berglunds snabbköp,Sweden,Nancy,Davolio,Sales Representative,912.0
10733,52,7.0,25,0.0,BERGS,1,2025-11-07,Filo Mix,5,0,Grains/Cereals,Berglunds snabbköp,Sweden,Nancy,Davolio,Sales Representative,175.0
10734,6,25.0,30,0.0,GOURL,2,2025-11-07,Grandma's Boysenberry Spread,2,0,Condiments,Gourmet Lanchonetes,Brazil,Andrew,Fuller,Vice President Sales,750.0
10734,30,25.89,15,0.0,GOURL,2,2025-11-07,Nord-Ost Matjeshering,8,0,Seafood,Gourmet Lanchonetes,Brazil,Andrew,Fuller,Vice President Sales,388.35
10734,76,18.0,20,0.0,GOURL,2,2025-11-07,Lakkalikööri,1,0,Beverages,Gourmet Lanchonetes,Brazil,Andrew,Fuller,Vice President Sales,360.0
10735,61,28.5,20,0.1,LETSS,6,2025-11-10,Sirop d'érable,2,0,Condiments,Let's Stop N Shop,USA,Michael,Suyama,Sales Representative,513.0
10735,77,13.0,2,0.1,LETSS,6,2025-11-10,Original Frankfurter grüne Soße,2,0,Condiments,Let's Stop N Shop,USA,Michael,Suyama,Sales Representative,23.400000000000002
10736,65,21.05,40,0.0,HUNGO,9,2025-11-11,Louisiana Fiery Hot Pepper Sauce,2,0,Condiments,Hungry Owl All-Night Grocers,Ireland,Anne,Dodsworth,Sales Representative,842.0
10736,75,7.75,20,0.0,HUNGO,9,2025-11-11,Rhönbräu Klosterbier,1,0,Beverages,Hungry Owl All-Night Grocers,Ireland,Anne,Dodsworth,Sales Representative,155.0
10737,13,6.0,4,0.0,VINET,2,2025-11-11,Konbu,8,0,Seafood,Vins et alcools Chevalier,France,Andrew,Fuller,Vice President Sales,24.0
10737,41,9.65,12,0.0,VINET,2,2025-11-11,Jack's New England Clam Chowder,8,0,Seafood,Vins et alcools Chevalier,France,Andrew,Fuller,Vice President Sales,115.80000000000001
10738,16,17.45,3,0.0,SPECD,2,2025-11-12,Pavlova,3,0,Confections,Spécialités du monde,France,Andrew,Fuller,Vice President Sales,52.349999999999994
10739,36,19.0,6,0.0,VINET,3,2025-11-12,Inlagd Sill,8,0,Seafood,Vins et alcools Chevalier,France,Janet,Leverling,Sales Representative,114.0
10739,52,7.0,18,0.0,VINET,3,2025-11-12,Filo Mix,5,0,Grains/Cereals,Vins et alcools Chevalier,France,Janet,Leverling,Sales Representative,126.0
10740,28,45.6,5,0.2,WHITC,4,2025-11-13,Rössle Sauerkraut,7,1,Produce,White Clover Markets,USA,Margaret,Peacock,Sales Representative,182.4
10740,35,18.0,35,0.2,WHITC,4,2025-11-13,Steeleye Stout,1,0,Beverages,White Clover Markets,USA,Margaret,Peacock,Sales Representative,504.0
10740,45,9.5,40,0.2,WHITC,4,2025-11-13,Rogede sild,8,0,Seafood,White Clover Markets,USA,Margaret,Peacock,Sales Representative,304.0
10740,56,38.0,14,0.2,WHITC,4,2025-11-13,Gnocchi di nonna Alice,5,0,Grains/Cereals,White Clover Markets,USA,Margaret,Peacock,Sales Representative,425.6
10741,2,19.0,15,0.2,AROUT,4,2025-11-14,Chang,1,0,Beverages,Around the Horn,UK,Margaret,Peacock,Sales Representative,228.0
10742,3,10.0,20,0.0,BOTTM,3,2025-11-14,Aniseed Syrup,2,0,Condiments,Bottom-Dollar Markets,Canada,Janet,Leverling,Sales Representative,200.0
10742,60,34.0,50,0.0,BOTTM,3,2025-11-14,Camembert Pierrot,4,0,Dairy Products,Bottom-Dollar Markets,Canada,Janet,Leverling,Sales Representative,1700.0
10742,72,34.8,35,0.0,BOTTM,3,2025-11-14,Mozzarella di Giovanni,4,0,Dairy Products,Bottom-Dollar Markets,Canada,Janet,Leverling,Sales Representative,1218.0
10743,46,12.0,28,0.05,AROUT,1,2025-11-17,Spegesild,8,0,Seafood,Around the Horn,UK,Nancy,Davolio,Sales Representative,319.2
10744,40,18.4,50,0.2,VAFFE,6,2025-11-17,Boston Crab Meat,8,0,Seafood,Vaffeljernet,Denmark,Michael,Suyama,Sales Representative,736.0
10745,18,62.5,24,0.0,QUICK,9,2025-11-18,Carnarvon Tigers,8,0,Seafood,QUICK-Stop,Germany,Anne,Dodsworth,Sales Representative,1500.0
10745,44,19.45,16,0.0,QUICK,9,2025-11-18,Gula Malacca,2,0,Condiments,QUICK-Stop,Germany,Anne,Dodsworth,Sales Representative,311.2
10745,59,55.0,45,0.0,QUICK,9,2025-11-18,Raclette Courdavault,4,0,Dairy Products,QUICK-Stop,Germany,Anne,Dodsworth,Sales Representative,2475.0
10745,72,34.8,7,0.0,QUICK,9,2025-11-18,Mozzarella di Giovanni,4,0,Dairy Products,QUICK-Stop,Germany,Anne,Dodsworth,Sales Representative,243.59999999999997
10746,13,6.0,6,0.0,CHOPS,1,2025-11-19,Konbu,8,0,Seafood,Chop-suey Chinese,Switzerland,Nancy,Davolio,Sales Representative,36.0
10746,42,14.0,28,0.0,CHOPS,1,2025-11-19,Singaporean Hokkien Fried Mee,5,1,Grains/Cereals,Chop-suey Chinese,Switzerland,Nancy,Davolio,Sales Representative,392.0
10746,62,49.3,9,0.0,CHOPS,1,2025-11-19,Tarte au sucre,3,0,Confections,Chop-suey Chinese,Switzerland,Nancy,Davolio,Sales Representative,443.7
10746,69,36.0,40,0.0,CHOPS,1,2025-11-19,Gudbrandsdalsost,4,0,Dairy Products,Chop-suey Chinese,Switzerland,Nancy,Davolio,Sales Representative,1440.0
10747,31,12.5,8,0.0,PICCO,6,2025-11-19,Gorgonzola Telino,4,0,Dairy Products,Piccolo und mehr,Austria,Michael,Suyama,Sales Representative,100.0
10747,41,9.65,35,0.0,PICCO,6,2025-11-19,Jack's New England Clam Chowder,8,0,Seafood,Piccolo und mehr,Austria,Michael,Suyama,Sales Representative,337.75
10747,63,43.9,9,0.0,PICCO,6,2025-11-19,Vegie-spread,2,0,Condiments,Piccolo und mehr,Austria,Michael,Suyama,Sales Representative,395.09999999999997
10747,69,36.0,30,0.0,PICCO,6,2025-11-19,Gudbrandsdalsost,4,0,Dairy Products,Piccolo und mehr,Austria,Michael,Suyama,Sales Representative,1080.0
10748,23,9.0,44,0.0,SAVEA,3,2025-11-20,Tunnbröd,5,0,Grains/Cereals,Save-a-lot Markets,USA,Janet,Leverling,Sales Representative,396.0
10748,40,18.4,40,0.0,SAVEA,3,2025-11-20,Boston Crab Meat,8,0,Seafood,Save-a-lot Markets,USA,Janet,Leverling,Sales Representative,736.0
10748,56,38.0,28,0.0,SAVEA,3,2025-11-20,Gnocchi di nonna Alice,5,0,Grains/Cereals,Save-a-lot Markets,USA,Janet,Leverling,Sales Representative,1064.0
10749,56,38.0,15,0.0,ISLAT,4,2025-11-20,Gnocchi di nonna Alice,5,0,Grains/Cereals,Island Trading,UK,Margaret,Peacock,Sales Representative,570.0
10749,59,55.0,6,0.0,ISLAT,4,2025-11-20,Raclette Courdavault,4,0,Dairy Products,Island Trading,UK,Margaret,Peacock,Sales Representative,330.0
10749,76,18.0,10,0.0,ISLAT,4,2025-11-20,Lakkalikööri,1,0,Beverages,Island Trading,UK,Margaret,Peacock,Sales Representative,180.0
10750,14,23.25,5,0.15,WARTH,9,2025-11-21,Tofu,7,0,Produce,Wartian Herkku,Finland,Anne,Dodsworth,Sales Representative,98.8125
10750,45,9.5,40,0.15,WARTH,9,2025-11-21,Rogede sild,8,0,Seafood,Wartian Herkku,Finland,Anne,Dodsworth,Sales Representative,323.0
10750,59,55.0,25,0.15,WARTH,9,2025-11-21,Raclette Courdavault,4,0,Dairy Products,Wartian Herkku,Finland,Anne,Dodsworth,Sales Representative,1168.75
10751,26,31.23,12,0.1,RICSU,3,2025-11-24,Gumbär Gummibärchen,3,0,Confections,Richter Supermarkt,Switzerland,Janet,Leverling,Sales Representative,337.284
10751,30,25.89,30,0.0,RICSU,3,2025-11-24,Nord-Ost Matjeshering,8,0,Seafood,Richter Supermarkt,Switzerland,Janet,Leverling,Sales Representative,776.7
10751,50,16.25,20,0.1,RICSU,3,2025-11-24,Valkoinen suklaa,3,0,Confections,Richter Supermarkt,Switzerland,Janet,Leverling,Sales Representative,292.5
10751,73,15.0,15,0.0,RICSU,3,2025-11-24,Röd Kaviar,8,0,Seafood,Richter Supermarkt,Switzerland,Janet,Leverling,Sales Representative,225.0
10752,1,18.0,8,0.0,NORTS,2,2025-11-24,Chai,1,0,Beverages,North/South,UK,Andrew,Fuller,Vice President Sales,144.0
10752,69,36.0,3,0.0,NORTS,2,2025-11-24,Gudbrandsdalsost,4,0,Dairy Products,North/South,UK,Andrew,Fuller,Vice President Sales,108.0
10753,45,9.5,4,0.0,FRANS,3,2025-11-25,Rogede sild,8,0,Seafood,Franchi S.p.A.,Italy,Janet,Leverling,Sales Representative,38.0
10753,74,10.0,5,0.0,FRANS,3,2025-11-25,Longlife Tofu,7,0,Produce,Franchi S.p.A.,Italy,Janet,Leverling,Sales Representative,50.0
10754,40,18.4,3,0.0,MAGAA,6,2025-11-25,Boston Crab Meat,8,0,Seafood,Magazzini Alimentari Riuniti,Italy,Michael,Suyama,Sales Representative,55.199999999999996
10755,47,9.5,30,0.25,BONAP,4,2025-11-26,Zaanse koeken,3,0,Confections,Bon app',France,Margaret,Peacock,Sales Representative,213.75
10755,56,38.0,30,0.25,BONAP,4,2025-11-26,Gnocchi di nonna Alice,5,0,Grains/Cereals,Bon app',France,Margaret,Peacock,Sales Representative,855.0
10755,57,19.5,14,0.25,BONAP,4,2025-11-26,Ravioli Angelo,5,0,Grains/Cereals,Bon app',France,Margaret,Peacock,Sales Representative,204.75
10755,69,36.0,25,0.25,BONAP,4,2025-11-26,Gudbrandsdalsost,4,0,Dairy Products,Bon app',France,Margaret,Peacock,Sales Representative,675.0
10756,18,62.5,21,0.2,SPLIR,8,2025-11-27,Carnarvon Tigers,8,0,Seafood,Split Rail Beer & Ale,USA,Laura,Callahan,Inside Sales Coordinator,1050.0
10756,36,19.0,20,0.2,SPLIR,8,2025-11-27,Inlagd Sill,8,0,Seafood,Split Rail Beer & Ale,USA,Laura,Callahan,Inside Sales Coordinator,304.0
10756,68,12.5,6,0.2,SPLIR,8,2025-11-27,Scottish Longbreads,3,0,Confections,Split Rail Beer & Ale,USA,Laura,Callahan,Inside Sales Coordinator,60.0
10756,69,36.0,20,0.2,SPLIR,8,2025-11-27,Gudbrandsdalsost,4,0,Dairy Products,Split Rail Beer & Ale,USA,Laura,Callahan,Inside Sales Coordinator,576.0
10757,34,14.0,30,0.0,SAVEA,6,2025-11-27,Sasquatch Ale,1,0,Beverages,Save-a-lot Markets,USA,Michael,Suyama,Sales Representative,420.0
10757,59,55.0,7,0.0,SAVEA,6,2025-11-27,Raclette Courdavault,4,0,Dairy Products,Save-a-lot Markets,USA,Michael,Suyama,Sales Representative,385.0
10757,62,49.3,30,0.0,SAVEA,6,2025-11-27,Tarte au sucre,3,0,Confections,Save-a-lot Markets,USA,Michael,Suyama,Sales Representative,1479.0
10757,64,33.25,24,0.0,SAVEA,6,2025-11-27,Wimmers gute Semmelknödel,5,0,Grains/Cereals,Save-a-lot Markets,USA,Michael,Suyama,Sales Representative,798.0
10758,26,31.23,20,0.0,RICSU,3,2025-11-28,Gumbär Gummibärchen,3,0,Confections,Richter Supermarkt,Switzerland,Janet,Leverling,Sales Representative,624.6
10758,52,7.0,60,0.0,RICSU,3,2025-11-28,Filo Mix,5,0,Grains/Cereals,Richter Supermarkt,Switzerland,Janet,Leverling,Sales Representative,420.0
10758,70,15.0,40,0.0,RICSU,3,2025-11-28,Outback Lager,1,0,Beverages,Richter Supermarkt,Switzerland,Janet,Leverling,Sales Representative,600.0
10759,32,32.0,10,0.0,ANATR,3,2025-11-28,Mascarpone Fabioli,4,0,Dairy Products,Ana Trujillo Emparedados y helados,Mexico,Janet,Leverling,Sales Representative,320.0
10760,25,14.0,12,0.25,MAISD,4,2025-12-01,NuNuCa Nuß-Nougat-Creme,3,0,Confections,Maison Dewey,Belgium,Margaret,Peacock,Sales Representative,126.0
10760,27,43.9,40,0.0,MAISD,4,2025-12-01,Schoggi Schokolade,3,0,Confections,Maison Dewey,Belgium,Margaret,Peacock,Sales Representative,1756.0
10760,43,46.0,30,0.25,MAISD,4,2025-12-01,Ipoh Coffee,1,0,Beverages,Maison Dewey,Belgium,Margaret,Peacock,Sales Representative,1035.0
10761,25,14.0,35,0.25,RATTC,5,2025-12-02,NuNuCa Nuß-Nougat-Creme,3,0,Confections,Rattlesnake Canyon Grocery,USA,Steven,Buchanan,Sales Manager,367.5
10761,75,7.75,18,0.0,RATTC,5,2025-12-02,Rhönbräu Klosterbier,1,0,Beverages,Rattlesnake Canyon Grocery,USA,Steven,Buchanan,Sales Manager,139.5
10762,39,18.0,16,0.0,FOLKO,3,2025-12-02,Chartreuse verte,1,0,Beverages,Folk och fä HB,Sweden,Janet,Leverling,Sales Representative,288.0
10762,47,9.5,30,0.0,FOLKO,3,2025-12-02,Zaanse koeken,3,0,Confections,Folk och fä HB,Sweden,Janet,Leverling,Sales Representative,285.0
10762,51,53.0,28,0.0,FOLKO,3,2025-12-02,Manjimup Dried Apples,7,0,Produce,Folk och fä HB,Sweden,Janet,Leverling,Sales Representative,1484.0
10762,56,38.0,60,0.0,FOLKO,3,2025-12-02,Gnocchi di nonna Alice,5,0,Grains/Cereals,Folk och fä HB,Sweden,Janet,Leverling,Sales Representative,2280.0
10763,21,10.0,40,0.0,FOLIG,3,2025-12-03,Sir Rodney's Scones,3,0,Confections,Folies gourmandes,France,Janet,Leverling,Sales Representative,400.0
10763,22,21.0,6,0.0,FOLIG,3,2025-12-03,Gustaf's Knäckebröd,5,0,Grains/Cereals,Folies gourmandes,France,Janet,Leverling,Sales Representative,126.0
10763,24,4.5,20,0.0,FOLIG,3,2025-12-03,Guaraná Fantástica,1,1,Beverages,Folies gourmandes,France,Janet,Leverling,Sales Representative,90.0
10764,3,10.0,20,0.1,ERNSH,6,2025-12-03,Aniseed Syrup,2,0,Condiments,Ernst Handel,Austria,Michael,Suyama,Sales Representative,180.0
10764,39,18.0,130,0.1,ERNSH,6,2025-12-03,Chartreuse verte,1,0,Beverages,Ernst Handel,Austria,Michael,Suyama,Sales Representative,2106.0
10765,65,21.05,80,0.1,QUICK,3,2025-12-04,Louisiana Fiery Hot Pepper Sauce,2,0,Condiments,QUICK-Stop,Germany,Janet,Leverling,Sales Representative,1515.6000000000001
10766,2,19.0,40,0.0,OTTIK,4,2025-12-05,Chang,1,0,Beverages,Ottilies Käseladen,Germany,Margaret,Peacock,Sales Representative,760.0
10766,7,30.0,35,0.0,OTTIK,4,2025-12-05,Uncle Bob's Organic Dried Pears,7,0,Produce,Ottilies Käseladen,Germany,Margaret,Peacock,Sales Representative,1050.0
10766,68,12.5,40,0.0,OTTIK,4,2025-12-05,Scottish Longbreads,3,0,Confections,Ottilies Käseladen,Germany,Margaret,Peacock,Sales Representative,500.0
10767,42,14.0,2,0.0,SUPRD,4,2025-12-05,Singaporean Hokkien Fried Mee,5,1,Grains/Cereals,Suprêmes délices,Belgium,Margaret,Peacock,Sales Representative,28.0
10768,22,21.0,4,0.0,AROUT,3,2025-12-08,Gustaf's Knäckebröd,5,0,Grains/Cereals,Around the Horn,UK,Janet,Leverling,Sales Representative,84.0
10768,31,12.5,50,0.0,AROUT,3,2025-12-08,Gorgonzola Telino,4,0,Dairy Products,Around the Horn,UK,Janet,Leverling,Sales Representative,625.0
10768,60,34.0,15,0.0,AROUT,3,2025-12-08,Camembert Pierrot,4,0,Dairy Products,Around the Horn,UK,Janet,Leverling,Sales Representative,510.0
10768,71,21.5,12,0.0,AROUT,3,2025-12-08,Flotemysost,4,0,Dairy Products,Around the Horn,UK,Janet,Leverling,Sales Representative,258.0
10769,41,9.65,30,0.05,VAFFE,3,2025-12-08,Jack's New England Clam Chowder,8,0,Seafood,Vaffeljernet,Denmark,Janet,Leverling,Sales Representative,275.025
10769,52,7.0,15,0.05,VAFFE,3,2025-12-08,Filo Mix,5,0,Grains/Cereals,Vaffeljernet,Denmark,Janet,Leverling,Sales Representative,99.75
10769,61,28.5,20,0.0,VAFFE,3,2025-12-08,Sirop d'érable,2,0,Condiments,Vaffeljernet,Denmark,Janet,Leverling,Sales Representative,570.0
10769,62,49.3,15,0.0,VAFFE,3,2025-12-08,Tarte au sucre,3,0,Confections,Vaffeljernet,Denmark,Janet,Leverling,Sales Representative,739.5
10770,11,21.0,15,0.25,HANAR,8,2025-12-09,Queso Cabrales,4,0,Dairy Products,Hanari Carnes,Brazil,Laura,Callahan,Inside Sales Coordinator,236.25
10771,71,21.5,16,0.0,ERNSH,9,2025-12-10,Flotemysost,4,0,Dairy Products,Ernst Handel,Austria,Anne,Dodsworth,Sales Representative,344.0
10772,29,123.79,18,0.0,LEHMS,3,2025-12-10,Thüringer Rostbratwurst,6,1,Meat/Poultry,Lehmanns Marktstand,Germany,Janet,Leverling,Sales Representative,2228.2200000000003
10772,59,55.0,25,0.0,LEHMS,3,2025-12-10,Raclette Courdavault,4,0,Dairy Products,Lehmanns Marktstand,Germany,Janet,Leverling,Sales Representative,1375.0
10773,17,39.0,33,0.0,ERNSH,1,2025-12-11,Alice Mutton,6,1,Meat/Poultry,Ernst Handel,Austria,Nancy,Davolio,Sales Representative,1287.0
10773,31,12.5,70,0.2,ERNSH,1,2025-12-11,Gorgonzola Telino,4,0,Dairy Products,Ernst Handel,Austria,Nancy,Davolio,Sales Representative,700.0
10773,75,7.75,7,0.2,ERNSH,1,2025-12-11,Rhönbräu Klosterbier,1,0,Beverages,Ernst Handel,Austria,Nancy,Davolio,Sales Representative,43.400000000000006
10774,31,12.5,2,0.25,FOLKO,4,2025-12-11,Gorgonzola Telino,4,0,Dairy Products,Folk och fä HB,Sweden,Margaret,Peacock,Sales Representative,18.75
10774,66,17.0,50,0.0,FOLKO,4,2025-12-11,Louisiana Hot Spiced Okra,2,0,Condiments,Folk och fä HB,Sweden,Margaret,Peacock,Sales Representative,850.0
10775,10,31.0,6,0.0,THECR,7,2025-12-12,Ikura,8,0,Seafood,The Cracker Box,USA,Robert,King,Sales Representative,186.0
10775,67,14.0,3,0.0,THECR,7,2025-12-12,Laughing Lumberjack Lager,1,0,Beverages,The Cracker Box,USA,Robert,King,Sales Representative,42.0
10776,31,12.5,16,0.05,ERNSH,1,2025-12-15,Gorgonzola Telino,4,0,Dairy Products,Ernst Handel,Austria,Nancy,Davolio,Sales Representative,190.0
10776,42,14.0,12,0.05,ERNSH,1,2025-12-15,Singaporean Hokkien Fried Mee,5,1,Grains/Cereals,Ernst Handel,Austria,Nancy,Davolio,Sales Representative,159.6
10776,45,9.5,27,0.05,ERNSH,1,2025-12-15,Rogede sild,8,0,Seafood,Ernst Handel,Austria,Nancy,Davolio,Sales Representative,243.67499999999998
10776,51,53.0,120,0.05,ERNSH,1,2025-12-15,Manjimup Dried Apples,7,0,Produce,Ernst Handel,Austria,Nancy,Davolio,Sales Representative,6042.0
10777,42,14.0,20,0.2,GOURL,7,2025-12-15,Singaporean Hokkien Fried Mee,5,1,Grains/Cereals,Gourmet Lanchonetes,Brazil,Robert,King,Sales Representative,224.0
10778,41,9.65,10,0.0,BERGS,3,2025-12-16,Jack's New England Clam Chowder,8,0,Seafood,Berglunds snabbköp,Sweden,Janet,Leverling,Sales Representative,96.5
10779,16,17.45,20,0.0,MORGK,3,2025-12-16,Pavlova,3,0,Confections,Morgenstern Gesundkost,Germany,Janet,Leverling,Sales Representative,349.0
10779,62,49.3,20,0.0,MORGK,3,2025-12-16,Tarte au sucre,3,0,Confections,Morgenstern Gesundkost,Germany,Janet,Leverling,Sales Representative,986.0
10780,70,15.0,35,0.0,LILAS,2,2025-12-16,Outback Lager,1,0,Beverages,LILA-Supermercado,Venezuela,Andrew,Fuller,Vice President Sales,525.0
10780,77,13.0,15,0.0,LILAS,2,2025-12-16,Original Frankfurter grüne Soße,2,0,Condiments,LILA-Supermercado,Venezuela,Andrew,Fuller,Vice President Sales,195.0
10781,54,7.45,3,0.2,WARTH,2,2025-12-17,Tourtière,6,0,Meat/Poultry,Wartian Herkku,Finland,Andrew,Fuller,Vice President Sales,17.880000000000003
10781,56,38.0,20,0.2,WARTH,2,2025-12-17,Gnocchi di nonna Alice,5,0,Grains/Cereals,Wartian Herkku,Finland,Andrew,Fuller,Vice President Sales,608.0
10781,74,10.0,35,0.0,WARTH,2,2025-12-17,Longlife Tofu,7,0,Produce,Wartian Herkku,Finland,Andrew,Fuller,Vice President Sales,350.0
10782,31,12.5,1,0.0,CACTU,9,2025-12-17,Gorgonzola Telino,4,0,Dairy Products,Cactus Comidas para llevar,Argentina,Anne,Dodsworth,Sales Representative,12.5
10783,31,12.5,10,0.0,HANAR,4,2025-12-18,Gorgonzola Telino,4,0,Dairy Products,Hanari Carnes,Brazil,Margaret,Peacock,Sales Representative,125.0
10783,38,263.5,5,0.0,HANAR,4,2025-12-18,Côte de Blaye,1,0,Beverages,Hanari Carnes,Brazil,Margaret,Peacock,Sales Representative,1317.5
10784,36,19.0,30,0.0,MAGAA,4,2025-12-18,Inlagd Sill,8,0,Seafood,Magazzini Alimentari Riuniti,Italy,Margaret,Peacock,Sales Representative,570.0
10784,39,18.0,2,0.15,MAGAA,4,2025-12-18,Chartreuse verte,1,0,Beverages,Magazzini Alimentari Riuniti,Italy,Margaret,Peacock,Sales Representative,30.599999999999998
10784,72,34.8,30,0.15,MAGAA,4,2025-12-18,Mozzarella di Giovanni,4,0,Dairy Products,Magazzini Alimentari Riuniti,Italy,Margaret,Peacock,Sales Representative,887.4
10785,10,31.0,10,0.0,GROSR,1,2025-12-18,Ikura,8,0,Seafood,GROSELLA-Restaurante,Venezuela,Nancy,Davolio,Sales Representative,310.0
10785,75,7.75,10,0.0,GROSR,1,2025-12-18,Rhönbräu Klosterbier,1,0,Beverages,GROSELLA-Restaurante,Venezuela,Nancy,Davolio,Sales Representative,77.5
10786,8,40.0,30,0.2,QUEEN,8,2025-12-19,Northwoods Cranberry Sauce,2,0,Condiments,Queen Cozinha,Brazil,Laura,Callahan,Inside Sales Coordinator,960.0
10786,30,25.89,15,0.2,QUEEN,8,2025-12-19,Nord-Ost Matjeshering,8,0,Seafood,Queen Cozinha,Brazil,Laura,Callahan,Inside Sales Coordinator,310.68000000000006
10786,75,7.75,42,0.2,QUEEN,8,2025-12-19,Rhönbräu Klosterbier,1,0,Beverages,Queen Cozinha,Brazil,Laura,Callahan,Inside Sales Coordinator,260.40000000000003
10787,2,19.0,15,0.05,LAMAI,2,2025-12-19,Chang,1,0,Beverages,La maison d'Asie,France,Andrew,Fuller,Vice President Sales,270.75
10787,29,123.79,20,0.05,LAMAI,2,2025-12-19,Thüringer Rostbratwurst,6,1,Meat/Poultry,La maison d'Asie,France,Andrew,Fuller,Vice President Sales,2352.01
10788,19,9.2,50,0.05,QUICK,1,2025-12-22,Teatime Chocolate Biscuits,3,0,Confections,QUICK-Stop,Germany,Nancy,Davolio,Sales Representative,436.99999999999994
10788,75,7.75,40,0.05,QUICK,1,2025-12-22,Rhönbräu Klosterbier,1,0,Beverages,QUICK-Stop,Germany,Nancy,Davolio,Sales Representative,294.5
10789,18,62.5,30,0.0,FOLIG,1,2025-12-22,Carnarvon Tigers,8,0,Seafood,Folies gourmandes,France,Nancy,Davolio,Sales Representative,1875.0
10789,35,18.0,15,0.0,FOLIG,1,2025-12-22,Steeleye Stout,1,0,Beverages,Folies gourmandes,France,Nancy,Davolio,Sales Representative,270.0
10789,63,43.9,30,0.0,FOLIG,1,2025-12-22,Vegie-spread,2,0,Condiments,Folies gourmandes,France,Nancy,Davolio,Sales Representative,1317.0
10789,68,12.5,18,0.0,FOLIG,1,2025-12-22,Scottish Longbreads,3,0,Confections,Folies gourmandes,France,Nancy,Davolio,Sales Representative,225.0
10790,7,30.0,3,0.15,GOURL,6,2025-12-22,Uncle Bob's Organic Dried Pears,7,0,Produce,Gourmet Lanchonetes,Brazil,Michael,Suyama,Sales Representative,76.5
10790,56,38.0,20,0.15,GOURL,6,2025-12-22,Gnocchi di nonna Alice,5,0,Grains/Cereals,Gourmet Lanchonetes,Brazil,Michael,Suyama,Sales Representative,646.0
10791,29,123.79,14,0.05,FRANK,6,2025-12-23,Thüringer Rostbratwurst,6,1,Meat/Poultry,Frankenversand,Germany,Michael,Suyama,Sales Representative,1646.4070000000002
10791,41,9.65,20,0.05,FRANK,6,2025-12-23,Jack's New England Clam Chowder,8,0,Seafood,Frankenversand,Germany,Michael,Suyama,Sales Representative,183.35
10792,2,19.0,10,0.0,WOLZA,1,2025-12-23,Chang,1,0,Beverages,Wolski  Zajazd,Poland,Nancy,Davolio,Sales Representative,190.0
10792,54,7.45,3,0.0,WOLZA,1,2025-12-23,Tourtière,6,0,Meat/Poultry,Wolski  Zajazd,Poland,Nancy,Davolio,Sales Representative,22.35
10792,68,12.5,15,0.0,WOLZA,1,2025-12-23,Scottish Longbreads,3,0,Confections,Wolski  Zajazd,Poland,Nancy,Davolio,Sales Representative,187.5
10793,41,9.65,14,0.0,AROUT,3,2025-12-24,Jack's New England Clam Chowder,8,0,Seafood,Around the Horn,UK,Janet,Leverling,Sales Representative,135.1
10793,52,7.0,8,0.0,AROUT,3,2025-12-24,Filo Mix,5,0,Grains/Cereals,Around the Horn,UK,Janet,Leverling,Sales Representative,56.0
10794,14,23.25,15,0.2,QUEDE,6,2025-12-24,Tofu,7,0,Produce,Que Delícia,Brazil,Michael,Suyama,Sales Representative,279.0
10794,54,7.45,6,0.2,QUEDE,6,2025-12-24,Tourtière,6,0,Meat/Poultry,Que Delícia,Brazil,Michael,Suyama,Sales Representative,35.760000000000005
10795,16,17.45,65,0.0,ERNSH,8,2025-12-24,Pavlova,3,0,Confections,Ernst Handel,Austria,Laura,Callahan,Inside Sales Coordinator,1134.25
10795,17,39.0,35,0.25,ERNSH,8,2025-12-24,Alice Mutton,6,1,Meat/Poultry,Ernst Handel,Austria,Laura,Callahan,Inside Sales Coordinator,1023.75
10796,26,31.23,21,0.2,HILAA,3,2025-12-25,Gumbär Gummibärchen,3,0,Confections,HILARION-Abastos,Venezuela,Janet,Leverling,Sales Representative,524.6640000000001
10796,44,19.45,10,0.0,HILAA,3,2025-12-25,Gula Malacca,2,0,Condiments,HILARION-Abastos,Venezuela,Janet,Leverling,Sales Representative,194.5
10796,64,33.25,35,0.2,HILAA,3,2025-12-25,Wimmers gute Semmelknödel,5,0,Grains/Cereals,HILARION-Abastos,Venezuela,Janet,Leverling,Sales Representative,931.0
10796,69,36.0,24,0.2,HILAA,3,2025-12-25,Gudbrandsdalsost,4,0,Dairy Products,HILARION-Abastos,Venezuela,Janet,Leverling,Sales Representative,691.2
10797,11,21.0,20,0.0,DRACD,7,2025-12-25,Queso Cabrales,4,0,Dairy Products,Drachenblut Delikatessen,Germany,Robert,King,Sales Representative,420.0
10798,62,49.3,2,0.0,ISLAT,2,2025-12-26,Tarte au sucre,3,0,Confections,Island Trading,UK,Andrew,Fuller,Vice President Sales,98.6
10798,72,34.8,10,0.0,ISLAT,2,2025-12-26,Mozzarella di Giovanni,4,0,Dairy Products,Island Trading,UK,Andrew,Fuller,Vice President Sales,348.0
10799,13,6.0,20,0.15,KOENE,9,2025-12-26,Konbu,8,0,Seafood,Königlich Essen,Germany,Anne,Dodsworth,Sales Representative,102.0
10799,24,4.5,20,0.15,KOENE,9,2025-12-26,Guaraná Fantástica,1,1,Beverages,Königlich Essen,Germany,Anne,Dodsworth,Sales Representative,76.5
10799,59,55.0,25,0.0,KOENE,9,2025-12-26,Raclette Courdavault,4,0,Dairy Products,Königlich Essen,Germany,Anne,Dodsworth,Sales Representative,1375.0
10800,11,21.0,50,0.1,SEVES,1,2025-12-26,Queso Cabrales,4,0,Dairy Products,Seven Seas Imports,UK,Nancy,Davolio,Sales Representative,945.0
10800,51,53.0,10,0.1,SEVES,1,2025-12-26,Manjimup Dried Apples,7,0,Produce,Seven Seas Imports,UK,Nancy,Davolio,Sales Representative,477.0
10800,54,7.45,7,0.1,SEVES,1,2025-12-26,Tourtière,6,0,Meat/Poultry,Seven Seas Imports,UK,Nancy,Davolio,Sales Representative,46.935
10801,17,39.0,40,0.25,BOLID,4,2025-12-29,Alice Mutton,6,1,Meat/Poultry,Bólido Comidas preparadas,Spain,Margaret,Peacock,Sales Representative,1170.0
10801,29,123.79,20,0.25,BOLID,4,2025-12-29,Thüringer Rostbratwurst,6,1,Meat/Poultry,Bólido Comidas preparadas,Spain,Margaret,Peacock,Sales Representative,1856.8500000000001
10802,30,25.89,25,0.25,SIMOB,4,2025-12-29,Nord-Ost Matjeshering,8,0,Seafood,Simons bistro,Denmark,Margaret,Peacock,Sales Representative,485.4375
10802,51,53.0,30,0.25,SIMOB,4,2025-12-29,Manjimup Dried Apples,7,0,Produce,Simons bistro,Denmark,Margaret,Peacock,Sales Representative,1192.5
10802,55,24.0,60,0.25,SIMOB,4,2025-12-29,Pâté chinois,6,0,Meat/Poultry,Simons bistro,Denmark,Margaret,Peacock,Sales Representative,1080.0
10802,62,49.3,5,0.25,SIMOB,4,2025-12-29,Tarte au sucre,3,0,Confections,Simons bistro,Denmark,Margaret,Peacock,Sales Representative,184.875
10803,19,9.2,24,0.05,WELLI,4,2025-12-30,Teatime Chocolate Biscuits,3,0,Confections,Wellington Importadora,Brazil,Margaret,Peacock,Sales Representative,209.75999999999996
10803,25,14.0,15,0.05,WELLI,4,2025-12-30,NuNuCa Nuß-Nougat-Creme,3,0,Confections,Wellington Importadora,Brazil,Margaret,Peacock,Sales Representative,199.5
10803,59,55.0,15,0.05,WELLI,4,2025-12-30,Raclette Courdavault,4,0,Dairy Products,Wellington Importadora,Brazil,Margaret,Peacock,Sales Representative,783.75
10804,10,31.0,36,0.0,SEVES,6,2025-12-30,Ikura,8,0,Seafood,Seven Seas Imports,UK,Michael,Suyama,Sales Representative,1116.0
10804,28,45.6,24,0.0,SEVES,6,2025-12-30,Rössle Sauerkraut,7,1,Produce,Seven Seas Imports,UK,Michael,Suyama,Sales Representative,1094.4
10804,49,20.0,4,0.15,SEVES,6,2025-12-30,Maxilaku,3,0,Confections,Seven Seas Imports,UK,Michael,Suyama,Sales Representative,68.0
10805,34,14.0,10,0.0,THEBI,2,2025-12-30,Sasquatch Ale,1,0,Beverages,The Big Cheese,USA,Andrew,Fuller,Vice President Sales,140.0
10805,38,263.5,10,0.0,THEBI,2,2025-12-30,Côte de Blaye,1,0,Beverages,The Big Cheese,USA,Andrew,Fuller,Vice President Sales,2635.0
10806,2,19.0,20,0.25,VICTE,3,2025-12-31,Chang,1,0,Beverages,Victuailles en stock,France,Janet,Leverling,Sales Representative,285.0
10806,65,21.05,2,0.0,VICTE,3,2025-12-31,Louisiana Fiery Hot Pepper Sauce,2,0,Condiments,Victuailles en stock,France,Janet,Leverling,Sales Representative,42.1
10806,74,10.0,15,0.25,VICTE,3,2025-12-31,Longlife Tofu,7,0,Produce,Victuailles en stock,France,Janet,Leverling,Sales Representative,112.5
10807,40,18.4,1,0.0,FRANS,4,2025-12-31,Boston Crab Meat,8,0,Seafood,Franchi S.p.A.,Italy,Margaret,Peacock,Sales Representative,18.4
10808,56,38.0,20,0.15,OLDWO,2,2026-01-01,Gnocchi di nonna Alice,5,0,Grains/Cereals,Old World Delicatessen,USA,Andrew,Fuller,Vice President Sales,646.0
10808,76,18.0,50,0.15,OLDWO,2,2026-01-01,Lakkalikööri,1,0,Beverages,Old World Delicatessen,USA,Andrew,Fuller,Vice President Sales,765.0
10809,52,7.0,20,0.0,WELLI,7,2026-01-01,Filo Mix,5,0,Grains/Cereals,Wellington Importadora,Brazil,Robert,King,Sales Representative,140.0
10810,13,6.0,7,0.0,LAUGB,2,2026-01-01,Konbu,8,0,Seafood,Laughing Bacchus Wine Cellars,Canada,Andrew,Fuller,Vice President Sales,42.0
10810,25,14.0,5,0.0,LAUGB,2,2026-01-01,NuNuCa Nuß-Nougat-Creme,3,0,Confections,Laughing Bacchus Wine Cellars,Canada,Andrew,Fuller,Vice President Sales,70.0
10810,70,15.0,5,0.0,LAUGB,2,2026-01-01,Outback Lager,1,0,Beverages,Laughing Bacchus Wine Cellars,Canada,Andrew,Fuller,Vice President Sales,75.0
10811,19,9.2,15,0.0,LINOD,8,2026-01-02,Teatime Chocolate Biscuits,3,0,Confections,LINO-Delicateses,Venezuela,Laura,Callahan,Inside Sales Coordinator,138.0
10811,23,9.0,18,0.0,LINOD,8,2026-01-02,Tunnbröd,5,0,Grains/Cereals,LINO-Delicateses,Venezuela,Laura,Callahan,Inside Sales Coordinator,162.0
10811,40,18.4,30,0.0,LINOD,8,2026-01-02,Boston Crab Meat,8,0,Seafood,LINO-Delicateses,Venezuela,Laura,Callahan,Inside Sales Coordinator,552.0
10812,31,12.5,16,0.1,REGGC,5,2026-01-02,Gorgonzola Telino,4,0,Dairy Products,Reggiani Caseifici,Italy,Steven,Buchanan,Sales Manager,180.0
10812,72,34.8,40,0.1,REGGC,5,2026-01-02,Mozzarella di Giovanni,4,0,Dairy Products,Reggiani Caseifici,Italy,Steven,Buchanan,Sales Manager,1252.8
10812,77,13.0,20,0.0,REGGC,5,2026-01-02,Original Frankfurter grüne Soße,2,0,Condiments,Reggiani Caseifici,Italy,Steven,Buchanan,Sales Manager,260.0
10813,2,19.0,12,0.2,RICAR,1,2026-01-05,Chang,1,0,Beverages,Ricardo Adocicados,Brazil,Nancy,Davolio,Sales Representative,182.4
10813,46,12.0,35,0.0,RICAR,1,2026-01-05,Spegesild,8,0,Seafood,Ricardo Adocicados,Brazil,Nancy,Davolio,Sales Representative,420.0
10814,41,9.65,20,0.0,VICTE,3,2026-01-05,Jack's New England Clam Chowder,8,0,Seafood,Victuailles en stock,France,Janet,Leverling,Sales Representative,193.0
10814,43,46.0,20,0.15,VICTE,3,2026-01-05,Ipoh Coffee,1,0,Beverages,Victuailles en stock,France,Janet,Leverling,Sales Representative,782.0
10814,48,12.75,8,0.15,VICTE,3,2026-01-05,Chocolade,3,0,Confections,Victuailles en stock,France,Janet,Leverling,Sales Representative,86.7
10814,61,28.5,30,0.15,VICTE,3,2026-01-05,Sirop d'érable,2,0,Condiments,Victuailles en stock,France,Janet,Leverling,Sales Representative,726.75
10815,33,2.5,16,0.0,SAVEA,2,2026-01-05,Geitost,4,0,Dairy Products,Save-a-lot Markets,USA,Andrew,Fuller,Vice President Sales,40.0
10816,38,263.5,30,0.05,GREAL,4,2026-01-06,Côte de Blaye,1,0,Beverages,Great Lakes Food Market,USA,Margaret,Peacock,Sales Representative,7509.75
10816,62,49.3,20,0.05,GREAL,4,2026-01-06,Tarte au sucre,3,0,Confections,Great Lakes Food Market,USA,Margaret,Peacock,Sales Representative,936.6999999999999
10817,26,31.23,40,0.15,KOENE,3,2026-01-06,Gumbär Gummibärchen,3,0,Confections,Königlich Essen,Germany,Janet,Leverling,Sales Representative,1061.82
10817,38,263.5,30,0.0,KOENE,3,2026-01-06,Côte de Blaye,1,0,Beverages,Königlich Essen,Germany,Janet,Leverling,Sales Representative,7905.0
10817,40,18.4,60,0.15,KOENE,3,2026-01-06,Boston Crab Meat,8,0,Seafood,Königlich Essen,Germany,Janet,Leverling,Sales Representative,938.4
10817,62,49.3,25,0.15,KOENE,3,2026-01-06,Tarte au sucre,3,0,Confections,Königlich Essen,Germany,Janet,Leverling,Sales Representative,1047.625
10818,32,32.0,20,0.0,MAGAA,7,2026-01-07,Mascarpone Fabioli,4,0,Dairy Products,Magazzini Alimentari Riuniti,Italy,Robert,King,Sales Representative,640.0
10818,41,9.65,20,0.0,MAGAA,7,2026-01-07,Jack's New England Clam Chowder,8,0,Seafood,Magazzini Alimentari Riuniti,Italy,Robert,King,Sales Representative,193.0
10819,43,46.0,7,0.0,CACTU,2,2026-01-07,Ipoh Coffee,1,0,Beverages,Cactus Comidas para llevar,Argentina,Andrew,Fuller,Vice President Sales,322.0
10819,75,7.75,20,0.0,CACTU,2,2026-01-07,Rhönbräu Klosterbier,1,0,Beverages,Cactus Comidas para llevar,Argentina,Andrew,Fuller,Vice President Sales,155.0
10820,56,38.0,30,0.0,RATTC,3,2026-01-07,Gnocchi di nonna Alice,5,0,Grains/Cereals,Rattlesnake Canyon Grocery,USA,Janet,Leverling,Sales Representative,1140.0
10821,35,18.0,20,0.0,SPLIR,1,2026-01-08,Steeleye Stout,1,0,Beverages,Split Rail Beer & Ale,USA,Nancy,Davolio,Sales Representative,360.0
10821,51,53.0,6,0.0,SPLIR,1,2026-01-08,Manjimup Dried Apples,7,0,Produce,Split Rail Beer & Ale,USA,Nancy,Davolio,Sales Representative,318.0
10822,62,49.3,3,0.0,TRAIH,6,2026-01-08,Tarte au sucre,3,0,Confections,Trail's Head Gourmet Provisioners,USA,Michael,Suyama,Sales Representative,147.89999999999998
10822,70,15.0,6,0.0,TRAIH,6,2026-01-08,Outback Lager,1,0,Beverages,Trail's Head Gourmet Provisioners,USA,Michael,Suyama,Sales Representative,90.0
10823,11,21.0,20,0.1,LILAS,5,2026-01-09,Queso Cabrales,4,0,Dairy Products,LILA-Supermercado,Venezuela,Steven,Buchanan,Sales Manager,378.0
10823,57,19.5,15,0.0,LILAS,5,2026-01-09,Ravioli Angelo,5,0,Grains/Cereals,LILA-Supermercado,Venezuela,Steven,Buchanan,Sales Manager,292.5
10823,59,55.0,40,0.1,LILAS,5,2026-01-09,Raclette Courdavault,4,0,Dairy Products,LILA-Supermercado,Venezuela,Steven,Buchanan,Sales Manager,1980.0
10823,77,13.0,15,0.1,LILAS,5,2026-01-09,Original Frankfurter grüne Soße,2,0,Condiments,LILA-Supermercado,Venezuela,Steven,Buchanan,Sales Manager,175.5
10824,41,9.65,12,0.0,FOLKO,8,2026-01-09,Jack's New England Clam Chowder,8,0,Seafood,Folk och fä HB,Sweden,Laura,Callahan,Inside Sales Coordinator,115.80000000000001
10824,70,15.0,9,0.0,FOLKO,8,2026-01-09,Outback Lager,1,0,Beverages,Folk och fä HB,Sweden,Laura,Callahan,Inside Sales Coordinator,135.0
10825,26,31.23,12,0.0,DRACD,1,2026-01-09,Gumbär Gummibärchen,3,0,Confections,Drachenblut Delikatessen,Germany,Nancy,Davolio,Sales Representative,374.76
10825,53,32.8,20,0.0,DRACD,1,2026-01-09,Perth Pasties,6,1,Meat/Poultry,Drachenblut Delikatessen,Germany,Nancy,Davolio,Sales Representative,656.0
10826,31,12.5,35,0.0,BLONP,6,2026-01-12,Gorgonzola Telino,4,0,Dairy Products,Blondesddsl père et fils,France,Michael,Suyama,Sales Representative,437.5
10826,57,19.5,15,0.0,BLONP,6,2026-01-12,Ravioli Angelo,5,0,Grains/Cereals,Blondesddsl père et fils,France,Michael,Suyama,Sales Representative,292.5
10827,10,31.0,15,0.0,BONAP,1,2026-01-12,Ikura,8,0,Seafood,Bon app',France,Nancy,Davolio,Sales Representative,465.0
10827,39,18.0,21,0.0,BONAP,1,2026-01-12,Chartreuse verte,1,0,Beverages,Bon app',France,Nancy,Davolio,Sales Representative,378.0
10828,20,81.0,5,0.0,RANCH,9,2026-01-13,Sir Rodney's Marmalade,3,0,Confections,Rancho grande,Argentina,Anne,Dodsworth,Sales Representative,405.0
10828,38,263.5,2,0.0,RANCH,9,2026-01-13,Côte de Blaye,1,0,Beverages,Rancho grande,Argentina,Anne,Dodsworth,Sales Representative,527.0
10829,2,19.0,10,0.0,ISLAT,9,2026-01-13,Chang,1,0,Beverages,Island Trading,UK,Anne,Dodsworth,Sales Representative,190.0
10829,8,40.0,20,0.0,ISLAT,9,2026-01-13,Northwoods Cranberry Sauce,2,0,Condiments,Island Trading,UK,Anne,Dodsworth,Sales Representative,800.0
10829,13,6.0,10,0.0,ISLAT,9,2026-01-13,Konbu,8,0,Seafood,Island Trading,UK,Anne,Dodsworth,Sales Representative,60.0
10829,60,34.0,21,0.0,ISLAT,9,2026-01-13,Camembert Pierrot,4,0,Dairy Products,Island Trading,UK,Anne,Dodsworth,Sales Representative,714.0
10830,6,25.0,6,0.0,TRADH,4,2026-01-13,Grandma's Boysenberry Spread,2,0,Condiments,Tradição Hipermercados,Brazil,Margaret,Peacock,Sales Representative,150.0
10830,39,18.0,28,0.0,TRADH,4,2026-01-13,Chartreuse verte,1,0,Beverages,Tradição Hipermercados,Brazil,Margaret,Peacock,Sales Representative,504.0
10830,60,34.0,30,0.0,TRADH,4,2026-01-13,Camembert Pierrot,4,0,Dairy Products,Tradição Hipermercados,Brazil,Margaret,Peacock,Sales Representative,1020.0
10830,68,12.5,24,0.0,TRADH,4,2026-01-13,Scottish Longbreads,3,0,Confections,Tradição Hipermercados,Brazil,Margaret,Peacock,Sales Representative,300.0
10831,19,9.2,2,0.0,SANTG,3,2026-01-14,Teatime Chocolate Biscuits,3,0,Confections,Santé Gourmet,Norway,Janet,Leverling,Sales Representative,18.4
10831,35,18.0,8,0.0,SANTG,3,2026-01-14,Steeleye Stout,1,0,Beverages,Santé Gourmet,Norway,Janet,Leverling,Sales Representative,144.0
10831,38,263.5,8,0.0,SANTG,3,2026-01-14,Côte de Blaye,1,0,Beverages,Santé Gourmet,Norway,Janet,Leverling,Sales Representative,2108.0
10831,43,46.0,9,0.0,SANTG,3,2026-01-14,Ipoh Coffee,1,0,Beverages,Santé Gourmet,Norway,Janet,Leverling,Sales Representative,414.0
10832,13,6.0,3,0.2,LAMAI,2,2026-01-14,Konbu,8,0,Seafood,La maison d'Asie,France,Andrew,Fuller,Vice President Sales,14.4
10832,25,14.0,10,0.2,LAMAI,2,2026-01-14,NuNuCa Nuß-Nougat-Creme,3,0,Confections,La maison d'Asie,France,Andrew,Fuller,Vice President Sales,112.0
10832,44,19.45,16,0.2,LAMAI,2,2026-01-14,Gula Malacca,2,0,Condiments,La maison d'Asie,France,Andrew,Fuller,Vice President Sales,248.96
10832,64,33.25,3,0.0,LAMAI,2,2026-01-14,Wimmers gute Semmelknödel,5,0,Grains/Cereals,La maison d'Asie,France,Andrew,Fuller,Vice President Sales,99.75
10833,7,30.0,20,0.1,OTTIK,6,2026-01-15,Uncle Bob's Organic Dried Pears,7,0,Produce,Ottilies Käseladen,Germany,Michael,Suyama,Sales Representative,540.0
10833,31,12.5,9,0.1,OTTIK,6,2026-01-15,Gorgonzola Telino,4,0,Dairy Products,Ottilies Käseladen,Germany,Michael,Suyama,Sales Representative,101.25
10833,53,32.8,9,0.1,OTTIK,6,2026-01-15,Perth Pasties,6,1,Meat/Poultry,Ottilies Käseladen,Germany,Michael,Suyama,Sales Representative,265.68
10834,29,123.79,8,0.05,TRADH,1,2026-01-15,Thüringer Rostbratwurst,6,1,Meat/Poultry,Tradição Hipermercados,Brazil,Nancy,Davolio,Sales Representative,940.804
10834,30,25.89,20,0.05,TRADH,1,2026-01-15,Nord-Ost Matjeshering,8,0,Seafood,Tradição Hipermercados,Brazil,Nancy,Davolio,Sales Representative,491.9099999999999
10835,59,55.0,15,0.0,ALFKI,1,2026-01-15,Raclette Courdavault,4,0,Dairy Products,Alfreds Futterkiste,Germany,Nancy,Davolio,Sales Representative,825.0
10835,77,13.0,2,0.2,ALFKI,1,2026-01-15,Original Frankfurter grüne Soße,2,0,Condiments,Alfreds Futterkiste,Germany,Nancy,Davolio,Sales Representative,20.8
10836,22,21.0,52,0.0,ERNSH,7,2026-01-16,Gustaf's Knäckebröd,5,0,Grains/Cereals,Ernst Handel,Austria,Robert,King,Sales Representative,1092.0
10836,35,18.0,6,0.0,ERNSH,7,2026-01-16,Steeleye Stout,1,0,Beverages,Ernst Handel,Austria,Robert,King,Sales Representative,108.0
10836,57,19.5,24,0.0,ERNSH,7,2026-01-16,Ravioli Angelo,5,0,Grains/Cereals,Ernst Handel,Austria,Robert,King,Sales Representative,468.0
10836,60,34.0,60,0.0,ERNSH,7,2026-01-16,Camembert Pierrot,4,0,Dairy Products,Ernst Handel,Austria,Robert,King,Sales Representative,2040.0
10836,64,33.25,30,0.0,ERNSH,7,2026-01-16,Wimmers gute Semmelknödel,5,0,Grains/Cereals,Ernst Handel,Austria,Robert,King,Sales Representative,997.5
10837,13,6.0,6,0.0,BERGS,9,2026-01-16,Konbu,8,0,Seafood,Berglunds snabbköp,Sweden,Anne,Dodsworth,Sales Representative,36.0
10837,40,18.4,25,0.0,BERGS,9,2026-01-16,Boston Crab Meat,8,0,Seafood,Berglunds snabbköp,Sweden,Anne,Dodsworth,Sales Representative,459.99999999999994
10837,47,9.5,40,0.25,BERGS,9,2026-01-16,Zaanse koeken,3,0,Confections,Berglunds snabbköp,Sweden,Anne,Dodsworth,Sales Representative,285.0
10837,76,18.0,21,0.25,BERGS,9,2026-01-16,Lakkalikööri,1,0,Beverages,Berglunds snabbköp,Sweden,Anne,Dodsworth,Sales Representative,283.5
10838,1,18.0,4,0.25,LINOD,3,2026-01-19,Chai,1,0,Beverages,LINO-Delicateses,Venezuela,Janet,Leverling,Sales Representative,54.0
10838,18,62.5,25,0.25,LINOD,3,2026-01-19,Carnarvon Tigers,8,0,Seafood,LINO-Delicateses,Venezuela,Janet,Leverling,Sales Representative,1171.875
10838,36,19.0,50,0.25,LINOD,3,2026-01-19,Inlagd Sill,8,0,Seafood,LINO-Delicateses,Venezuela,Janet,Leverling,Sales Representative,712.5
10839,58,13.25,30,0.1,TRADH,3,2026-01-19,Escargots de Bourgogne,8,0,Seafood,Tradição Hipermercados,Brazil,Janet,Leverling,Sales Representative,357.75
10839,72,34.8,15,0.1,TRADH,3,2026-01-19,Mozzarella di Giovanni,4,0,Dairy Products,Tradição Hipermercados,Brazil,Janet,Leverling,Sales Representative,469.8
10840,25,14.0,6,0.2,LINOD,4,2026-01-19,NuNuCa Nuß-Nougat-Creme,3,0,Confections,LINO-Delicateses,Venezuela,Margaret,Peacock,Sales Representative,67.2
10840,39,18.0,10,0.2,LINOD,4,2026-01-19,Chartreuse verte,1,0,Beverages,LINO-Delicateses,Venezuela,Margaret,Peacock,Sales Representative,144.0
10841,10,31.0,16,0.0,SUPRD,5,2026-01-20,Ikura,8,0,Seafood,Suprêmes délices,Belgium,Steven,Buchanan,Sales Manager,496.0
10841,56,38.0,30,0.0,SUPRD,5,2026-01-20,Gnocchi di nonna Alice,5,0,Grains/Cereals,Suprêmes délices,Belgium,Steven,Buchanan,Sales Manager,1140.0
10841,59,55.0,50,0.0,SUPRD,5,2026-01-20,Raclette Courdavault,4,0,Dairy Products,Suprêmes délices,Belgium,Steven,Buchanan,Sales Manager,2750.0
10841,77,13.0,15,0.0,SUPRD,5,2026-01-20,Original Frankfurter grüne Soße,2,0,Condiments,Suprêmes délices,Belgium,Steven,Buchanan,Sales Manager,195.0
10842,11,21.0,15,0.0,TORTU,1,2026-01-20,Queso Cabrales,4,0,Dairy Products,Tortuga Restaurante,Mexico,Nancy,Davolio,Sales Representative,315.0
10842,43,46.0,5,0.0,TORTU,1,2026-01-20,Ipoh Coffee,1,0,Beverages,Tortuga Restaurante,Mexico,Nancy,Davolio,Sales Representative,230.0
10842,68,12.5,20,0.0,TORTU,1,2026-01-20,Scottish Longbreads,3,0,Confections,Tortuga Restaurante,Mexico,Nancy,Davolio,Sales Representative,250.0
10842,70,15.0,12,0.0,TORTU,1,2026-01-20,Outback Lager,1,0,Beverages,Tortuga Restaurante,Mexico,Nancy,Davolio,Sales Representative,180.0
10843,51,53.0,4,0.25,VICTE,4,2026-01-21,Manjimup Dried Apples,7,0,Produce,Victuailles en stock,France,Margaret,Peacock,Sales Representative,159.0
10844,22,21.0,35,0.0,PICCO,8,2026-01-21,Gustaf's Knäckebröd,5,0,Grains/Cereals,Piccolo und mehr,Austria,Laura,Callahan,Inside Sales Coordinator,735.0
10845,23,9.0,70,0.1,QUICK,8,2026-01-21,Tunnbröd,5,0,Grains/Cereals,QUICK-Stop,Germany,Laura,Callahan,Inside Sales Coordinator,567.0
10845,35,18.0,25,0.1,QUICK,8,2026-01-21,Steeleye Stout,1,0,Beverages,QUICK-Stop,Germany,Laura,Callahan,Inside Sales Coordinator,405.0
10845,42,14.0,42,0.1,QUICK,8,2026-01-21,Singaporean Hokkien Fried Mee,5,1,Grains/Cereals,QUICK-Stop,Germany,Laura,Callahan,Inside Sales Coordinator,529.2
10845,58,13.25,60,0.1,QUICK,8,2026-01-21,Escargots de Bourgogne,8,0,Seafood,QUICK-Stop,Germany,Laura,Callahan,Inside Sales Coordinator,715.5
10845,64,33.25,48,0.0,QUICK,8,2026-01-21,Wimmers gute Semmelknödel,5,0,Grains/Cereals,QUICK-Stop,Germany,Laura,Callahan,Inside Sales Coordinator,1596.0
10846,4,22.0,21,0.0,SUPRD,2,2026-01-22,Chef Anton's Cajun Seasoning,2,0,Condiments,Suprêmes délices,Belgium,Andrew,Fuller,Vice President Sales,462.0
10846,70,15.0,30,0.0,SUPRD,2,2026-01-22,Outback Lager,1,0,Beverages,Suprêmes délices,Belgium,Andrew,Fuller,Vice President Sales,450.0
10846,74,10.0,20,0.0,SUPRD,2,2026-01-22,Longlife Tofu,7,0,Produce,Suprêmes délices,Belgium,Andrew,Fuller,Vice President Sales,200.0
10847,1,18.0,80,0.2,SAVEA,4,2026-01-22,Chai,1,0,Beverages,Save-a-lot Markets,USA,Margaret,Peacock,Sales Representative,1152.0
10847,19,9.2,12,0.2,SAVEA,4,2026-01-22,Teatime Chocolate Biscuits,3,0,Confections,Save-a-lot Markets,USA,Margaret,Peacock,Sales Representative,88.32
10847,37,26.0,60,0.2,SAVEA,4,2026-01-22,Gravad lax,8,0,Seafood,Save-a-lot Markets,USA,Margaret,Peacock,Sales Representative,1248.0
10847,45,9.5,36,0.2,SAVEA,4,2026-01-22,Rogede sild,8,0,Seafood,Save-a-lot Markets,USA,Margaret,Peacock,Sales Representative,273.6
10847,60,34.0,45,0.2,SAVEA,4,2026-01-22,Camembert Pierrot,4,0,Dairy Products,Save-a-lot Markets,USA,Margaret,Peacock,Sales Representative,1224.0
10847,71,21.5,55,0.2,SAVEA,4,2026-01-22,Flotemysost,4,0,Dairy Products,Save-a-lot Markets,USA,Margaret,Peacock,Sales Representative,946.0
10848,5,21.35,30,0.0,CONSH,7,2026-01-23,Chef Anton's Gumbo Mix,2,1,Condiments,Consolidated Holdings,UK,Robert,King,Sales Representative,640.5
10848,9,97.0,3,0.0,CONSH,7,2026-01-23,Mishi Kobe Niku,6,1,Meat/Poultry,Consolidated Holdings,UK,Robert,King,Sales Representative,291.0
10849,3,10.0,49,0.0,KOENE,9,2026-01-23,Aniseed Syrup,2,0,Condiments,Königlich Essen,Germany,Anne,Dodsworth,Sales Representative,490.0
10849,26,31.23,18,0.15,KOENE,9,2026-01-23,Gumbär Gummibärchen,3,0,Confections,Königlich Essen,Germany,Anne,Dodsworth,Sales Representative,477.81899999999996
10850,25,14.0,20,0.15,VICTE,1,2026-01-23,NuNuCa Nuß-Nougat-Creme,3,0,Confections,Victuailles en stock,France,Nancy,Davolio,Sales Representative,238.0
10850,33,2.5,4,0.15,VICTE,1,2026-01-23,Geitost,4,0,Dairy Products,Victuailles en stock,France,Nancy,Davolio,Sales Representative,8.5
10850,70,15.0,30,0.15,VICTE,1,2026-01-23,Outback Lager,1,0,Beverages,Victuailles en stock,France,Nancy,Davolio,Sales Representative,382.5
10851,2,19.0,5,0.05,RICAR,5,2026-01-26,Chang,1,0,Beverages,Ricardo Adocicados,Brazil,Steven,Buchanan,Sales Manager,90.25
10851,25,14.0,10,0.05,RICAR,5,2026-01-26,NuNuCa Nuß-Nougat-Creme,3,0,Confections,Ricardo Adocicados,Brazil,Steven,Buchanan,Sales Manager,133.0
10851,57,19.5,10,0.05,RICAR,5,2026-01-26,Ravioli Angelo,5,0,Grains/Cereals,Ricardo Adocicados,Brazil,Steven,Buchanan,Sales Manager,185.25
10851,59,55.0,42,0.05,RICAR,5,2026-01-26,Raclette Courdavault,4,0,Dairy Products,Ricardo Adocicados,Brazil,Steven,Buchanan,Sales Manager,2194.5
10852,2,19.0,15,0.0,RATTC,8,2026-01-26,Chang,1,0,Beverages,Rattlesnake Canyon Grocery,USA,Laura,Callahan,Inside Sales Coordinator,285.0
10852,17,39.0,6,0.0,RATTC,8,2026-01-26,Alice Mutton,6,1,Meat/Poultry,Rattlesnake Canyon Grocery,USA,Laura,Callahan,Inside Sales Coordinator,234.0
10852,62,49.3,50,0.0,RATTC,8,2026-01-26,Tarte au sucre,3,0,Confections,Rattlesnake Canyon Grocery,USA,Laura,Callahan,Inside Sales Coordinator,2465.0
10853,18,62.5,10,0.0,BLAUS,9,2026-01-27,Carnarvon Tigers,8,0,Seafood,Blauer See Delikatessen,Germany,Anne,Dodsworth,Sales Representative,625.0
10854,10,31.0,100,0.15,ERNSH,3,2026-01-27,Ikura,8,0,Seafood,Ernst Handel,Austria,Janet,Leverling,Sales Representative,2635.0
10854,13,6.0,65,0.15,ERNSH,3,2026-01-27,Konbu,8,0,Seafood,Ernst Handel,Austria,Janet,Leverling,Sales Representative,331.5
10855,16,17.45,50,0.0,OLDWO,3,2026-01-27,Pavlova,3,0,Confections,Old World Delicatessen,USA,Janet,Leverling,Sales Representative,872.5
10855,31,12.5,14,0.0,OLDWO,3,2026-01-27,Gorgonzola Telino,4,0,Dairy Products,Old World Delicatessen,USA,Janet,Leverling,Sales Representative,175.0
10855,56,38.0,24,0.0,OLDWO,3,2026-01-27,Gnocchi di nonna Alice,5,0,Grains/Cereals,Old World Delicatessen,USA,Janet,Leverling,Sales Representative,912.0
10855,65,21.05,15,0.15,OLDWO,3,2026-01-27,Louisiana Fiery Hot Pepper Sauce,2,0,Condiments,Old World Delicatessen,USA,Janet,Leverling,Sales Representative,268.3875
10856,2,19.0,20,0.0,ANTON,3,2026-01-28,Chang,1,0,Beverages,Antonio Moreno Taquería,Mexico,Janet,Leverling,Sales Representative,380.0
10856,42,14.0,20,0.0,ANTON,3,2026-01-28,Singaporean Hokkien Fried Mee,5,1,Grains/Cereals,Antonio Moreno Taquería,Mexico,Janet,Leverling,Sales Representative,280.0
10857,3,10.0,30,0.0,BERGS,8,2026-01-28,Aniseed Syrup,2,0,Condiments,Berglunds snabbköp,Sweden,Laura,Callahan,Inside Sales Coordinator,300.0
10857,26,31.23,35,0.25,BERGS,8,2026-01-28,Gumbär Gummibärchen,3,0,Confections,Berglunds snabbköp,Sweden,Laura,Callahan,Inside Sales Coordinator,819.7874999999999
10857,29,123.79,10,0.25,BERGS,8,2026-01-28,Thüringer Rostbratwurst,6,1,Meat/Poultry,Berglunds snabbköp,Sweden,Laura,Callahan,Inside Sales Coordinator,928.4250000000001
10858,7,30.0,5,0.0,LACOR,2,2026-01-29,Uncle Bob's Organic Dried Pears,7,0,Produce,La corne d'abondance,France,Andrew,Fuller,Vice President Sales,150.0
10858,27,43.9,10,0.0,LACOR,2,2026-01-29,Schoggi Schokolade,3,0,Confections,La corne d'abondance,France,Andrew,Fuller,Vice President Sales,439.0
10858,70,15.0,4,0.0,LACOR,2,2026-01-29,Outback Lager,1,0,Beverages,La corne d'abondance,France,Andrew,Fuller,Vice President Sales,60.0
10859,24,4.5,40,0.25,FRANK,1,2026-01-29,Guaraná Fantástica,1,1,Beverages,Frankenversand,Germany,Nancy,Davolio,Sales Representative,135.0
10859,54,7.45,35,0.25,FRANK,1,2026-01-29,Tourtière,6,0,Meat/Poultry,Frankenversand,Germany,Nancy,Davolio,Sales Representative,195.5625
10859,64,33.25,30,0.25,FRANK,1,2026-01-29,Wimmers gute Semmelknödel,5,0,Grains/Cereals,Frankenversand,Germany,Nancy,Davolio,Sales Representative,748.125
10860,51,53.0,3,0.0,FRANR,3,2026-01-29,Manjimup Dried Apples,7,0,Produce,France restauration,France,Janet,Leverling,Sales Representative,159.0
10860,76,18.0,20,0.0,FRANR,3,2026-01-29,Lakkalikööri,1,0,Beverages,France restauration,France,Janet,Leverling,Sales Representative,360.0
10861,17,39.0,42,0.0,WHITC,4,2026-01-30,Alice Mutton,6,1,Meat/Poultry,White Clover Markets,USA,Margaret,Peacock,Sales Representative,1638.0
10861,18,62.5,20,0.0,WHITC,4,2026-01-30,Carnarvon Tigers,8,0,Seafood,White Clover Markets,USA,Margaret,Peacock,Sales Representative,1250.0
10861,21,10.0,40,0.0,WHITC,4,2026-01-30,Sir Rodney's Scones,3,0,Confections,White Clover Markets,USA,Margaret,Peacock,Sales Representative,400.0
10861,33,2.5,35,0.0,WHITC,4,2026-01-30,Geitost,4,0,Dairy Products,White Clover Markets,USA,Margaret,Peacock,Sales Representative,87.5
10861,62,49.3,3,0.0,WHITC,4,2026-01-30,Tarte au sucre,3,0,Confections,White Clover Markets,USA,Margaret,Peacock,Sales Representative,147.89999999999998
10862,11,21.0,25,0.0,LEHMS,8,2026-01-30,Queso Cabrales,4,0,Dairy Products,Lehmanns Marktstand,Germany,Laura,Callahan,Inside Sales Coordinator,525.0
10862,52,7.0,8,0.0,LEHMS,8,2026-01-30,Filo Mix,5,0,Grains/Cereals,Lehmanns Marktstand,Germany,Laura,Callahan,Inside Sales Coordinator,56.0
10863,1,18.0,20,0.15,HILAA,4,2026-02-02,Chai,1,0,Beverages,HILARION-Abastos,Venezuela,Margaret,Peacock,Sales Representative,306.0
10863,58,13.25,12,0.15,HILAA,4,2026-02-02,Escargots de Bourgogne,8,0,Seafood,HILARION-Abastos,Venezuela,Margaret,Peacock,Sales Representative,135.15
10864,35,18.0,4,0.0,AROUT,4,2026-02-02,Steeleye Stout,1,0,Beverages,Around the Horn,UK,Margaret,Peacock,Sales Representative,72.0
10864,67,14.0,15,0.0,AROUT,4,2026-02-02,Laughing Lumberjack Lager,1,0,Beverages,Around the Horn,UK,Margaret,Peacock,Sales Representative,210.0
10865,38,263.5,60,0.05,QUICK,2,2026-02-02,Côte de Blaye,1,0,Beverages,QUICK-Stop,Germany,Andrew,Fuller,Vice President Sales,15019.5
10865,39,18.0,80,0.05,QUICK,2,2026-02-02,Chartreuse verte,1,0,Beverages,QUICK-Stop,Germany,Andrew,Fuller,Vice President Sales,1368.0
10866,2,19.0,21,0.25,BERGS,5,2026-02-03,Chang,1,0,Beverages,Berglunds snabbköp,Sweden,Steven,Buchanan,Sales Manager,299.25
10866,24,4.5,6,0.25,BERGS,5,2026-02-03,Guaraná Fantástica,1,1,Beverages,Berglunds snabbköp,Sweden,Steven,Buchanan,Sales Manager,20.25
10866,30,25.89,40,0.25,BERGS,5,2026-02-03,Nord-Ost Matjeshering,8,0,Seafood,Berglunds snabbköp,Sweden,Steven,Buchanan,Sales Manager,776.6999999999999
10867,53,32.8,3,0.0,LONEP,6,2026-02-03,Perth Pasties,6,1,Meat/Poultry,Lonesome Pine Restaurant,USA,Michael,Suyama,Sales Representative,98.39999999999999
10868,26,31.23,20,0.0,QUEEN,7,2026-02-04,Gumbär Gummibärchen,3,0,Confections,Queen Cozinha,Brazil,Robert,King,Sales Representative,624.6
10868,35,18.0,30,0.0,QUEEN,7,2026-02-04,Steeleye Stout,1,0,Beverages,Queen Cozinha,Brazil,Robert,King,Sales Representative,540.0
10868,49,20.0,42,0.1,QUEEN,7,2026-02-04,Maxilaku,3,0,Confections,Queen Cozinha,Brazil,Robert,King,Sales Representative,756.0
10869,1,18.0,40,0.0,SEVES,5,2026-02-04,Chai,1,0,Beverages,Seven Seas Imports,UK,Steven,Buchanan,Sales Manager,720.0
10869,11,21.0,10,0.0,SEVES,5,2026-02-04,Queso Cabrales,4,0,Dairy Products,Seven Seas Imports,UK,Steven,Buchanan,Sales Manager,210.0
10869,23,9.0,50,0.0,SEVES,5,2026-02-04,Tunnbröd,5,0,Grains/Cereals,Seven Seas Imports,UK,Steven,Buchanan,Sales Manager,450.0
10869,68,12.5,20,0.0,SEVES,5,2026-02-04,Scottish Longbreads,3,0,Confections,Seven Seas Imports,UK,Steven,Buchanan,Sales Manager,250.0
10870,35,18.0,3,0.0,WOLZA,5,2026-02-04,Steeleye Stout,1,0,Beverages,Wolski  Zajazd,Poland,Steven,Buchanan,Sales Manager,54.0
10870,51,53.0,2,0.0,WOLZA,5,2026-02-04,Manjimup Dried Apples,7,0,Produce,Wolski  Zajazd,Poland,Steven,Buchanan,Sales Manager,106.0
10871,6,25.0,50,0.05,BONAP,9,2026-02-05,Grandma's Boysenberry Spread,2,0,Condiments,Bon app',France,Anne,Dodsworth,Sales Representative,1187.5
10871,16,17.45,12,0.05,BONAP,9,2026-02-05,Pavlova,3,0,Confections,Bon app',France,Anne,Dodsworth,Sales Representative,198.92999999999998
10871,17,39.0,16,0.05,BONAP,9,2026-02-05,Alice Mutton,6,1,Meat/Poultry,Bon app',France,Anne,Dodsworth,Sales Representative,592.8
10872,55,24.0,10,0.05,GODOS,5,2026-02-05,Pâté chinois,6,0,Meat/Poultry,Godos Cocina Típica,Spain,Steven,Buchanan,Sales Manager,228.0
10872,62,49.3,20,0.05,GODOS,5,2026-02-05,Tarte au sucre,3,0,Confections,Godos Cocina Típica,Spain,Steven,Buchanan,Sales Manager,936.6999999999999
10872,64,33.25,15,0.05,GODOS,5,2026-02-05,Wimmers gute Semmelknödel,5,0,Grains/Cereals,Godos Cocina Típica,Spain,Steven,Buchanan,Sales Manager,473.8125
10872,65,21.05,21,0.05,GODOS,5,2026-02-05,Louisiana Fiery Hot Pepper Sauce,2,0,Condiments,Godos Cocina Típica,Spain,Steven,Buchanan,Sales Manager,419.9475
10873,21,10.0,20,0.0,WILMK,4,2026-02-06,Sir Rodney's Scones,3,0,Confections,Wilman Kala,Finland,Margaret,Peacock,Sales Representative,200.0
10873,28,45.6,3,0.0,WILMK,4,2026-02-06,Rössle Sauerkraut,7,1,Produce,Wilman Kala,Finland,Margaret,Peacock,Sales Representative,136.8
10874,10,31.0,10,0.0,GODOS,5,2026-02-06,Ikura,8,0,Seafood,Godos Cocina Típica,Spain,Steven,Buchanan,Sales Manager,310.0
10875,19,9.2,25,0.0,BERGS,4,2026-02-06,Teatime Chocolate Biscuits,3,0,Confections,Berglunds snabbköp,Sweden,Margaret,Peacock,Sales Representative,229.99999999999997
10875,47,9.5,21,0.1,BERGS,4,2026-02-06,Zaanse koeken,3,0,Confections,Berglunds snabbköp,Sweden,Margaret,Peacock,Sales Representative,179.55
10875,49,20.0,15,0.0,BERGS,4,2026-02-06,Maxilaku,3,0,Confections,Berglunds snabbköp,Sweden,Margaret,Peacock,Sales Representative,300.0
10876,46,12.0,21,0.0,BONAP,7,2026-02-09,Spegesild,8,0,Seafood,Bon app',France,Robert,King,Sales Representative,252.0
10876,64,33.25,20,0.0,BONAP,7,2026-02-09,Wimmers gute Semmelknödel,5,0,Grains/Cereals,Bon app',France,Robert,King,Sales Representative,665.0
10877,16,17.45,30,0.25,RICAR,1,2026-02-09,Pavlova,3,0,Confections,Ricardo Adocicados,Brazil,Nancy,Davolio,Sales Representative,392.625
10877,18,62.5,25,0.0,RICAR,1,2026-02-09,Carnarvon Tigers,8,0,Seafood,Ricardo Adocicados,Brazil,Nancy,Davolio,Sales Representative,1562.5
10878,20,81.0,20,0.05,QUICK,4,2026-02-10,Sir Rodney's Marmalade,3,0,Confections,QUICK-Stop,Germany,Margaret,Peacock,Sales Representative,1539.0
10879,40,18.4,12,0.0,WILMK,3,2026-02-10,Boston Crab Meat,8,0,Seafood,Wilman Kala,Finland,Janet,Leverling,Sales Representative,220.79999999999998
10879,65,21.05,10,0.0,WILMK,3,2026-02-10,Louisiana Fiery Hot Pepper Sauce,2,0,Condiments,Wilman Kala,Finland,Janet,Leverling,Sales Representative,210.5
10879,76,18.0,10,0.0,WILMK,3,2026-02-10,Lakkalikööri,1,0,Beverages,Wilman Kala,Finland,Janet,Leverling,Sales Representative,180.0
10880,23,9.0,30,0.2,FOLKO,7,2026-02-10,Tunnbröd,5,0,Grains/Cereals,Folk och fä HB,Sweden,Robert,King,Sales Representative,216.0
10880,61,28.5,30,0.2,FOLKO,7,2026-02-10,Sirop d'érable,2,0,Condiments,Folk och fä HB,Sweden,Robert,King,Sales Representative,684.0
10880,70,15.0,50,0.2,FOLKO,7,2026-02-10,Outback Lager,1,0,Beverages,Folk och fä HB,Sweden,Robert,King,Sales Representative,600.0
10881,73,15.0,10,0.0,CACTU,4,2026-02-11,Röd Kaviar,8,0,Seafood,Cactus Comidas para llevar,Argentina,Margaret,Peacock,Sales Representative,150.0
10882,42,14.0,25,0.0,SAVEA,4,2026-02-11,Singaporean Hokkien Fried Mee,5,1,Grains/Cereals,Save-a-lot Markets,USA,Margaret,Peacock,Sales Representative,350.0
10882,49,20.0,20,0.15,SAVEA,4,2026-02-11,Maxilaku,3,0,Confections,Save-a-lot Markets,USA,Margaret,Peacock,Sales Representative,340.0
10882,54,7.45,32,0.15,SAVEA,4,2026-02-11,Tourtière,6,0,Meat/Poultry,Save-a-lot Markets,USA,Margaret,Peacock,Sales Representative,202.64
10883,24,4.5,8,0.0,LONEP,8,2026-02-12,Guaraná Fantástica,1,1,Beverages,Lonesome Pine Restaurant,USA,Laura,Callahan,Inside Sales Coordinator,36.0
10884,21,10.0,40,0.05,LETSS,4,2026-02-12,Sir Rodney's Scones,3,0,Confections,Let's Stop N Shop,USA,Margaret,Peacock,Sales Representative,380.0
10884,56,38.0,21,0.05,LETSS,4,2026-02-12,Gnocchi di nonna Alice,5,0,Grains/Cereals,Let's Stop N Shop,USA,Margaret,Peacock,Sales Representative,758.0999999999999
10884,65,21.05,12,0.05,LETSS,4,2026-02-12,Louisiana Fiery Hot Pepper Sauce,2,0,Condiments,Let's Stop N Shop,USA,Margaret,Peacock,Sales Representative,239.97
10885,2,19.0,20,0.0,SUPRD,6,2026-02-12,Chang,1,0,Beverages,Suprêmes délices,Belgium,Michael,Suyama,Sales Representative,380.0
10885,24,4.5,12,0.0,SUPRD,6,2026-02-12,Guaraná Fantástica,1,1,Beverages,Suprêmes délices,Belgium,Michael,Suyama,Sales Representative,54.0
10885,70,15.0,30,0.0,SUPRD,6,2026-02-12,Outback Lager,1,0,Beverages,Suprêmes délices,Belgium,Michael,Suyama,Sales Representative,450.0
10885,77,13.0,25,0.0,SUPRD,6,2026-02-12,Original Frankfurter grüne Soße,2,0,Condiments,Suprêmes délices,Belgium,Michael,Suyama,Sales Representative,325.0
10886,10,31.0,70,0.0,HANAR,1,2026-02-13,Ikura,8,0,Seafood,Hanari Carnes,Brazil,Nancy,Davolio,Sales Representative,2170.0
10886,31,12.5,35,0.0,HANAR,1,2026-02-13,Gorgonzola Telino,4,0,Dairy Products,Hanari Carnes,Brazil,Nancy,Davolio,Sales Representative,437.5
10886,77,13.0,40,0.0,HANAR,1,2026-02-13,Original Frankfurter grüne Soße,2,0,Condiments,Hanari Carnes,Brazil,Nancy,Davolio,Sales Representative,520.0
10887,25,14.0,5,0.0,GALED,8,2026-02-13,NuNuCa Nuß-Nougat-Creme,3,0,Confections,Galería del gastrónomo,Spain,Laura,Callahan,Inside Sales Coordinator,70.0
10888,2,19.0,20,0.0,GODOS,1,2026-02-16,Chang,1,0,Beverages,Godos Cocina Típica,Spain,Nancy,Davolio,Sales Representative,380.0
10888,68,12.5,18,0.0,GODOS,1,2026-02-16,Scottish Longbreads,3,0,Confections,Godos Cocina Típica,Spain,Nancy,Davolio,Sales Representative,225.0
10889,11,21.0,40,0.0,RATTC,9,2026-02-16,Queso Cabrales,4,0,Dairy Products,Rattlesnake Canyon Grocery,USA,Anne,Dodsworth,Sales Representative,840.0
10889,38,263.5,40,0.0,RATTC,9,2026-02-16,Côte de Blaye,1,0,Beverages,Rattlesnake Canyon Grocery,USA,Anne,Dodsworth,Sales Representative,10540.0
10890,17,39.0,15,0.0,DUMON,7,2026-02-16,Alice Mutton,6,1,Meat/Poultry,Du monde entier,France,Robert,King,Sales Representative,585.0
10890,34,14.0,10,0.0,DUMON,7,2026-02-16,Sasquatch Ale,1,0,Beverages,Du monde entier,France,Robert,King,Sales Representative,140.0
10890,41,9.65,14,0.0,DUMON,7,2026-02-16,Jack's New England Clam Chowder,8,0,Seafood,Du monde entier,France,Robert,King,Sales Representative,135.1
10891,30,25.89,15,0.05,LEHMS,7,2026-02-17,Nord-Ost Matjeshering,8,0,Seafood,Lehmanns Marktstand,Germany,Robert,King,Sales Representative,368.9325
10892,59,55.0,40,0.05,MAISD,4,2026-02-17,Raclette Courdavault,4,0,Dairy Products,Maison Dewey,Belgium,Margaret,Peacock,Sales Representative,2090.0
10893,8,40.0,30,0.0,KOENE,9,2026-02-18,Northwoods Cranberry Sauce,2,0,Condiments,Königlich Essen,Germany,Anne,Dodsworth,Sales Representative,1200.0
10893,24,4.5,10,0.0,KOENE,9,2026-02-18,Guaraná Fantástica,1,1,Beverages,Königlich Essen,Germany,Anne,Dodsworth,Sales Representative,45.0
10893,29,123.79,24,0.0,KOENE,9,2026-02-18,Thüringer Rostbratwurst,6,1,Meat/Poultry,Königlich Essen,Germany,Anne,Dodsworth,Sales Representative,2970.96
10893,30,25.89,35,0.0,KOENE,9,2026-02-18,Nord-Ost Matjeshering,8,0,Seafood,Königlich Essen,Germany,Anne,Dodsworth,Sales Representative,906.15
10893,36,19.0,20,0.0,KOENE,9,2026-02-18,Inlagd Sill,8,0,Seafood,Königlich Essen,Germany,Anne,Dodsworth,Sales Representative,380.0
10894,13,6.0,28,0.05,SAVEA,1,2026-02-18,Konbu,8,0,Seafood,Save-a-lot Markets,USA,Nancy,Davolio,Sales Representative,159.6
10894,69,36.0,50,0.05,SAVEA,1,2026-02-18,Gudbrandsdalsost,4,0,Dairy Products,Save-a-lot Markets,USA,Nancy,Davolio,Sales Representative,1710.0
10894,75,7.75,120,0.05,SAVEA,1,2026-02-18,Rhönbräu Klosterbier,1,0,Beverages,Save-a-lot Markets,USA,Nancy,Davolio,Sales Representative,883.5
10895,24,4.5,110,0.0,ERNSH,3,2026-02-18,Guaraná Fantástica,1,1,Beverages,Ernst Handel,Austria,Janet,Leverling,Sales Representative,495.0
10895,39,18.0,45,0.0,ERNSH,3,2026-02-18,Chartreuse verte,1,0,Beverages,Ernst Handel,Austria,Janet,Leverling,Sales Representative,810.0
10895,40,18.4,91,0.0,ERNSH,3,2026-02-18,Boston Crab Meat,8,0,Seafood,Ernst Handel,Austria,Janet,Leverling,Sales Representative,1674.3999999999999
10895,60,34.0,100,0.0,ERNSH,3,2026-02-18,Camembert Pierrot,4,0,Dairy Products,Ernst Handel,Austria,Janet,Leverling,Sales Representative,3400.0
10896,45,9.5,15,0.0,MAISD,7,2026-02-19,Rogede sild,8,0,Seafood,Maison Dewey,Belgium,Robert,King,Sales Representative,142.5
10896,56,38.0,16,0.0,MAISD,7,2026-02-19,Gnocchi di nonna Alice,5,0,Grains/Cereals,Maison Dewey,Belgium,Robert,King,Sales Representative,608.0
10897,29,123.79,80,0.0,HUNGO,3,2026-02-19,Thüringer Rostbratwurst,6,1,Meat/Poultry,Hungry Owl All-Night Grocers,Ireland,Janet,Leverling,Sales Representative,9903.2
10897,30,25.89,36,0.0,HUNGO,3,2026-02-19,Nord-Ost Matjeshering,8,0,Seafood,Hungry Owl All-Night Grocers,Ireland,Janet,Leverling,Sales Representative,932.04
10898,13,6.0,5,0.0,OCEAN,4,2026-02-20,Konbu,8,0,Seafood,Océano Atlántico Ltda.,Argentina,Margaret,Peacock,Sales Representative,30.0
10899,39,18.0,8,0.15,LILAS,5,2026-02-20,Chartreuse verte,1,0,Beverages,LILA-Supermercado,Venezuela,Steven,Buchanan,Sales Manager,122.39999999999999
10900,70,15.0,3,0.25,WELLI,1,2026-02-20,Outback Lager,1,0,Beverages,Wellington Importadora,Brazil,Nancy,Davolio,Sales Representative,33.75
10901,41,9.65,30,0.0,HILAA,4,2026-02-23,Jack's New England Clam Chowder,8,0,Seafood,HILARION-Abastos,Venezuela,Margaret,Peacock,Sales Representative,289.5
10901,71,21.5,30,0.0,HILAA,4,2026-02-23,Flotemysost,4,0,Dairy Products,HILARION-Abastos,Venezuela,Margaret,Peacock,Sales Representative,645.0
10902,55,24.0,30,0.15,FOLKO,1,2026-02-23,Pâté chinois,6,0,Meat/Poultry,Folk och fä HB,Sweden,Nancy,Davolio,Sales Representative,612.0
10902,62,49.3,6,0.15,FOLKO,1,2026-02-23,Tarte au sucre,3,0,Confections,Folk och fä HB,Sweden,Nancy,Davolio,Sales Representative,251.42999999999995
10903,13,6.0,40,0.0,HANAR,3,2026-02-24,Konbu,8,0,Seafood,Hanari Carnes,Brazil,Janet,Leverling,Sales Representative,240.0
10903,65,21.05,21,0.0,HANAR,3,2026-02-24,Louisiana Fiery Hot Pepper Sauce,2,0,Condiments,Hanari Carnes,Brazil,Janet,Leverling,Sales Representative,442.05
10903,68,12.5,20,0.0,HANAR,3,2026-02-24,Scottish Longbreads,3,0,Confections,Hanari Carnes,Brazil,Janet,Leverling,Sales Representative,250.0
10904,58,13.25,15,0.0,WHITC,3,2026-02-24,Escargots de Bourgogne,8,0,Seafood,White Clover Markets,USA,Janet,Leverling,Sales Representative,198.75
10904,62,49.3,35,0.0,WHITC,3,2026-02-24,Tarte au sucre,3,0,Confections,White Clover Markets,USA,Janet,Leverling,Sales Representative,1725.5
10905,1,18.0,20,0.05,WELLI,9,2026-02-24,Chai,1,0,Beverages,Wellington Importadora,Brazil,Anne,Dodsworth,Sales Representative,342.0
10906,61,28.5,15,0.0,WOLZA,4,2026-02-25,Sirop d'érable,2,0,Condiments,Wolski  Zajazd,Poland,Margaret,Peacock,Sales Representative,427.5
10907,75,7.75,14,0.0,SPECD,6,2026-02-25,Rhönbräu Klosterbier,1,0,Beverages,Spécialités du monde,France,Michael,Suyama,Sales Representative,108.5
10908,7,30.0,20,0.05,REGGC,4,2026-02-26,Uncle Bob's Organic Dried Pears,7,0,Produce,Reggiani Caseifici,Italy,Margaret,Peacock,Sales Representative,570.0
10908,52,7.0,14,0.05,REGGC,4,2026-02-26,Filo Mix,5,0,Grains/Cereals,Reggiani Caseifici,Italy,Margaret,Peacock,Sales Representative,93.1
10909,7,30.0,12,0.0,SANTG,1,2026-02-26,Uncle Bob's Organic Dried Pears,7,0,Produce,Santé Gourmet,Norway,Nancy,Davolio,Sales Representative,360.0
10909,16,17.45,15,0.0,SANTG,1,2026-02-26,Pavlova,3,0,Confections,Santé Gourmet,Norway,Nancy,Davolio,Sales Representative,261.75
10909,41,9.65,5,0.0,SANTG,1,2026-02-26,Jack's New England Clam Chowder,8,0,Seafood,Santé Gourmet,Norway,Nancy,Davolio,Sales Representative,48.25
10910,19,9.2,12,0.0,WILMK,1,2026-02-26,Teatime Chocolate Biscuits,3,0,Confections,Wilman Kala,Finland,Nancy,Davolio,Sales Representative,110.39999999999999
10910,49,20.0,10,0.0,WILMK,1,2026-02-26,Maxilaku,3,0,Confections,Wilman Kala,Finland,Nancy,Davolio,Sales Representative,200.0
10910,61,28.5,5,0.0,WILMK,1,2026-02-26,Sirop d'érable,2,0,Condiments,Wilman Kala,Finland,Nancy,Davolio,Sales Representative,142.5
10911,1,18.0,10,0.0,GODOS,3,2026-02-26,Chai,1,0,Beverages,Godos Cocina Típica,Spain,Janet,Leverling,Sales Representative,180.0
10911,17,39.0,12,0.0,GODOS,3,2026-02-26,Alice Mutton,6,1,Meat/Poultry,Godos Cocina Típica,Spain,Janet,Leverling,Sales Representative,468.0
10911,67,14.0,15,0.0,GODOS,3,2026-02-26,Laughing Lumberjack Lager,1,0,Beverages,Godos Cocina Típica,Spain,Janet,Leverling,Sales Representative,210.0
10912,11,21.0,40,0.25,HUNGO,2,2026-02-26,Queso Cabrales,4,0,Dairy Products,Hungry Owl All-Night Grocers,Ireland,Andrew,Fuller,Vice President Sales,630.0
10912,29,123.79,60,0.25,HUNGO,2,2026-02-26,Thüringer Rostbratwurst,6,1,Meat/Poultry,Hungry Owl All-Night Grocers,Ireland,Andrew,Fuller,Vice President Sales,5570.55
10913,4,22.0,30,0.25,QUEEN,4,2026-02-26,Chef Anton's Cajun Seasoning,2,0,Condiments,Queen Cozinha,Brazil,Margaret,Peacock,Sales Representative,495.0
10913,33,2.5,40,0.25,QUEEN,4,2026-02-26,Geitost,4,0,Dairy Products,Queen Cozinha,Brazil,Margaret,Peacock,Sales Representative,75.0
10913,58,13.25,15,0.0,QUEEN,4,2026-02-26,Escargots de Bourgogne,8,0,Seafood,Queen Cozinha,Brazil,Margaret,Peacock,Sales Representative,198.75
10914,71,21.5,25,0.0,QUEEN,6,2026-02-27,Flotemysost,4,0,Dairy Products,Queen Cozinha,Brazil,Michael,Suyama,Sales Representative,537.5
10915,17,39.0,10,0.0,TORTU,2,2026-02-27,Alice Mutton,6,1,Meat/Poultry,Tortuga Restaurante,Mexico,Andrew,Fuller,Vice President Sales,390.0
10915,33,2.5,30,0.0,TORTU,2,2026-02-27,Geitost,4,0,Dairy Products,Tortuga Restaurante,Mexico,Andrew,Fuller,Vice President Sales,75.0
10915,54,7.45,10,0.0,TORTU,2,2026-02-27,Tourtière,6,0,Meat/Poultry,Tortuga Restaurante,Mexico,Andrew,Fuller,Vice President Sales,74.5
10916,16,17.45,6,0.0,RANCH,1,2026-02-27,Pavlova,3,0,Confections,Rancho grande,Argentina,Nancy,Davolio,Sales Representative,104.69999999999999
10916,32,32.0,6,0.0,RANCH,1,2026-02-27,Mascarpone Fabioli,4,0,Dairy Products,Rancho grande,Argentina,Nancy,Davolio,Sales Representative,192.0
10916,57,19.5,20,0.0,RANCH,1,2026-02-27,Ravioli Angelo,5,0,Grains/Cereals,Rancho grande,Argentina,Nancy,Davolio,Sales Representative,390.0
10917,30,25.89,1,0.0,ROMEY,4,2026-03-02,Nord-Ost Matjeshering,8,0,Seafood,Romero y tomillo,Spain,Margaret,Peacock,Sales Representative,25.89
10917,60,34.0,10,0.0,ROMEY,4,2026-03-02,Camembert Pierrot,4,0,Dairy Products,Romero y tomillo,Spain,Margaret,Peacock,Sales Representative,340.0
10918,1,18.0,60,0.25,BOTTM,3,2026-03-02,Chai,1,0,Beverages,Bottom-Dollar Markets,Canada,Janet,Leverling,Sales Representative,810.0
10918,60,34.0,25,0.25,BOTTM,3,2026-03-02,Camembert Pierrot,4,0,Dairy Products,Bottom-Dollar Markets,Canada,Janet,Leverling,Sales Representative,637.5
10919,16,17.45,24,0.0,LINOD,2,2026-03-02,Pavlova,3,0,Confections,LINO-Delicateses,Venezuela,Andrew,Fuller,Vice President Sales,418.79999999999995
10919,25,14.0,24,0.0,LINOD,2,2026-03-02,NuNuCa Nuß-Nougat-Creme,3,0,Confections,LINO-Delicateses,Venezuela,Andrew,Fuller,Vice President Sales,336.0
10919,40,18.4,20,0.0,LINOD,2,2026-03-02,Boston Crab Meat,8,0,Seafood,LINO-Delicateses,Venezuela,Andrew,Fuller,Vice President Sales,368.0
10920,50,16.25,24,0.0,AROUT,4,2026-03-03,Valkoinen suklaa,3,0,Confections,Around the Horn,UK,Margaret,Peacock,Sales Representative,390.0
10921,35,18.0,10,0.0,VAFFE,1,2026-03-03,Steeleye Stout,1,0,Beverages,Vaffeljernet,Denmark,Nancy,Davolio,Sales Representative,180.0
10921,63,43.9,40,0.0,VAFFE,1,2026-03-03,Vegie-spread,2,0,Condiments,Vaffeljernet,Denmark,Nancy,Davolio,Sales Representative,1756.0
10922,17,39.0,15,0.0,HANAR,5,2026-03-03,Alice Mutton,6,1,Meat/Poultry,Hanari Carnes,Brazil,Steven,Buchanan,Sales Manager,585.0
10922,24,4.5,35,0.0,HANAR,5,2026-03-03,Guaraná Fantástica,1,1,Beverages,Hanari Carnes,Brazil,Steven,Buchanan,Sales Manager,157.5
10923,42,14.0,10,0.2,LAMAI,7,2026-03-03,Singaporean Hokkien Fried Mee,5,1,Grains/Cereals,La maison d'Asie,France,Robert,King,Sales Representative,112.0
10923,43,46.0,10,0.2,LAMAI,7,2026-03-03,Ipoh Coffee,1,0,Beverages,La maison d'Asie,France,Robert,King,Sales Representative,368.0
10923,67,14.0,24,0.2,LAMAI,7,2026-03-03,Laughing Lumberjack Lager,1,0,Beverages,La maison d'Asie,France,Robert,King,Sales Representative,268.8
10924,10,31.0,20,0.1,BERGS,3,2026-03-04,Ikura,8,0,Seafood,Berglunds snabbköp,Sweden,Janet,Leverling,Sales Representative,558.0
10924,28,45.6,30,0.1,BERGS,3,2026-03-04,Rössle Sauerkraut,7,1,Produce,Berglunds snabbköp,Sweden,Janet,Leverling,Sales Representative,1231.2
10924,75,7.75,6,0.0,BERGS,3,2026-03-04,Rhönbräu Klosterbier,1,0,Beverages,Berglunds snabbköp,Sweden,Janet,Leverling,Sales Representative,46.5
10925,36,19.0,25,0.15,HANAR,3,2026-03-04,Inlagd Sill,8,0,Seafood,Hanari Carnes,Brazil,Janet,Leverling,Sales Representative,403.75
10925,52,7.0,12,0.15,HANAR,3,2026-03-04,Filo Mix,5,0,Grains/Cereals,Hanari Carnes,Brazil,Janet,Leverling,Sales Representative,71.39999999999999
10926,11,21.0,2,0.0,ANATR,4,2026-03-04,Queso Cabrales,4,0,Dairy Products,Ana Trujillo Emparedados y helados,Mexico,Margaret,Peacock,Sales Representative,42.0
10926,13,6.0,10,0.0,ANATR,4,2026-03-04,Konbu,8,0,Seafood,Ana Trujillo Emparedados y helados,Mexico,Margaret,Peacock,Sales Representative,60.0
10926,19,9.2,7,0.0,ANATR,4,2026-03-04,Teatime Chocolate Biscuits,3,0,Confections,Ana Trujillo Emparedados y helados,Mexico,Margaret,Peacock,Sales Representative,64.39999999999999
10926,72,34.8,10,0.0,ANATR,4,2026-03-04,Mozzarella di Giovanni,4,0,Dairy Products,Ana Trujillo Emparedados y helados,Mexico,Margaret,Peacock,Sales Representative,348.0
10927,20,81.0,5,0.0,LACOR,4,2026-03-05,Sir Rodney's Marmalade,3,0,Confections,La corne d'abondance,France,Margaret,Peacock,Sales Representative,405.0
10927,52,7.0,5,0.0,LACOR,4,2026-03-05,Filo Mix,5,0,Grains/Cereals,La corne d'abondance,France,Margaret,Peacock,Sales Representative,35.0
10927,76,18.0,20,0.0,LACOR,4,2026-03-05,Lakkalikööri,1,0,Beverages,La corne d'abondance,France,Margaret,Peacock,Sales Representative,360.0
10928,47,9.5,5,0.0,GALED,1,2026-03-05,Zaanse koeken,3,0,Confections,Galería del gastrónomo,Spain,Nancy,Davolio,Sales Representative,47.5
10928,76,18.0,5,0.0,GALED,1,2026-03-05,Lakkalikööri,1,0,Beverages,Galería del gastrónomo,Spain,Nancy,Davolio,Sales Representative,90.0
10929,21,10.0,60,0.0,FRANK,6,2026-03-05,Sir Rodney's Scones,3,0,Confections,Frankenversand,Germany,Michael,Suyama,Sales Representative,600.0
10929,75,7.75,49,0.0,FRANK,6,2026-03-05,Rhönbräu Klosterbier,1,0,Beverages,Frankenversand,Germany,Michael,Suyama,Sales Representative,379.75
10929,77,13.0,15,0.0,FRANK,6,2026-03-05,Original Frankfurter grüne Soße,2,0,Condiments,Frankenversand,Germany,Michael,Suyama,Sales Representative,195.0
10930,21,10.0,36,0.0,SUPRD,4,2026-03-06,Sir Rodney's Scones,3,0,Confections,Suprêmes délices,Belgium,Margaret,Peacock,Sales Representative,360.0
10930,27,43.9,25,0.0,SUPRD,4,2026-03-06,Schoggi Schokolade,3,0,Confections,Suprêmes délices,Belgium,Margaret,Peacock,Sales Representative,1097.5
10930,55,24.0,25,0.2,SUPRD,4,2026-03-06,Pâté chinois,6,0,Meat/Poultry,Suprêmes délices,Belgium,Margaret,Peacock,Sales Representative,480.0
10930,58,13.25,30,0.2,SUPRD,4,2026-03-06,Escargots de Bourgogne,8,0,Seafood,Suprêmes délices,Belgium,Margaret,Peacock,Sales Representative,318.0
10931,13,6.0,42,0.15,RICSU,4,2026-03-06,Konbu,8,0,Seafood,Richter Supermarkt,Switzerland,Margaret,Peacock,Sales Representative,214.2
10931,57,19.5,30,0.0,RICSU,4,2026-03-06,Ravioli Angelo,5,0,Grains/Cereals,Richter Supermarkt,Switzerland,Margaret,Peacock,Sales Representative,585.0
10932,16,17.45,30,0.1,BONAP,8,2026-03-06,Pavlova,3,0,Confections,Bon app',France,Laura,Callahan,Inside Sales Coordinator,471.15000000000003
10932,62,49.3,14,0.1,BONAP,8,2026-03-06,Tarte au sucre,3,0,Confections,Bon app',France,Laura,Callahan,Inside Sales Coordinator,621.18
10932,72,34.8,16,0.0,BONAP,8,2026-03-06,Mozzarella di Giovanni,4,0,Dairy Products,Bon app',France,Laura,Callahan,Inside Sales Coordinator,556.8
10932,75,7.75,20,0.1,BONAP,8,2026-03-06,Rhönbräu Klosterbier,1,0,Beverages,Bon app',France,Laura,Callahan,Inside Sales Coordinator,139.5
10933,53,32.8,2,0.0,ISLAT,6,2026-03-06,Perth Pasties,6,1,Meat/Poultry,Island Trading,UK,Michael,Suyama,Sales Representative,65.6
10933,61,28.5,30,0.0,ISLAT,6,2026-03-06,Sirop d'érable,2,0,Condiments,Island Trading,UK,Michael,Suyama,Sales Representative,855.0
10934,6,25.0,20,0.0,LEHMS,3,2026-03-09,Grandma's Boysenberry Spread,2,0,Condiments,Lehmanns Marktstand,Germany,Janet,Leverling,Sales Representative,500.0
10935,1,18.0,21,0.0,WELLI,4,2026-03-09,Chai,1,0,Beverages,Wellington Importadora,Brazil,Margaret,Peacock,Sales Representative,378.0
10935,18,62.5,4,0.25,WELLI,4,2026-03-09,Carnarvon Tigers,8,0,Seafood,Wellington Importadora,Brazil,Margaret,Peacock,Sales Representative,187.5
10935,23,9.0,8,0.25,WELLI,4,2026-03-09,Tunnbröd,5,0,Grains/Cereals,Wellington Importadora,Brazil,Margaret,Peacock,Sales Representative,54.0
10936,36,19.0,30,0.2,GREAL,3,2026-03-09,Inlagd Sill,8,0,Seafood,Great Lakes Food Market,USA,Janet,Leverling,Sales Representative,456.0
10937,28,45.6,8,0.0,CACTU,7,2026-03-10,Rössle Sauerkraut,7,1,Produce,Cactus Comidas para llevar,Argentina,Robert,King,Sales Representative,364.8
10937,34,14.0,20,0.0,CACTU,7,2026-03-10,Sasquatch Ale,1,0,Beverages,Cactus Comidas para llevar,Argentina,Robert,King,Sales Representative,280.0
10938,13,6.0,20,0.25,QUICK,3,2026-03-10,Konbu,8,0,Seafood,QUICK-Stop,Germany,Janet,Leverling,Sales Representative,90.0
10938,43,46.0,24,0.25,QUICK,3,2026-03-10,Ipoh Coffee,1,0,Beverages,QUICK-Stop,Germany,Janet,Leverling,Sales Representative,828.0
10938,60,34.0,49,0.25,QUICK,3,2026-03-10,Camembert Pierrot,4,0,Dairy Products,QUICK-Stop,Germany,Janet,Leverling,Sales Representative,1249.5
10938,71,21.5,35,0.25,QUICK,3,2026-03-10,Flotemysost,4,0,Dairy Products,QUICK-Stop,Germany,Janet,Leverling,Sales Representative,564.375
10939,2,19.0,10,0.15,MAGAA,2,2026-03-10,Chang,1,0,Beverages,Magazzini Alimentari Riuniti,Italy,Andrew,Fuller,Vice President Sales,161.5
10939,67,14.0,40,0.15,MAGAA,2,2026-03-10,Laughing Lumberjack Lager,1,0,Beverages,Magazzini Alimentari Riuniti,Italy,Andrew,Fuller,Vice President Sales,476.0
10940,7,30.0,8,0.0,BONAP,8,2026-03-11,Uncle Bob's Organic Dried Pears,7,0,Produce,Bon app',France,Laura,Callahan,Inside Sales Coordinator,240.0
10940,13,6.0,20,0.0,BONAP,8,2026-03-11,Konbu,8,0,Seafood,Bon app',France,Laura,Callahan,Inside Sales Coordinator,120.0
10941,31,12.5,44,0.25,SAVEA,7,2026-03-11,Gorgonzola Telino,4,0,Dairy Products,Save-a-lot Markets,USA,Robert,King,Sales Representative,412.5
10941,62,49.3,30,0.25,SAVEA,7,2026-03-11,Tarte au sucre,3,0,Confections,Save-a-lot Markets,USA,Robert,King,Sales Representative,1109.25
10941,68,12.5,80,0.25,SAVEA,7,2026-03-11,Scottish Longbreads,3,0,Confections,Save-a-lot Markets,USA,Robert,King,Sales Representative,750.0
10941,72,34.8,50,0.0,SAVEA,7,2026-03-11,Mozzarella di Giovanni,4,0,Dairy Products,Save-a-lot Markets,USA,Robert,King,Sales Representative,1739.9999999999998
10942,49,20.0,28,0.0,REGGC,9,2026-03-11,Maxilaku,3,0,Confections,Reggiani Caseifici,Italy,Anne,Dodsworth,Sales Representative,560.0
10943,13,6.0,15,0.0,BSBEV,4,2026-03-11,Konbu,8,0,Seafood,B's Beverages,UK,Margaret,Peacock,Sales Representative,90.0
10943,22,21.0,21,0.0,BSBEV,4,2026-03-11,Gustaf's Knäckebröd,5,0,Grains/Cereals,B's Beverages,UK,Margaret,Peacock,Sales Representative,441.0
10943,46,12.0,15,0.0,BSBEV,4,2026-03-11,Spegesild,8,0,Seafood,B's Beverages,UK,Margaret,Peacock,Sales Representative,180.0
10944,11,21.0,5,0.25,BOTTM,6,2026-03-12,Queso Cabrales,4,0,Dairy Products,Bottom-Dollar Markets,Canada,Michael,Suyama,Sales Representative,78.75
10944,44,19.45,18,0.25,BOTTM,6,2026-03-12,Gula Malacca,2,0,Condiments,Bottom-Dollar Markets,Canada,Michael,Suyama,Sales Representative,262.575
10944,56,38.0,18,0.0,BOTTM,6,2026-03-12,Gnocchi di nonna Alice,5,0,Grains/Cereals,Bottom-Dollar Markets,Canada,Michael,Suyama,Sales Representative,684.0
10945,13,6.0,20,0.0,MORGK,4,2026-03-12,Konbu,8,0,Seafood,Morgenstern Gesundkost,Germany,Margaret,Peacock,Sales Representative,120.0
10945,31,12.5,10,0.0,MORGK,4,2026-03-12,Gorgonzola Telino,4,0,Dairy Products,Morgenstern Gesundkost,Germany,Margaret,Peacock,Sales Representative,125.0
10946,10,31.0,25,0.0,VAFFE,1,2026-03-12,Ikura,8,0,Seafood,Vaffeljernet,Denmark,Nancy,Davolio,Sales Representative,775.0
10946,24,4.5,25,0.0,VAFFE,1,2026-03-12,Guaraná Fantástica,1,1,Beverages,Vaffeljernet,Denmark,Nancy,Davolio,Sales Representative,112.5
10946,77,13.0,40,0.0,VAFFE,1,2026-03-12,Original Frankfurter grüne Soße,2,0,Condiments,Vaffeljernet,Denmark,Nancy,Davolio,Sales Representative,520.0
10947,59,55.0,4,0.0,BSBEV,3,2026-03-13,Raclette Courdavault,4,0,Dairy Products,B's Beverages,UK,Janet,Leverling,Sales Representative,220.0
10948,50,16.25,9,0.0,GODOS,3,2026-03-13,Valkoinen suklaa,3,0,Confections,Godos Cocina Típica,Spain,Janet,Leverling,Sales Representative,146.25
10948,51,53.0,40,0.0,GODOS,3,2026-03-13,Manjimup Dried Apples,7,0,Produce,Godos Cocina Típica,Spain,Janet,Leverling,Sales Representative,2120.0
10948,55,24.0,4,0.0,GODOS,3,2026-03-13,Pâté chinois,6,0,Meat/Poultry,Godos Cocina Típica,Spain,Janet,Leverling,Sales Representative,96.0
10949,6,25.0,12,0.0,BOTTM,2,2026-03-13,Grandma's Boysenberry Spread,2,0,Condiments,Bottom-Dollar Markets,Canada,Andrew,Fuller,Vice President Sales,300.0
10949,10,31.0,30,0.0,BOTTM,2,2026-03-13,Ikura,8,0,Seafood,Bottom-Dollar Markets,Canada,Andrew,Fuller,Vice President Sales,930.0
10949,17,39.0,6,0.0,BOTTM,2,2026-03-13,Alice Mutton,6,1,Meat/Poultry,Bottom-Dollar Markets,Canada,Andrew,Fuller,Vice President Sales,234.0
10949,62,49.3,60,0.0,BOTTM,2,2026-03-13,Tarte au sucre,3,0,Confections,Bottom-Dollar Markets,Canada,Andrew,Fuller,Vice President Sales,2958.0
10950,4,22.0,5,0.0,MAGAA,1,2026-03-16,Chef Anton's Cajun Seasoning,2,0,Condiments,Magazzini Alimentari Riuniti,Italy,Nancy,Davolio,Sales Representative,110.0
10951,33,2.5,15,0.05,RICSU,9,2026-03-16,Geitost,4,0,Dairy Products,Richter Supermarkt,Switzerland,Anne,Dodsworth,Sales Representative,35.625
10951,41,9.65,6,0.05,RICSU,9,2026-03-16,Jack's New England Clam Chowder,8,0,Seafood,Richter Supermarkt,Switzerland,Anne,Dodsworth,Sales Representative,55.005
10951,75,7.75,50,0.05,RICSU,9,2026-03-16,Rhönbräu Klosterbier,1,0,Beverages,Richter Supermarkt,Switzerland,Anne,Dodsworth,Sales Representative,368.125
10952,6,25.0,16,0.05,ALFKI,1,2026-03-16,Grandma's Boysenberry Spread,2,0,Condiments,Alfreds Futterkiste,Germany,Nancy,Davolio,Sales Representative,380.0
10952,28,45.6,2,0.0,ALFKI,1,2026-03-16,Rössle Sauerkraut,7,1,Produce,Alfreds Futterkiste,Germany,Nancy,Davolio,Sales Representative,91.2
10953,20,81.0,50,0.05,AROUT,9,2026-03-16,Sir Rodney's Marmalade,3,0,Confections,Around the Horn,UK,Anne,Dodsworth,Sales Representative,3847.5
10953,31,12.5,50,0.05,AROUT,9,2026-03-16,Gorgonzola Telino,4,0,Dairy Products,Around the Horn,UK,Anne,Dodsworth,Sales Representative,593.75
10954,16,17.45,28,0.15,LINOD,5,2026-03-17,Pavlova,3,0,Confections,LINO-Delicateses,Venezuela,Steven,Buchanan,Sales Manager,415.30999999999995
10954,31,12.5,25,0.15,LINOD,5,2026-03-17,Gorgonzola Telino,4,0,Dairy Products,LINO-Delicateses,Venezuela,Steven,Buchanan,Sales Manager,265.625
10954,45,9.5,30,0.0,LINOD,5,2026-03-17,Rogede sild,8,0,Seafood,LINO-Delicateses,Venezuela,Steven,Buchanan,Sales Manager,285.0
10954,60,34.0,24,0.15,LINOD,5,2026-03-17,Camembert Pierrot,4,0,Dairy Products,LINO-Delicateses,Venezuela,Steven,Buchanan,Sales Manager,693.6
10955,75,7.75,12,0.2,FOLKO,8,2026-03-17,Rhönbräu Klosterbier,1,0,Beverages,Folk och fä HB,Sweden,Laura,Callahan,Inside Sales Coordinator,74.4
10956,21,10.0,12,0.0,BLAUS,6,2026-03-17,Sir Rodney's Scones,3,0,Confections,Blauer See Delikatessen,Germany,Michael,Suyama,Sales Representative,120.0
10956,47,9.5,14,0.0,BLAUS,6,2026-03-17,Zaanse koeken,3,0,Confections,Blauer See Delikatessen,Germany,Michael,Suyama,Sales Representative,133.0
10956,51,53.0,8,0.0,BLAUS,6,2026-03-17,Manjimup Dried Apples,7,0,Produce,Blauer See Delikatessen,Germany,Michael,Suyama,Sales Representative,424.0
10957,30,25.89,30,0.0,HILAA,8,2026-03-18,Nord-Ost Matjeshering,8,0,Seafood,HILARION-Abastos,Venezuela,Laura,Callahan,Inside Sales Coordinator,776.7
10957,35,18.0,40,0.0,HILAA,8,2026-03-18,Steeleye Stout,1,0,Beverages,HILARION-Abastos,Venezuela,Laura,Callahan,Inside Sales Coordinator,720.0
10957,64,33.25,8,0.0,HILAA,8,2026-03-18,Wimmers gute Semmelknödel,5,0,Grains/Cereals,HILARION-Abastos,Venezuela,Laura,Callahan,Inside Sales Coordinator,266.0
10958,5,21.35,20,0.0,OCEAN,7,2026-03-18,Chef Anton's Gumbo Mix,2,1,Condiments,Océano Atlántico Ltda.,Argentina,Robert,King,Sales Representative,427.0
10958,7,30.0,6,0.0,OCEAN,7,2026-03-18,Uncle Bob's Organic Dried Pears,7,0,Produce,Océano Atlántico Ltda.,Argentina,Robert,King,Sales Representative,180.0
10958,72,34.8,5,0.0,OCEAN,7,2026-03-18,Mozzarella di Giovanni,4,0,Dairy Products,Océano Atlántico Ltda.,Argentina,Robert,King,Sales Representative,174.0
10959,75,7.75,20,0.15,GOURL,6,2026-03-18,Rhönbräu Klosterbier,1,0,Beverages,Gourmet Lanchonetes,Brazil,Michael,Suyama,Sales Representative,131.75
10960,24,4.5,10,0.25,HILAA,3,2026-03-19,Guaraná Fantástica,1,1,Beverages,HILARION-Abastos,Venezuela,Janet,Leverling,Sales Representative,33.75
10960,41,9.65,24,0.0,HILAA,3,2026-03-19,Jack's New England Clam Chowder,8,0,Seafood,HILARION-Abastos,Venezuela,Janet,Leverling,Sales Representative,231.60000000000002
10961,52,7.0,6,0.05,QUEEN,8,2026-03-19,Filo Mix,5,0,Grains/Cereals,Queen Cozinha,Brazil,Laura,Callahan,Inside Sales Coordinator,39.9
10961,76,18.0,60,0.0,QUEEN,8,2026-03-19,Lakkalikööri,1,0,Beverages,Queen Cozinha,Brazil,Laura,Callahan,Inside Sales Coordinator,1080.0
10962,7,30.0,45,0.0,QUICK,8,2026-03-19,Uncle Bob's Organic Dried Pears,7,0,Produce,QUICK-Stop,Germany,Laura,Callahan,Inside Sales Coordinator,1350.0
10962,13,6.0,77,0.0,QUICK,8,2026-03-19,Konbu,8,0,Seafood,QUICK-Stop,Germany,Laura,Callahan,Inside Sales Coordinator,462.0
10962,53,32.8,20,0.0,QUICK,8,2026-03-19,Perth Pasties,6,1,Meat/Poultry,QUICK-Stop,Germany,Laura,Callahan,Inside Sales Coordinator,656.0
10962,69,36.0,9,0.0,QUICK,8,2026-03-19,Gudbrandsdalsost,4,0,Dairy Products,QUICK-Stop,Germany,Laura,Callahan,Inside Sales Coordinator,324.0
10962,76,18.0,44,0.0,QUICK,8,2026-03-19,Lakkalikööri,1,0,Beverages,QUICK-Stop,Germany,Laura,Callahan,Inside Sales Coordinator,792.0
10963,60,34.0,2,0.15,FURIB,9,2026-03-19,Camembert Pierrot,4,0,Dairy Products,Furia Bacalhau e Frutos do Mar,Portugal,Anne,Dodsworth,Sales Representative,57.8
10964,18,62.5,6,0.0,SPECD,3,2026-03-20,Carnarvon Tigers,8,0,Seafood,Spécialités du monde,France,Janet,Leverling,Sales Representative,375.0
10964,38,263.5,5,0.0,SPECD,3,2026-03-20,Côte de Blaye,1,0,Beverages,Spécialités du monde,France,Janet,Leverling,Sales Representative,1317.5
10964,69,36.0,10,0.0,SPECD,3,2026-03-20,Gudbrandsdalsost,4,0,Dairy Products,Spécialités du monde,France,Janet,Leverling,Sales Representative,360.0
10965,51,53.0,16,0.0,OLDWO,6,2026-03-20,Manjimup Dried Apples,7,0,Produce,Old World Delicatessen,USA,Michael,Suyama,Sales Representative,848.0
10966,37,26.0,8,0.0,CHOPS,4,2026-03-20,Gravad lax,8,0,Seafood,Chop-suey Chinese,Switzerland,Margaret,Peacock,Sales Representative,208.0
10966,56,38.0,12,0.15,CHOPS,4,2026-03-20,Gnocchi di nonna Alice,5,0,Grains/Cereals,Chop-suey Chinese,Switzerland,Margaret,Peacock,Sales Representative,387.59999999999997
10966,62,49.3,12,0.15,CHOPS,4,2026-03-20,Tarte au sucre,3,0,Confections,Chop-suey Chinese,Switzerland,Margaret,Peacock,Sales Representative,502.8599999999999
10967,19,9.2,12,0.0,TOMSP,2,2026-03-23,Teatime Chocolate Biscuits,3,0,Confections,Toms Spezialitäten,Germany,Andrew,Fuller,Vice President Sales,110.39999999999999
10967,49,20.0,40,0.0,TOMSP,2,2026-03-23,Maxilaku,3,0,Confections,Toms Spezialitäten,Germany,Andrew,Fuller,Vice President Sales,800.0
10968,12,38.0,30,0.0,ERNSH,1,2026-03-23,Queso Manchego La Pastora,4,0,Dairy Products,Ernst Handel,Austria,Nancy,Davolio,Sales Representative,1140.0
10968,24,4.5,30,0.0,ERNSH,1,2026-03-23,Guaraná Fantástica,1,1,Beverages,Ernst Handel,Austria,Nancy,Davolio,Sales Representative,135.0
10968,64,33.25,4,0.0,ERNSH,1,2026-03-23,Wimmers gute Semmelknödel,5,0,Grains/Cereals,Ernst Handel,Austria,Nancy,Davolio,Sales Representative,133.0
10969,46,12.0,9,0.0,COMMI,1,2026-03-23,Spegesild,8,0,Seafood,Comércio Mineiro,Brazil,Nancy,Davolio,Sales Representative,108.0
10970,52,7.0,40,0.2,BOLID,9,2026-03-24,Filo Mix,5,0,Grains/Cereals,Bólido Comidas preparadas,Spain,Anne,Dodsworth,Sales Representative,224.0
10971,29,123.79,14,0.0,FRANR,2,2026-03-24,Thüringer Rostbratwurst,6,1,Meat/Poultry,France restauration,France,Andrew,Fuller,Vice President Sales,1733.0600000000002
10972,17,39.0,6,0.0,LACOR,4,2026-03-24,Alice Mutton,6,1,Meat/Poultry,La corne d'abondance,France,Margaret,Peacock,Sales Representative,234.0
10972,33,2.5,7,0.0,LACOR,4,2026-03-24,Geitost,4,0,Dairy Products,La corne d'abondance,France,Margaret,Peacock,Sales Representative,17.5
10973,26,31.23,5,0.0,LACOR,6,2026-03-24,Gumbär Gummibärchen,3,0,Confections,La corne d'abondance,France,Michael,Suyama,Sales Representative,156.15
10973,41,9.65,6,0.0,LACOR,6,2026-03-24,Jack's New England Clam Chowder,8,0,Seafood,La corne d'abondance,France,Michael,Suyama,Sales Representative,57.900000000000006
10973,75,7.75,10,0.0,LACOR,6,2026-03-24,Rhönbräu Klosterbier,1,0,Beverages,La corne d'abondance,France,Michael,Suyama,Sales Representative,77.5
10974,63,43.9,10,0.0,SPLIR,3,2026-03-25,Vegie-spread,2,0,Condiments,Split Rail Beer & Ale,USA,Janet,Leverling,Sales Representative,439.0
10975,8,40.0,16,0.0,BOTTM,1,2026-03-25,Northwoods Cranberry Sauce,2,0,Condiments,Bottom-Dollar Markets,Canada,Nancy,Davolio,Sales Representative,640.0
10975,75,7.75,10,0.0,BOTTM,1,2026-03-25,Rhönbräu Klosterbier,1,0,Beverages,Bottom-Dollar Markets,Canada,Nancy,Davolio,Sales Representative,77.5
10976,28,45.6,20,0.0,HILAA,1,2026-03-25,Rössle Sauerkraut,7,1,Produce,HILARION-Abastos,Venezuela,Nancy,Davolio,Sales Representative,912.0
10977,39,18.0,30,0.0,FOLKO,8,2026-03-26,Chartreuse verte,1,0,Beverages,Folk och fä HB,Sweden,Laura,Callahan,Inside Sales Coordinator,540.0
10977,47,9.5,30,0.0,FOLKO,8,2026-03-26,Zaanse koeken,3,0,Confections,Folk och fä HB,Sweden,Laura,Callahan,Inside Sales Coordinator,285.0
10977,51,53.0,10,0.0,FOLKO,8,2026-03-26,Manjimup Dried Apples,7,0,Produce,Folk och fä HB,Sweden,Laura,Callahan,Inside Sales Coordinator,530.0
10977,63,43.9,20,0.0,FOLKO,8,2026-03-26,Vegie-spread,2,0,Condiments,Folk och fä HB,Sweden,Laura,Callahan,Inside Sales Coordinator,878.0
10978,8,40.0,20,0.15,MAISD,9,2026-03-26,Northwoods Cranberry Sauce,2,0,Condiments,Maison Dewey,Belgium,Anne,Dodsworth,Sales Representative,680.0
10978,21,10.0,40,0.15,MAISD,9,2026-03-26,Sir Rodney's Scones,3,0,Confections,Maison Dewey,Belgium,Anne,Dodsworth,Sales Representative,340.0
10978,40,18.4,10,0.0,MAISD,9,2026-03-26,Boston Crab Meat,8,0,Seafood,Maison Dewey,Belgium,Anne,Dodsworth,Sales Representative,184.0
10978,44,19.45,6,0.15,MAISD,9,2026-03-26,Gula Malacca,2,0,Condiments,Maison Dewey,Belgium,Anne,Dodsworth,Sales Representative,99.195
10979,7,30.0,18,0.0,ERNSH,8,2026-03-26,Uncle Bob's Organic Dried Pears,7,0,Produce,Ernst Handel,Austria,Laura,Callahan,Inside Sales Coordinator,540.0
10979,12,38.0,20,0.0,ERNSH,8,2026-03-26,Queso Manchego La Pastora,4,0,Dairy Products,Ernst Handel,Austria,Laura,Callahan,Inside Sales Coordinator,760.0
10979,24,4.5,80,0.0,ERNSH,8,2026-03-26,Guaraná Fantástica,1,1,Beverages,Ernst Handel,Austria,Laura,Callahan,Inside Sales Coordinator,360.0
10979,27,43.9,30,0.0,ERNSH,8,2026-03-26,Schoggi Schokolade,3,0,Confections,Ernst Handel,Austria,Laura,Callahan,Inside Sales Coordinator,1317.0
10979,31,12.5,24,0.0,ERNSH,8,2026-03-26,Gorgonzola Telino,4,0,Dairy Products,Ernst Handel,Austria,Laura,Callahan,Inside Sales Coordinator,300.0
10979,63,43.9,35,0.0,ERNSH,8,2026-03-26,Vegie-spread,2,0,Condiments,Ernst Handel,Austria,Laura,Callahan,Inside Sales Coordinator,1536.5
10980,75,7.75,40,0.2,FOLKO,4,2026-03-27,Rhönbräu Klosterbier,1,0,Beverages,Folk och fä HB,Sweden,Margaret,Peacock,Sales Representative,248.0
10981,38,263.5,60,0.0,HANAR,1,2026-03-27,Côte de Blaye,1,0,Beverages,Hanari Carnes,Brazil,Nancy,Davolio,Sales Representative,15810.0
10982,7,30.0,20,0.0,BOTTM,2,2026-03-27,Uncle Bob's Organic Dried Pears,7,0,Produce,Bottom-Dollar Markets,Canada,Andrew,Fuller,Vice President Sales,600.0
10982,43,46.0,9,0.0,BOTTM,2,2026-03-27,Ipoh Coffee,1,0,Beverages,Bottom-Dollar Markets,Canada,Andrew,Fuller,Vice President Sales,414.0
10983,13,6.0,84,0.15,SAVEA,2,2026-03-27,Konbu,8,0,Seafood,Save-a-lot Markets,USA,Andrew,Fuller,Vice President Sales,428.4
10983,57,19.5,15,0.0,SAVEA,2,2026-03-27,Ravioli Angelo,5,0,Grains/Cereals,Save-a-lot Markets,USA,Andrew,Fuller,Vice President Sales,292.5
10984,16,17.45,55,0.0,SAVEA,1,2026-03-30,Pavlova,3,0,Confections,Save-a-lot Markets,USA,Nancy,Davolio,Sales Representative,959.75
10984,24,4.5,20,0.0,SAVEA,1,2026-03-30,Guaraná Fantástica,1,1,Beverages,Save-a-lot Markets,USA,Nancy,Davolio,Sales Representative,90.0
10984,36,19.0,40,0.0,SAVEA,1,2026-03-30,Inlagd Sill,8,0,Seafood,Save-a-lot Markets,USA,Nancy,Davolio,Sales Representative,760.0
10985,16,17.45,36,0.1,HUNGO,2,2026-03-30,Pavlova,3,0,Confections,Hungry Owl All-Night Grocers,Ireland,Andrew,Fuller,Vice President Sales,565.38
10985,18,62.5,8,0.1,HUNGO,2,2026-03-30,Carnarvon Tigers,8,0,Seafood,Hungry Owl All-Night Grocers,Ireland,Andrew,Fuller,Vice President Sales,450.0
10985,32,32.0,35,0.1,HUNGO,2,2026-03-30,Mascarpone Fabioli,4,0,Dairy Products,Hungry Owl All-Night Grocers,Ireland,Andrew,Fuller,Vice President Sales,1008.0
10986,11,21.0,30,0.0,OCEAN,8,2026-03-30,Queso Cabrales,4,0,Dairy Products,Océano Atlántico Ltda.,Argentina,Laura,Callahan,Inside Sales Coordinator,630.0
10986,20,81.0,15,0.0,OCEAN,8,2026-03-30,Sir Rodney's Marmalade,3,0,Confections,Océano Atlántico Ltda.,Argentina,Laura,Callahan,Inside Sales Coordinator,1215.0
10986,76,18.0,10,0.0,OCEAN,8,2026-03-30,Lakkalikööri,1,0,Beverages,Océano Atlántico Ltda.,Argentina,Laura,Callahan,Inside Sales Coordinator,180.0
10986,77,13.0,15,0.0,OCEAN,8,2026-03-30,Original Frankfurter grüne Soße,2,0,Condiments,Océano Atlántico Ltda.,Argentina,Laura,Callahan,Inside Sales Coordinator,195.0
10987,7,30.0,60,0.0,EASTC,8,2026-03-31,Uncle Bob's Organic Dried Pears,7,0,Produce,Eastern Connection,UK,Laura,Callahan,Inside Sales Coordinator,1800.0
10987,43,46.0,6,0.0,EASTC,8,2026-03-31,Ipoh Coffee,1,0,Beverages,Eastern Connection,UK,Laura,Callahan,Inside Sales Coordinator,276.0
10987,72,34.8,20,0.0,EASTC,8,2026-03-31,Mozzarella di Giovanni,4,0,Dairy Products,Eastern Connection,UK,Laura,Callahan,Inside Sales Coordinator,696.0
10988,7,30.0,60,0.0,RATTC,3,2026-03-31,Uncle Bob's Organic Dried Pears,7,0,Produce,Rattlesnake Canyon Grocery,USA,Janet,Leverling,Sales Representative,1800.0
10988,62,49.3,40,0.1,RATTC,3,2026-03-31,Tarte au sucre,3,0,Confections,Rattlesnake Canyon Grocery,USA,Janet,Leverling,Sales Representative,1774.8
10989,6,25.0,40,0.0,QUEDE,2,2026-03-31,Grandma's Boysenberry Spread,2,0,Condiments,Que Delícia,Brazil,Andrew,Fuller,Vice President Sales,1000.0
10989,11,21.0,15,0.0,QUEDE,2,2026-03-31,Queso Cabrales,4,0,Dairy Products,Que Delícia,Brazil,Andrew,Fuller,Vice President Sales,315.0
10989,41,9.65,4,0.0,QUEDE,2,2026-03-31,Jack's New England Clam Chowder,8,0,Seafood,Que Delícia,Brazil,Andrew,Fuller,Vice President Sales,38.6
10990,21,10.0,65,0.0,ERNSH,2,2026-04-01,Sir Rodney's Scones,3,0,Confections,Ernst Handel,Austria,Andrew,Fuller,Vice President Sales,650.0
10990,34,14.0,60,0.15,ERNSH,2,2026-04-01,Sasquatch Ale,1,0,Beverages,Ernst Handel,Austria,Andrew,Fuller,Vice President Sales,714.0
10990,55,24.0,65,0.15,ERNSH,2,2026-04-01,Pâté chinois,6,0,Meat/Poultry,Ernst Handel,Austria,Andrew,Fuller,Vice President Sales,1326.0
10990,61,28.5,66,0.15,ERNSH,2,2026-04-01,Sirop d'érable,2,0,Condiments,Ernst Handel,Austria,Andrew,Fuller,Vice President Sales,1598.85
10991,2,19.0,50,0.2,QUICK,1,2026-04-01,Chang,1,0,Beverages,QUICK-Stop,Germany,Nancy,Davolio,Sales Representative,760.0
10991,70,15.0,20,0.2,QUICK,1,2026-04-01,Outback Lager,1,0,Beverages,QUICK-Stop,Germany,Nancy,Davolio,Sales Representative,240.0
10991,76,18.0,90,0.2,QUICK,1,2026-04-01,Lakkalikööri,1,0,Beverages,QUICK-Stop,Germany,Nancy,Davolio,Sales Representative,1296.0
10992,72,34.8,2,0.0,THEBI,1,2026-04-01,Mozzarella di Giovanni,4,0,Dairy Products,The Big Cheese,USA,Nancy,Davolio,Sales Representative,69.6
10993,29,123.79,50,0.25,FOLKO,7,2026-04-01,Thüringer Rostbratwurst,6,1,Meat/Poultry,Folk och fä HB,Sweden,Robert,King,Sales Representative,4642.125
10993,41,9.65,35,0.25,FOLKO,7,2026-04-01,Jack's New England Clam Chowder,8,0,Seafood,Folk och fä HB,Sweden,Robert,King,Sales Representative,253.3125
10994,59,55.0,18,0.05,VAFFE,2,2026-04-02,Raclette Courdavault,4,0,Dairy Products,Vaffeljernet,Denmark,Andrew,Fuller,Vice President Sales,940.5
10995,51,53.0,20,0.0,PERIC,1,2026-04-02,Manjimup Dried Apples,7,0,Produce,Pericles Comidas clásicas,Mexico,Nancy,Davolio,Sales Representative,1060.0
10995,60,34.0,4,0.0,PERIC,1,2026-04-02,Camembert Pierrot,4,0,Dairy Products,Pericles Comidas clásicas,Mexico,Nancy,Davolio,Sales Representative,136.0
10996,42,14.0,40,0.0,QUICK,4,2026-04-02,Singaporean Hokkien Fried Mee,5,1,Grains/Cereals,QUICK-Stop,Germany,Margaret,Peacock,Sales Representative,560.0
10997,32,32.0,50,0.0,LILAS,8,2026-04-03,Mascarpone Fabioli,4,0,Dairy Products,LILA-Supermercado,Venezuela,Laura,Callahan,Inside Sales Coordinator,1600.0
10997,46,12.0,20,0.25,LILAS,8,2026-04-03,Spegesild,8,0,Seafood,LILA-Supermercado,Venezuela,Laura,Callahan,Inside Sales Coordinator,180.0
10997,52,7.0,20,0.25,LILAS,8,2026-04-03,Filo Mix,5,0,Grains/Cereals,LILA-Supermercado,Venezuela,Laura,Callahan,Inside Sales Coordinator,105.0
10998,24,4.5,12,0.0,WOLZA,8,2026-04-03,Guaraná Fantástica,1,1,Beverages,Wolski  Zajazd,Poland,Laura,Callahan,Inside Sales Coordinator,54.0
10998,61,28.5,7,0.0,WOLZA,8,2026-04-03,Sirop d'érable,2,0,Condiments,Wolski  Zajazd,Poland,Laura,Callahan,Inside Sales Coordinator,199.5
10998,74,10.0,20,0.0,WOLZA,8,2026-04-03,Longlife Tofu,7,0,Produce,Wolski  Zajazd,Poland,Laura,Callahan,Inside Sales Coordinator,200.0
10998,75,7.75,30,0.0,WOLZA,8,2026-04-03,Rhönbräu Klosterbier,1,0,Beverages,Wolski  Zajazd,Poland,Laura,Callahan,Inside Sales Coordinator,232.5
10999,41,9.65,20,0.05,OTTIK,6,2026-04-03,Jack's New England Clam Chowder,8,0,Seafood,Ottilies Käseladen,Germany,Michael,Suyama,Sales Representative,183.35
10999,51,53.0,15,0.05,OTTIK,6,2026-04-03,Manjimup Dried Apples,7,0,Produce,Ottilies Käseladen,Germany,Michael,Suyama,Sales Representative,755.25
10999,77,13.0,21,0.05,OTTIK,6,2026-04-03,Original Frankfurter grüne Soße,2,0,Condiments,Ottilies Käseladen,Germany,Michael,Suyama,Sales Representative,259.34999999999997
11000,4,22.0,25,0.25,RATTC,2,2026-04-06,Chef Anton's Cajun Seasoning,2,0,Condiments,Rattlesnake Canyon Grocery,USA,Andrew,Fuller,Vice President Sales,412.5
11000,24,4.5,30,0.25,RATTC,2,2026-04-06,Guaraná Fantástica,1,1,Beverages,Rattlesnake Canyon Grocery,USA,Andrew,Fuller,Vice President Sales,101.25
11000,77,13.0,30,0.0,RATTC,2,2026-04-06,Original Frankfurter grüne Soße,2,0,Condiments,Rattlesnake Canyon Grocery,USA,Andrew,Fuller,Vice President Sales,390.0
11001,7,30.0,60,0.0,FOLKO,2,2026-04-06,Uncle Bob's Organic Dried Pears,7,0,Produce,Folk och fä HB,Sweden,Andrew,Fuller,Vice President Sales,1800.0
11001,22,21.0,25,0.0,FOLKO,2,2026-04-06,Gustaf's Knäckebröd,5,0,Grains/Cereals,Folk och fä HB,Sweden,Andrew,Fuller,Vice President Sales,525.0
11001,46,12.0,25,0.0,FOLKO,2,2026-04-06,Spegesild,8,0,Seafood,Folk och fä HB,Sweden,Andrew,Fuller,Vice President Sales,300.0
11001,55,24.0,6,0.0,FOLKO,2,2026-04-06,Pâté chinois,6,0,Meat/Poultry,Folk och fä HB,Sweden,Andrew,Fuller,Vice President Sales,144.0
11002,13,6.0,56,0.0,SAVEA,4,2026-04-06,Konbu,8,0,Seafood,Save-a-lot Markets,USA,Margaret,Peacock,Sales Representative,336.0
11002,35,18.0,15,0.15,SAVEA,4,2026-04-06,Steeleye Stout,1,0,Beverages,Save-a-lot Markets,USA,Margaret,Peacock,Sales Representative,229.5
11002,42,14.0,24,0.15,SAVEA,4,2026-04-06,Singaporean Hokkien Fried Mee,5,1,Grains/Cereals,Save-a-lot Markets,USA,Margaret,Peacock,Sales Representative,285.59999999999997
11002,55,24.0,40,0.0,SAVEA,4,2026-04-06,Pâté chinois,6,0,Meat/Poultry,Save-a-lot Markets,USA,Margaret,Peacock,Sales Representative,960.0
11003,1,18.0,4,0.0,THECR,3,2026-04-06,Chai,1,0,Beverages,The Cracker Box,USA,Janet,Leverling,Sales Representative,72.0
11003,40,18.4,10,0.0,THECR,3,2026-04-06,Boston Crab Meat,8,0,Seafood,The Cracker Box,USA,Janet,Leverling,Sales Representative,184.0
11003,52,7.0,10,0.0,THECR,3,2026-04-06,Filo Mix,5,0,Grains/Cereals,The Cracker Box,USA,Janet,Leverling,Sales Representative,70.0
11004,26,31.23,6,0.0,MAISD,3,2026-04-07,Gumbär Gummibärchen,3,0,Confections,Maison Dewey,Belgium,Janet,Leverling,Sales Representative,187.38
11004,76,18.0,6,0.0,MAISD,3,2026-04-07,Lakkalikööri,1,0,Beverages,Maison Dewey,Belgium,Janet,Leverling,Sales Representative,108.0
11005,1,18.0,2,0.0,WILMK,2,2026-04-07,Chai,1,0,Beverages,Wilman Kala,Finland,Andrew,Fuller,Vice President Sales,36.0
11005,59,55.0,10,0.0,WILMK,2,2026-04-07,Raclette Courdavault,4,0,Dairy Products,Wilman Kala,Finland,Andrew,Fuller,Vice President Sales,550.0
11006,1,18.0,8,0.0,GREAL,3,2026-04-07,Chai,1,0,Beverages,Great Lakes Food Market,USA,Janet,Leverling,Sales Representative,144.0
11006,29,123.79,2,0.25,GREAL,3,2026-04-07,Thüringer Rostbratwurst,6,1,Meat/Poultry,Great Lakes Food Market,USA,Janet,Leverling,Sales Representative,185.685
11007,8,40.0,30,0.0,PRINI,8,2026-04-08,Northwoods Cranberry Sauce,2,0,Condiments,Princesa Isabel Vinhos,Portugal,Laura,Callahan,Inside Sales Coordinator,1200.0
11007,29,123.79,10,0.0,PRINI,8,2026-04-08,Thüringer Rostbratwurst,6,1,Meat/Poultry,Princesa Isabel Vinhos,Portugal,Laura,Callahan,Inside Sales Coordinator,1237.9
11007,42,14.0,14,0.0,PRINI,8,2026-04-08,Singaporean Hokkien Fried Mee,5,1,Grains/Cereals,Princesa Isabel Vinhos,Portugal,Laura,Callahan,Inside Sales Coordinator,196.0
11008,28,45.6,70,0.05,ERNSH,7,2026-04-08,Rössle Sauerkraut,7,1,Produce,Ernst Handel,Austria,Robert,King,Sales Representative,3032.3999999999996
11008,34,14.0,90,0.05,ERNSH,7,2026-04-08,Sasquatch Ale,1,0,Beverages,Ernst Handel,Austria,Robert,King,Sales Representative,1197.0
11008,71,21.5,21,0.0,ERNSH,7,2026-04-08,Flotemysost,4,0,Dairy Products,Ernst Handel,Austria,Robert,King,Sales Representative,451.5
11009,24,4.5,12,0.0,GODOS,2,2026-04-08,Guaraná Fantástica,1,1,Beverages,Godos Cocina Típica,Spain,Andrew,Fuller,Vice President Sales,54.0
11009,36,19.0,18,0.25,GODOS,2,2026-04-08,Inlagd Sill,8,0,Seafood,Godos Cocina Típica,Spain,Andrew,Fuller,Vice President Sales,256.5
11009,60,34.0,9,0.0,GODOS,2,2026-04-08,Camembert Pierrot,4,0,Dairy Products,Godos Cocina Típica,Spain,Andrew,Fuller,Vice President Sales,306.0
11010,7,30.0,20,0.0,REGGC,2,2026-04-09,Uncle Bob's Organic Dried Pears,7,0,Produce,Reggiani Caseifici,Italy,Andrew,Fuller,Vice President Sales,600.0
11010,24,4.5,10,0.0,REGGC,2,2026-04-09,Guaraná Fantástica,1,1,Beverages,Reggiani Caseifici,Italy,Andrew,Fuller,Vice President Sales,45.0
11011,58,13.25,40,0.05,ALFKI,3,2026-04-09,Escargots de Bourgogne,8,0,Seafood,Alfreds Futterkiste,Germany,Janet,Leverling,Sales Representative,503.5
11011,71,21.5,20,0.0,ALFKI,3,2026-04-09,Flotemysost,4,0,Dairy Products,Alfreds Futterkiste,Germany,Janet,Leverling,Sales Representative,430.0
11012,19,9.2,50,0.05,FRANK,1,2026-04-09,Teatime Chocolate Biscuits,3,0,Confections,Frankenversand,Germany,Nancy,Davolio,Sales Representative,436.99999999999994
11012,60,34.0,36,0.05,FRANK,1,2026-04-09,Camembert Pierrot,4,0,Dairy Products,Frankenversand,Germany,Nancy,Davolio,Sales Representative,1162.8
11012,71,21.5,60,0.05,FRANK,1,2026-04-09,Flotemysost,4,0,Dairy Products,Frankenversand,Germany,Nancy,Davolio,Sales Representative,1225.5
11013,23,9.0,10,0.0,ROMEY,2,2026-04-09,Tunnbröd,5,0,Grains/Cereals,Romero y tomillo,Spain,Andrew,Fuller,Vice President Sales,90.0
11013,42,14.0,4,0.0,ROMEY,2,2026-04-09,Singaporean Hokkien Fried Mee,5,1,Grains/Cereals,Romero y tomillo,Spain,Andrew,Fuller,Vice President Sales,56.0
11013,45,9.5,20,0.0,ROMEY,2,2026-04-09,Rogede sild,8,0,Seafood,Romero y tomillo,Spain,Andrew,Fuller,Vice President Sales,190.0
11013,68,12.5,2,0.0,ROMEY,2,2026-04-09,Scottish Longbreads,3,0,Confections,Romero y tomillo,Spain,Andrew,Fuller,Vice President Sales,25.0
11014,41,9.65,28,0.1,LINOD,2,2026-04-10,Jack's New England Clam Chowder,8,0,Seafood,LINO-Delicateses,Venezuela,Andrew,Fuller,Vice President Sales,243.18
11015,30,25.89,15,0.0,SANTG,2,2026-04-10,Nord-Ost Matjeshering,8,0,Seafood,Santé Gourmet,Norway,Andrew,Fuller,Vice President Sales,388.35
11015,77,13.0,18,0.0,SANTG,2,2026-04-10,Original Frankfurter grüne Soße,2,0,Condiments,Santé Gourmet,Norway,Andrew,Fuller,Vice President Sales,234.0
11016,31,12.5,15,0.0,AROUT,9,2026-04-10,Gorgonzola Telino,4,0,Dairy Products,Around the Horn,UK,Anne,Dodsworth,Sales Representative,187.5
11016,36,19.0,16,0.0,AROUT,9,2026-04-10,Inlagd Sill,8,0,Seafood,Around the Horn,UK,Anne,Dodsworth,Sales Representative,304.0
11017,3,10.0,25,0.0,ERNSH,9,2026-04-13,Aniseed Syrup,2,0,Condiments,Ernst Handel,Austria,Anne,Dodsworth,Sales Representative,250.0
11017,59,55.0,110,0.0,ERNSH,9,2026-04-13,Raclette Courdavault,4,0,Dairy Products,Ernst Handel,Austria,Anne,Dodsworth,Sales Representative,6050.0
11017,70,15.0,30,0.0,ERNSH,9,2026-04-13,Outback Lager,1,0,Beverages,Ernst Handel,Austria,Anne,Dodsworth,Sales Representative,450.0
11018,12,38.0,20,0.0,LONEP,4,2026-04-13,Queso Manchego La Pastora,4,0,Dairy Products,Lonesome Pine Restaurant,USA,Margaret,Peacock,Sales Representative,760.0
11018,18,62.5,10,0.0,LONEP,4,2026-04-13,Carnarvon Tigers,8,0,Seafood,Lonesome Pine Restaurant,USA,Margaret,Peacock,Sales Representative,625.0
11018,56,38.0,5,0.0,LONEP,4,2026-04-13,Gnocchi di nonna Alice,5,0,Grains/Cereals,Lonesome Pine Restaurant,USA,Margaret,Peacock,Sales Representative,190.0
11019,46,12.0,3,0.0,RANCH,6,2026-04-13,Spegesild,8,0,Seafood,Rancho grande,Argentina,Michael,Suyama,Sales Representative,36.0
11019,49,20.0,2,0.0,RANCH,6,2026-04-13,Maxilaku,3,0,Confections,Rancho grande,Argentina,Michael,Suyama,Sales Representative,40.0
11020,10,31.0,24,0.15,OTTIK,2,2026-04-14,Ikura,8,0,Seafood,Ottilies Käseladen,Germany,Andrew,Fuller,Vice President Sales,632.4
11021,2,19.0,11,0.25,QUICK,3,2026-04-14,Chang,1,0,Beverages,QUICK-Stop,Germany,Janet,Leverling,Sales Representative,156.75
11021,20,81.0,15,0.0,QUICK,3,2026-04-14,Sir Rodney's Marmalade,3,0,Confections,QUICK-Stop,Germany,Janet,Leverling,Sales Representative,1215.0
11021,26,31.23,63,0.0,QUICK,3,2026-04-14,Gumbär Gummibärchen,3,0,Confections,QUICK-Stop,Germany,Janet,Leverling,Sales Representative,1967.49
11021,51,53.0,44,0.25,QUICK,3,2026-04-14,Manjimup Dried Apples,7,0,Produce,QUICK-Stop,Germany,Janet,Leverling,Sales Representative,1749.0
11021,72,34.8,35,0.0,QUICK,3,2026-04-14,Mozzarella di Giovanni,4,0,Dairy Products,QUICK-Stop,Germany,Janet,Leverling,Sales Representative,1218.0
11022,19,9.2,35,0.0,HANAR,9,2026-04-14,Teatime Chocolate Biscuits,3,0,Confections,Hanari Carnes,Brazil,Anne,Dodsworth,Sales Representative,322.0
11022,69,36.0,30,0.0,HANAR,9,2026-04-14,Gudbrandsdalsost,4,0,Dairy Products,Hanari Carnes,Brazil,Anne,Dodsworth,Sales Representative,1080.0
11023,7,30.0,4,0.0,BSBEV,1,2026-04-14,Uncle Bob's Organic Dried Pears,7,0,Produce,B's Beverages,UK,Nancy,Davolio,Sales Representative,120.0
11023,43,46.0,30,0.0,BSBEV,1,2026-04-14,Ipoh Coffee,1,0,Beverages,B's Beverages,UK,Nancy,Davolio,Sales Representative,1380.0
11024,26,31.23,12,0.0,EASTC,4,2026-04-15,Gumbär Gummibärchen,3,0,Confections,Eastern Connection,UK,Margaret,Peacock,Sales Representative,374.76
11024,33,2.5,30,0.0,EASTC,4,2026-04-15,Geitost,4,0,Dairy Products,Eastern Connection,UK,Margaret,Peacock,Sales Representative,75.0
11024,65,21.05,21,0.0,EASTC,4,2026-04-15,Louisiana Fiery Hot Pepper Sauce,2,0,Condiments,Eastern Connection,UK,Margaret,Peacock,Sales Representative,442.05
11024,71,21.5,50,0.0,EASTC,4,2026-04-15,Flotemysost,4,0,Dairy Products,Eastern Connection,UK,Margaret,Peacock,Sales Representative,1075.0
11025,1,18.0,10,0.1,WARTH,6,2026-04-15,Chai,1,0,Beverages,Wartian Herkku,Finland,Michael,Suyama,Sales Representative,162.0
11025,13,6.0,20,0.1,WARTH,6,2026-04-15,Konbu,8,0,Seafood,Wartian Herkku,Finland,Michael,Suyama,Sales Representative,108.0
11026,18,62.5,8,0.0,FRANS,4,2026-04-15,Carnarvon Tigers,8,0,Seafood,Franchi S.p.A.,Italy,Margaret,Peacock,Sales Representative,500.0
11026,51,53.0,10,0.0,FRANS,4,2026-04-15,Manjimup Dried Apples,7,0,Produce,Franchi S.p.A.,Italy,Margaret,Peacock,Sales Representative,530.0
11027,24,4.5,30,0.25,BOTTM,1,2026-04-16,Guaraná Fantástica,1,1,Beverages,Bottom-Dollar Markets,Canada,Nancy,Davolio,Sales Representative,101.25
11027,62,49.3,21,0.25,BOTTM,1,2026-04-16,Tarte au sucre,3,0,Confections,Bottom-Dollar Markets,Canada,Nancy,Davolio,Sales Representative,776.4749999999999
11028,55,24.0,35,0.0,KOENE,2,2026-04-16,Pâté chinois,6,0,Meat/Poultry,Königlich Essen,Germany,Andrew,Fuller,Vice President Sales,840.0
11028,59,55.0,24,0.0,KOENE,2,2026-04-16,Raclette Courdavault,4,0,Dairy Products,Königlich Essen,Germany,Andrew,Fuller,Vice President Sales,1320.0
11029,56,38.0,20,0.0,CHOPS,4,2026-04-16,Gnocchi di nonna Alice,5,0,Grains/Cereals,Chop-suey Chinese,Switzerland,Margaret,Peacock,Sales Representative,760.0
11029,63,43.9,12,0.0,CHOPS,4,2026-04-16,Vegie-spread,2,0,Condiments,Chop-suey Chinese,Switzerland,Margaret,Peacock,Sales Representative,526.8
11030,2,19.0,100,0.25,SAVEA,7,2026-04-17,Chang,1,0,Beverages,Save-a-lot Markets,USA,Robert,King,Sales Representative,1425.0
11030,5,21.35,70,0.0,SAVEA,7,2026-04-17,Chef Anton's Gumbo Mix,2,1,Condiments,Save-a-lot Markets,USA,Robert,King,Sales Representative,1494.5
11030,29,123.79,60,0.25,SAVEA,7,2026-04-17,Thüringer Rostbratwurst,6,1,Meat/Poultry,Save-a-lot Markets,USA,Robert,King,Sales Representative,5570.55
11030,59,55.0,100,0.25,SAVEA,7,2026-04-17,Raclette Courdavault,4,0,Dairy Products,Save-a-lot Markets,USA,Robert,King,Sales Representative,4125.0
11031,1,18.0,45,0.0,SAVEA,6,2026-04-17,Chai,1,0,Beverages,Save-a-lot Markets,USA,Michael,Suyama,Sales Representative,810.0
11031,13,6.0,80,0.0,SAVEA,6,2026-04-17,Konbu,8,0,Seafood,Save-a-lot Markets,USA,Michael,Suyama,Sales Representative,480.0
11031,24,4.5,21,0.0,SAVEA,6,2026-04-17,Guaraná Fantástica,1,1,Beverages,Save-a-lot Markets,USA,Michael,Suyama,Sales Representative,94.5
11031,64,33.25,20,0.0,SAVEA,6,2026-04-17,Wimmers gute Semmelknödel,5,0,Grains/Cereals,Save-a-lot Markets,USA,Michael,Suyama,Sales Representative,665.0
11031,71,21.5,16,0.0,SAVEA,6,2026-04-17,Flotemysost,4,0,Dairy Products,Save-a-lot Markets,USA,Michael,Suyama,Sales Representative,344.0
11032,36,19.0,35,0.0,WHITC,2,2026-04-17,Inlagd Sill,8,0,Seafood,White Clover Markets,USA,Andrew,Fuller,Vice President Sales,665.0
11032,38,263.5,25,0.0,WHITC,2,2026-04-17,Côte de Blaye,1,0,Beverages,White Clover Markets,USA,Andrew,Fuller,Vice President Sales,6587.5
11032,59,55.0,30,0.0,WHITC,2,2026-04-17,Raclette Courdavault,4,0,Dairy Products,White Clover Markets,USA,Andrew,Fuller,Vice President Sales,1650.0
11033,53,32.8,70,0.1,RICSU,7,2026-04-17,Perth Pasties,6,1,Meat/Poultry,Richter Supermarkt,Switzerland,Robert,King,Sales Representative,2066.4
11033,69,36.0,36,0.1,RICSU,7,2026-04-17,Gudbrandsdalsost,4,0,Dairy Products,Richter Supermarkt,Switzerland,Robert,King,Sales Representative,1166.4
11034,21,10.0,15,0.1,OLDWO,8,2026-04-20,Sir Rodney's Scones,3,0,Confections,Old World Delicatessen,USA,Laura,Callahan,Inside Sales Coordinator,135.0
11034,44,19.45,12,0.0,OLDWO,8,2026-04-20,Gula Malacca,2,0,Condiments,Old World Delicatessen,USA,Laura,Callahan,Inside Sales Coordinator,233.39999999999998
11034,61,28.5,6,0.0,OLDWO,8,2026-04-20,Sirop d'érable,2,0,Condiments,Old World Delicatessen,USA,Laura,Callahan,Inside Sales Coordinator,171.0
11035,1,18.0,10,0.0,SUPRD,2,2026-04-20,Chai,1,0,Beverages,Suprêmes délices,Belgium,Andrew,Fuller,Vice President Sales,180.0
11035,35,18.0,60,0.0,SUPRD,2,2026-04-20,Steeleye Stout,1,0,Beverages,Suprêmes délices,Belgium,Andrew,Fuller,Vice President Sales,1080.0
11035,42,14.0,30,0.0,SUPRD,2,2026-04-20,Singaporean Hokkien Fried Mee,5,1,Grains/Cereals,Suprêmes délices,Belgium,Andrew,Fuller,Vice President Sales,420.0
11035,54,7.45,10,0.0,SUPRD,2,2026-04-20,Tourtière,6,0,Meat/Poultry,Suprêmes délices,Belgium,Andrew,Fuller,Vice President Sales,74.5
11036,13,6.0,7,0.0,DRACD,8,2026-04-20,Konbu,8,0,Seafood,Drachenblut Delikatessen,Germany,Laura,Callahan,Inside Sales Coordinator,42.0
11036,59,55.0,30,0.0,DRACD,8,2026-04-20,Raclette Courdavault,4,0,Dairy Products,Drachenblut Delikatessen,Germany,Laura,Callahan,Inside Sales Coordinator,1650.0
11037,70,15.0,4,0.0,GODOS,7,2026-04-21,Outback Lager,1,0,Beverages,Godos Cocina Típica,Spain,Robert,King,Sales Representative,60.0
11038,40,18.4,5,0.2,SUPRD,1,2026-04-21,Boston Crab Meat,8,0,Seafood,Suprêmes délices,Belgium,Nancy,Davolio,Sales Representative,73.60000000000001
11038,52,7.0,2,0.0,SUPRD,1,2026-04-21,Filo Mix,5,0,Grains/Cereals,Suprêmes délices,Belgium,Nancy,Davolio,Sales Representative,14.0
11038,71,21.5,30,0.0,SUPRD,1,2026-04-21,Flotemysost,4,0,Dairy Products,Suprêmes délices,Belgium,Nancy,Davolio,Sales Representative,645.0
11039,28,45.6,20,0.0,LINOD,1,2026-04-21,Rössle Sauerkraut,7,1,Produce,LINO-Delicateses,Venezuela,Nancy,Davolio,Sales Representative,912.0
11039,35,18.0,24,0.0,LINOD,1,2026-04-21,Steeleye Stout,1,0,Beverages,LINO-Delicateses,Venezuela,Nancy,Davolio,Sales Representative,432.0
11039,49,20.0,60,0.0,LINOD,1,2026-04-21,Maxilaku,3,0,Confections,LINO-Delicateses,Venezuela,Nancy,Davolio,Sales Representative,1200.0
11039,57,19.5,28,0.0,LINOD,1,2026-04-21,Ravioli Angelo,5,0,Grains/Cereals,LINO-Delicateses,Venezuela,Nancy,Davolio,Sales Representative,546.0
11040,21,10.0,20,0.0,GREAL,4,2026-04-22,Sir Rodney's Scones,3,0,Confections,Great Lakes Food Market,USA,Margaret,Peacock,Sales Representative,200.0
11041,2,19.0,30,0.2,CHOPS,3,2026-04-22,Chang,1,0,Beverages,Chop-suey Chinese,Switzerland,Janet,Leverling,Sales Representative,456.0
11041,63,43.9,30,0.0,CHOPS,3,2026-04-22,Vegie-spread,2,0,Condiments,Chop-suey Chinese,Switzerland,Janet,Leverling,Sales Representative,1317.0
11042,44,19.45,15,0.0,COMMI,2,2026-04-22,Gula Malacca,2,0,Condiments,Comércio Mineiro,Brazil,Andrew,Fuller,Vice President Sales,291.75
11042,61,28.5,4,0.0,COMMI,2,2026-04-22,Sirop d'érable,2,0,Condiments,Comércio Mineiro,Brazil,Andrew,Fuller,Vice President Sales,114.0
11043,11,21.0,10,0.0,SPECD,5,2026-04-22,Queso Cabrales,4,0,Dairy Products,Spécialités du monde,France,Steven,Buchanan,Sales Manager,210.0
11044,62,49.3,12,0.0,WOLZA,4,2026-04-23,Tarte au sucre,3,0,Confections,Wolski  Zajazd,Poland,Margaret,Peacock,Sales Representative,591.5999999999999
11045,33,2.5,15,0.0,BOTTM,6,2026-04-23,Geitost,4,0,Dairy Products,Bottom-Dollar Markets,Canada,Michael,Suyama,Sales Representative,37.5
11045,51,53.0,24,0.0,BOTTM,6,2026-04-23,Manjimup Dried Apples,7,0,Produce,Bottom-Dollar Markets,Canada,Michael,Suyama,Sales Representative,1272.0
11046,12,38.0,20,0.05,WANDK,8,2026-04-23,Queso Manchego La Pastora,4,0,Dairy Products,Die Wandernde Kuh,Germany,Laura,Callahan,Inside Sales Coordinator,722.0
11046,32,32.0,15,0.05,WANDK,8,2026-04-23,Mascarpone Fabioli,4,0,Dairy Products,Die Wandernde Kuh,Germany,Laura,Callahan,Inside Sales Coordinator,456.0
11046,35,18.0,18,0.05,WANDK,8,2026-04-23,Steeleye Stout,1,0,Beverages,Die Wandernde Kuh,Germany,Laura,Callahan,Inside Sales Coordinator,307.8
11047,1,18.0,25,0.25,EASTC,7,2026-04-24,Chai,1,0,Beverages,Eastern Connection,UK,Robert,King,Sales Representative,337.5
11047,5,21.35,30,0.25,EASTC,7,2026-04-24,Chef Anton's Gumbo Mix,2,1,Condiments,Eastern Connection,UK,Robert,King,Sales Representative,480.375
11048,68,12.5,42,0.0,BOTTM,7,2026-04-24,Scottish Longbreads,3,0,Confections,Bottom-Dollar Markets,Canada,Robert,King,Sales Representative,525.0
11049,2,19.0,10,0.2,GOURL,3,2026-04-24,Chang,1,0,Beverages,Gourmet Lanchonetes,Brazil,Janet,Leverling,Sales Representative,152.0
11049,12,38.0,4,0.2,GOURL,3,2026-04-24,Queso Manchego La Pastora,4,0,Dairy Products,Gourmet Lanchonetes,Brazil,Janet,Leverling,Sales Representative,121.60000000000001
11050,76,18.0,50,0.1,FOLKO,8,2026-04-27,Lakkalikööri,1,0,Beverages,Folk och fä HB,Sweden,Laura,Callahan,Inside Sales Coordinator,810.0
11051,24,4.5,10,0.2,LAMAI,7,2026-04-27,Guaraná Fantástica,1,1,Beverages,La maison d'Asie,France,Robert,King,Sales Representative,36.0
11052,43,46.0,30,0.2,HANAR,3,2026-04-27,Ipoh Coffee,1,0,Beverages,Hanari Carnes,Brazil,Janet,Leverling,Sales Representative,1104.0
11052,61,28.5,10,0.2,HANAR,3,2026-04-27,Sirop d'érable,2,0,Condiments,Hanari Carnes,Brazil,Janet,Leverling,Sales Representative,228.0
11053,18,62.5,35,0.2,PICCO,2,2026-04-27,Carnarvon Tigers,8,0,Seafood,Piccolo und mehr,Austria,Andrew,Fuller,Vice President Sales,1750.0
11053,32,32.0,20,0.0,PICCO,2,2026-04-27,Mascarpone Fabioli,4,0,Dairy Products,Piccolo und mehr,Austria,Andrew,Fuller,Vice President Sales,640.0
11053,64,33.25,25,0.2,PICCO,2,2026-04-27,Wimmers gute Semmelknödel,5,0,Grains/Cereals,Piccolo und mehr,Austria,Andrew,Fuller,Vice President Sales,665.0
11054,33,2.5,10,0.0,CACTU,8,2026-04-28,Geitost,4,0,Dairy Products,Cactus Comidas para llevar,Argentina,Laura,Callahan,Inside Sales Coordinator,25.0
11054,67,14.0,20,0.0,CACTU,8,2026-04-28,Laughing Lumberjack Lager,1,0,Beverages,Cactus Comidas para llevar,Argentina,Laura,Callahan,Inside Sales Coordinator,280.0
11055,24,4.5,15,0.0,HILAA,7,2026-04-28,Guaraná Fantástica,1,1,Beverages,HILARION-Abastos,Venezuela,Robert,King,Sales Representative,67.5
11055,25,14.0,15,0.0,HILAA,7,2026-04-28,NuNuCa Nuß-Nougat-Creme,3,0,Confections,HILARION-Abastos,Venezuela,Robert,King,Sales Representative,210.0
11055,51,53.0,20,0.0,HILAA,7,2026-04-28,Manjimup Dried Apples,7,0,Produce,HILARION-Abastos,Venezuela,Robert,King,Sales Representative,1060.0
11055,57,19.5,20,0.0,HILAA,7,2026-04-28,Ravioli Angelo,5,0,Grains/Cereals,HILARION-Abastos,Venezuela,Robert,King,Sales Representative,390.0
11056,7,30.0,40,0.0,EASTC,8,2026-04-28,Uncle Bob's Organic Dried Pears,7,0,Produce,Eastern Connection,UK,Laura,Callahan,Inside Sales Coordinator,1200.0
11056,55,24.0,35,0.0,EASTC,8,2026-04-28,Pâté chinois,6,0,Meat/Poultry,Eastern Connection,UK,Laura,Callahan,Inside Sales Coordinator,840.0
11056,60,34.0,50,0.0,EASTC,8,2026-04-28,Camembert Pierrot,4,0,Dairy Products,Eastern Connection,UK,Laura,Callahan,Inside Sales Coordinator,1700.0
11057,70,15.0,3,0.0,NORTS,3,2026-04-29,Outback Lager,1,0,Beverages,North/South,UK,Janet,Leverling,Sales Representative,45.0
11058,21,10.0,3,0.0,BLAUS,9,2026-04-29,Sir Rodney's Scones,3,0,Confections,Blauer See Delikatessen,Germany,Anne,Dodsworth,Sales Representative,30.0
11058,60,34.0,21,0.0,BLAUS,9,2026-04-29,Camembert Pierrot,4,0,Dairy Products,Blauer See Delikatessen,Germany,Anne,Dodsworth,Sales Representative,714.0
11058,61,28.5,4,0.0,BLAUS,9,2026-04-29,Sirop d'érable,2,0,Condiments,Blauer See Delikatessen,Germany,Anne,Dodsworth,Sales Representative,114.0
11059,13,6.0,30,0.0,RICAR,2,2026-04-29,Konbu,8,0,Seafood,Ricardo Adocicados,Brazil,Andrew,Fuller,Vice President Sales,180.0
11059,17,39.0,12,0.0,RICAR,2,2026-04-29,Alice Mutton,6,1,Meat/Poultry,Ricardo Adocicados,Brazil,Andrew,Fuller,Vice President Sales,468.0
11059,60,34.0,35,0.0,RICAR,2,2026-04-29,Camembert Pierrot,4,0,Dairy Products,Ricardo Adocicados,Brazil,Andrew,Fuller,Vice President Sales,1190.0
11060,60,34.0,4,0.0,FRANS,2,2026-04-30,Camembert Pierrot,4,0,Dairy Products,Franchi S.p.A.,Italy,Andrew,Fuller,Vice President Sales,136.0
11060,77,13.0,10,0.0,FRANS,2,2026-04-30,Original Frankfurter grüne Soße,2,0,Condiments,Franchi S.p.A.,Italy,Andrew,Fuller,Vice President Sales,130.0
11061,60,34.0,15,0.0,GREAL,4,2026-04-30,Camembert Pierrot,4,0,Dairy Products,Great Lakes Food Market,USA,Margaret,Peacock,Sales Representative,510.0
11062,53,32.8,10,0.2,REGGC,4,2026-04-30,Perth Pasties,6,1,Meat/Poultry,Reggiani Caseifici,Italy,Margaret,Peacock,Sales Representative,262.40000000000003
11062,70,15.0,12,0.2,REGGC,4,2026-04-30,Outback Lager,1,0,Beverages,Reggiani Caseifici,Italy,Margaret,Peacock,Sales Representative,144.0
11063,34,14.0,30,0.0,HUNGO,3,2026-04-30,Sasquatch Ale,1,0,Beverages,Hungry Owl All-Night Grocers,Ireland,Janet,Leverling,Sales Representative,420.0
11063,40,18.4,40,0.1,HUNGO,3,2026-04-30,Boston Crab Meat,8,0,Seafood,Hungry Owl All-Night Grocers,Ireland,Janet,Leverling,Sales Representative,662.4
11063,41,9.65,30,0.1,HUNGO,3,2026-04-30,Jack's New England Clam Chowder,8,0,Seafood,Hungry Owl All-Night Grocers,Ireland,Janet,Leverling,Sales Representative,260.55
11064,17,39.0,77,0.1,SAVEA,1,2026-05-01,Alice Mutton,6,1,Meat/Poultry,Save-a-lot Markets,USA,Nancy,Davolio,Sales Representative,2702.7000000000003
11064,41,9.65,12,0.0,SAVEA,1,2026-05-01,Jack's New England Clam Chowder,8,0,Seafood,Save-a-lot Markets,USA,Nancy,Davolio,Sales Representative,115.80000000000001
11064,53,32.8,25,0.1,SAVEA,1,2026-05-01,Perth Pasties,6,1,Meat/Poultry,Save-a-lot Markets,USA,Nancy,Davolio,Sales Representative,737.9999999999999
11064,55,24.0,4,0.1,SAVEA,1,2026-05-01,Pâté chinois,6,0,Meat/Poultry,Save-a-lot Markets,USA,Nancy,Davolio,Sales Representative,86.4
11064,68,12.5,55,0.0,SAVEA,1,2026-05-01,Scottish Longbreads,3,0,Confections,Save-a-lot Markets,USA,Nancy,Davolio,Sales Representative,687.5
11065,30,25.89,4,0.25,LILAS,8,2026-05-01,Nord-Ost Matjeshering,8,0,Seafood,LILA-Supermercado,Venezuela,Laura,Callahan,Inside Sales Coordinator,77.67
11065,54,7.45,20,0.25,LILAS,8,2026-05-01,Tourtière,6,0,Meat/Poultry,LILA-Supermercado,Venezuela,Laura,Callahan,Inside Sales Coordinator,111.75
11066,16,17.45,3,0.0,WHITC,7,2026-05-01,Pavlova,3,0,Confections,White Clover Markets,USA,Robert,King,Sales Representative,52.349999999999994
11066,19,9.2,42,0.0,WHITC,7,2026-05-01,Teatime Chocolate Biscuits,3,0,Confections,White Clover Markets,USA,Robert,King,Sales Representative,386.4
11066,34,14.0,35,0.0,WHITC,7,2026-05-01,Sasquatch Ale,1,0,Beverages,White Clover Markets,USA,Robert,King,Sales Representative,490.0
11067,41,9.65,9,0.0,DRACD,1,2026-05-04,Jack's New England Clam Chowder,8,0,Seafood,Drachenblut Delikatessen,Germany,Nancy,Davolio,Sales Representative,86.85000000000001
11068,28,45.6,8,0.15,QUEEN,8,2026-05-04,Rössle Sauerkraut,7,1,Produce,Queen Cozinha,Brazil,Laura,Callahan,Inside Sales Coordinator,310.08
11068,43,46.0,36,0.15,QUEEN,8,2026-05-04,Ipoh Coffee,1,0,Beverages,Queen Cozinha,Brazil,Laura,Callahan,Inside Sales Coordinator,1407.6
11068,77,13.0,28,0.15,QUEEN,8,2026-05-04,Original Frankfurter grüne Soße,2,0,Condiments,Queen Cozinha,Brazil,Laura,Callahan,Inside Sales Coordinator,309.4
11069,39,18.0,20,0.0,TORTU,1,2026-05-04,Chartreuse verte,1,0,Beverages,Tortuga Restaurante,Mexico,Nancy,Davolio,Sales Representative,360.0
11070,1,18.0,40,0.15,LEHMS,2,2026-05-05,Chai,1,0,Beverages,Lehmanns Marktstand,Germany,Andrew,Fuller,Vice President Sales,612.0
11070,2,19.0,20,0.15,LEHMS,2,2026-05-05,Chang,1,0,Beverages,Lehmanns Marktstand,Germany,Andrew,Fuller,Vice President Sales,323.0
11070,16,17.45,30,0.15,LEHMS,2,2026-05-05,Pavlova,3,0,Confections,Lehmanns Marktstand,Germany,Andrew,Fuller,Vice President Sales,444.97499999999997
11070,31,12.5,20,0.0,LEHMS,2,2026-05-05,Gorgonzola Telino,4,0,Dairy Products,Lehmanns Marktstand,Germany,Andrew,Fuller,Vice President Sales,250.0
11071,7,30.0,15,0.05,LILAS,1,2026-05-05,Uncle Bob's Organic Dried Pears,7,0,Produce,LILA-Supermercado,Venezuela,Nancy,Davolio,Sales Representative,427.5
11071,13,6.0,10,0.05,LILAS,1,2026-05-05,Konbu,8,0,Seafood,LILA-Supermercado,Venezuela,Nancy,Davolio,Sales Representative,57.0
11072,2,19.0,8,0.0,ERNSH,4,2026-05-05,Chang,1,0,Beverages,Ernst Handel,Austria,Margaret,Peacock,Sales Representative,152.0
11072,41,9.65,40,0.0,ERNSH,4,2026-05-05,Jack's New England Clam Chowder,8,0,Seafood,Ernst Handel,Austria,Margaret,Peacock,Sales Representative,386.0
11072,50,16.25,22,0.0,ERNSH,4,2026-05-05,Valkoinen suklaa,3,0,Confections,Ernst Handel,Austria,Margaret,Peacock,Sales Representative,357.5
11072,64,33.25,130,0.0,ERNSH,4,2026-05-05,Wimmers gute Semmelknödel,5,0,Grains/Cereals,Ernst Handel,Austria,Margaret,Peacock,Sales Representative,4322.5
11073,11,21.0,10,0.0,PERIC,2,2026-05-05,Queso Cabrales,4,0,Dairy Products,Pericles Comidas clásicas,Mexico,Andrew,Fuller,Vice President Sales,210.0
11073,24,4.5,20,0.0,PERIC,2,2026-05-05,Guaraná Fantástica,1,1,Beverages,Pericles Comidas clásicas,Mexico,Andrew,Fuller,Vice President Sales,90.0
11074,16,17.45,14,0.05,SIMOB,7,2026-05-06,Pavlova,3,0,Confections,Simons bistro,Denmark,Robert,King,Sales Representative,232.08499999999998
11075,2,19.0,10,0.15,RICSU,8,2026-05-06,Chang,1,0,Beverages,Richter Supermarkt,Switzerland,Laura,Callahan,Inside Sales Coordinator,161.5
11075,46,12.0,30,0.15,RICSU,8,2026-05-06,Spegesild,8,0,Seafood,Richter Supermarkt,Switzerland,Laura,Callahan,Inside Sales Coordinator,306.0
11075,76,18.0,2,0.15,RICSU,8,2026-05-06,Lakkalikööri,1,0,Beverages,Richter Supermarkt,Switzerland,Laura,Callahan,Inside Sales Coordinator,30.599999999999998
11076,6,25.0,20,0.25,BONAP,4,2026-05-06,Grandma's Boysenberry Spread,2,0,Condiments,Bon app',France,Margaret,Peacock,Sales Representative,375.0
11076,14,23.25,20,0.25,BONAP,4,2026-05-06,Tofu,7,0,Produce,Bon app',France,Margaret,Peacock,Sales Representative,348.75
11076,19,9.2,10,0.25,BONAP,4,2026-05-06,Teatime Chocolate Biscuits,3,0,Confections,Bon app',France,Margaret,Peacock,Sales Representative,69.0
11077,2,19.0,24,0.2,RATTC,1,2026-05-06,Chang,1,0,Beverages,Rattlesnake Canyon Grocery,USA,Nancy,Davolio,Sales Representative,364.8
11077,3,10.0,4,0.0,RATTC,1,2026-05-06,Aniseed Syrup,2,0,Condiments,Rattlesnake Canyon Grocery,USA,Nancy,Davolio,Sales Representative,40.0
11077,4,22.0,1,0.0,RATTC,1,2026-05-06,Chef Anton's Cajun Seasoning,2,0,Condiments,Rattlesnake Canyon Grocery,USA,Nancy,Davolio,Sales Representative,22.0
11077,6,25.0,1,0.02,RATTC,1,2026-05-06,Grandma's Boysenberry Spread,2,0,Condiments,Rattlesnake Canyon Grocery,USA,Nancy,Davolio,Sales Representative,24.5
11077,7,30.0,1,0.05,RATTC,1,2026-05-06,Uncle Bob's Organic Dried Pears,7,0,Produce,Rattlesnake Canyon Grocery,USA,Nancy,Davolio,Sales Representative,28.5
11077,8,40.0,2,0.1,RATTC,1,2026-05-06,Northwoods Cranberry Sauce,2,0,Condiments,Rattlesnake Canyon Grocery,USA,Nancy,Davolio,Sales Representative,72.0
11077,10,31.0,1,0.0,RATTC,1,2026-05-06,Ikura,8,0,Seafood,Rattlesnake Canyon Grocery,USA,Nancy,Davolio,Sales Representative,31.0
11077,12,38.0,2,0.05,RATTC,1,2026-05-06,Queso Manchego La Pastora,4,0,Dairy Products,Rattlesnake Canyon Grocery,USA,Nancy,Davolio,Sales Representative,72.2
11077,13,6.0,4,0.0,RATTC,1,2026-05-06,Konbu,8,0,Seafood,Rattlesnake Canyon Grocery,USA,Nancy,Davolio,Sales Representative,24.0
11077,14,23.25,1,0.03,RATTC,1,2026-05-06,Tofu,7,0,Produce,Rattlesnake Canyon Grocery,USA,Nancy,Davolio,Sales Representative,22.5525
11077,16,17.45,2,0.03,RATTC,1,2026-05-06,Pavlova,3,0,Confections,Rattlesnake Canyon Grocery,USA,Nancy,Davolio,Sales Representative,33.852999999999994
11077,20,81.0,1,0.04,RATTC,1,2026-05-06,Sir Rodney's Marmalade,3,0,Confections,Rattlesnake Canyon Grocery,USA,Nancy,Davolio,Sales Representative,77.75999999999999
11077,23,9.0,2,0.0,RATTC,1,2026-05-06,Tunnbröd,5,0,Grains/Cereals,Rattlesnake Canyon Grocery,USA,Nancy,Davolio,Sales Representative,18.0
11077,32,32.0,1,0.0,RATTC,1,2026-05-06,Mascarpone Fabioli,4,0,Dairy Products,Rattlesnake Canyon Grocery,USA,Nancy,Davolio,Sales Representative,32.0
11077,39,18.0,2,0.05,RATTC,1,2026-05-06,Chartreuse verte,1,0,Beverages,Rattlesnake Canyon Grocery,USA,Nancy,Davolio,Sales Representative,34.199999999999996
11077,41,9.65,3,0.0,RATTC,1,2026-05-06,Jack's New England Clam Chowder,8,0,Seafood,Rattlesnake Canyon Grocery,USA,Nancy,Davolio,Sales Representative,28.950000000000003
11077,46,12.0,3,0.02,RATTC,1,2026-05-06,Spegesild,8,0,Seafood,Rattlesnake Canyon Grocery,USA,Nancy,Davolio,Sales Representative,35.28
11077,52,7.0,2,0.0,RATTC,1,2026-05-06,Filo Mix,5,0,Grains/Cereals,Rattlesnake Canyon Grocery,USA,Nancy,Davolio,Sales Representative,14.0
11077,55,24.0,2,0.0,RATTC,1,2026-05-06,Pâté chinois,6,0,Meat/Poultry,Rattlesnake Canyon Grocery,USA,Nancy,Davolio,Sales Representative,48.0
11077,60,34.0,2,0.06,RATTC,1,2026-05-06,Camembert Pierrot,4,0,Dairy Products,Rattlesnake Canyon Grocery,USA,Nancy,Davolio,Sales Representative,63.919999999999995
11077,64,33.25,2,0.03,RATTC,1,2026-05-06,Wimmers gute Semmelknödel,5,0,Grains/Cereals,Rattlesnake Canyon Grocery,USA,Nancy,Davolio,Sales Representative,64.505
11077,66,17.0,1,0.0,RATTC,1,2026-05-06,Louisiana Hot Spiced Okra,2,0,Condiments,Rattlesnake Canyon Grocery,USA,Nancy,Davolio,Sales Representative,17.0
11077,73,15.0,2,0.01,RATTC,1,2026-05-06,Röd Kaviar,8,0,Seafood,Rattlesnake Canyon Grocery,USA,Nancy,Davolio,Sales Representative,29.7
11077,75,7.75,4,0.0,RATTC,1,2026-05-06,Rhönbräu Klosterbier,1,0,Beverages,Rattlesnake Canyon Grocery,USA,Nancy,Davolio,Sales Representative,31.0
11077,77,13.0,2,0.0,RATTC,1,2026-05-06,Original Frankfurter grüne Soße,2,0,Condiments,Rattlesnake Canyon Grocery,USA,Nancy,Davolio,Sales Representative,26.0
